freq_hz,s11_re,s11_im,s21_re,s21_im,s21_db
10000000.0,-0.9983089644608915,0.05812854969989399,-3.093328615964463e-05,-0.0005312531799406578,-65.47926979593439
10122500.0,-0.9982628366135502,0.05891521704970363,-3.260287138785659e-05,-0.0005524249337133215,-65.13943395462046
10245000.0,-0.998215910966612,0.059704808843345517,-3.434423761694588e-05,-0.0005742077581925711,-64.80311007652406
10367500.0,-0.99816817749128,0.06049737339642964,-3.615982195434647e-05,-0.0005966140602842985,-64.47020627094497
10490000.0,-0.9981196259394787,0.061292959565772805,-3.805213110934223e-05,-0.0006196564685100597,-64.14063382526365
10612500.0,-0.9980702458392785,0.062091616760887466,-4.0023743415068396e-05,-0.0006433478384613184,-63.81430705622644
10735000.0,-0.9980200264901882,0.06289339495569955,-4.207731091719746e-05,-0.0006677012583880511,-63.49114316974771
10857500.0,-0.9979689569583169,0.06369834470050185,-4.421556153164234e-05,-0.0006927300549257717,-63.17106212864873
10980000.0,-0.9979170260714,0.06450651713414934,-4.644130127370166e-05,-0.0007184477989651647,-62.85398652779839
11102500.0,-0.997864222413683,0.0653179639965025,-4.875741656116607e-05,-0.0007448683116686428,-62.53984147616275
11225000.0,-0.9978105343206621,0.06613273764112647,-5.116687659400638e-05,-0.0007720056706383045,-62.228554485308
11347500.0,-0.9977559498736758,0.06695089104825203,-5.367273581336439e-05,-0.0007998742162398807,-61.920055363936015
11470000.0,-0.9977004568943413,0.067772477838006,-5.627813644267812e-05,-0.0008284885580874322,-61.6142761180636
11592500.0,-0.9976440429388357,0.0685975522839187,-5.898631111388512e-05,-0.0008578635816937143,-61.31115085648499
11715000.0,-0.9975866952920098,0.06942616932671576,-6.18005855817637e-05,-0.0008880144552912657,-61.010615701184
11837500.0,-0.9975284009613371,0.07025838458840192,-6.47243815295955e-05,-0.0009189566368294644,-60.712608702386525
11960000.0,-0.9974691466706886,0.07109425438664588,-6.776121946946194e-05,-0.0009507058811529682,-60.41706975796597
12082500.0,-0.9974089188539265,0.07193383574947304,-7.09147217406165e-05,-0.0009832782473671092,-60.12394053693533
12205000.0,-0.9973477036483162,0.07277718643027616,-7.418861560951898e-05,-0.0010166901063960328,-59.83316440677781
12327500.0,-0.9972854868877468,0.07362436492315184,-7.758673647525952e-05,-0.0010509581487395468,-59.54468636438544
12450000.0,-0.9972222540957542,0.07447543047857218,-8.111303118425293e-05,-0.0010860993924348332,-59.2584529703914
12572500.0,-0.9971579904783427,0.07533044311940114,-8.47715614582433e-05,-0.0011221311912294142,-58.974412286695895
12695000.0,-0.9970926809165964,0.07618946365726488,-8.856650743982248e-05,-0.0011590712429719505,-58.69251381699924
12817500.0,-0.997026309959076,0.07705255370928688,-9.250217135984056e-05,-0.0011969375982276904,-58.41270845016857
12940000.0,-0.9969588618139908,0.07791977571519663,-9.658298133126541e-05,-0.0012357486691256102,-58.13494840627576
13062500.0,-0.9968903203411412,0.07879119295482422,-0.00010081349527423818,-0.0012755232384445325,-57.85918718515493
13185000.0,-0.9968206690436241,0.07966686956599027,-0.00010519840497726767,-0.0013162804689457563,-57.585379517337984
13307500.0,-0.996749891059291,0.08054687056280349,-0.00010974254029971433,-0.001358039912960001,-57.313481317235585
13430000.0,-0.9966779691519545,0.08143126185437691,-0.00011445087352092693,-0.001400821522236713,-57.04344963843958
13552500.0,-0.9966048857023293,0.08232011026397448,-0.00011932852384162206,-0.0014446456580640848,-56.77524263103066
13675000.0,-0.9965306226987066,0.08321348354860174,-0.00012438076204333485,-0.0014895331016684362,-56.50881950078231
13797500.0,-0.9964551617273432,0.08411145041905141,-0.00012961301531200762,-0.0015355050649018605,-56.24414047015924
13920000.0,-0.996378483962566,0.08501408056041863,-0.0001350308722320494,-0.001582583201227411,-55.98116674101415
14042500.0,-0.9963005701565743,0.08592144465309857,-0.0001406400879574642,-0.0016307896170113946,-55.719860458893166
14165000.0,-0.9962214006289328,0.0868336143942808,-0.00014644658956692835,-0.0016801468831326792,-55.460184678865296
14287500.0,-0.996140955255745,0.08775066251995446,-0.00015245648160999261,-0.0017306780469192836,-55.2021033327967
14410000.0,-0.9960592134584949,0.08867266282743992,-0.00015867605185189616,-0.0017824066444228847,-54.94558119799481
14532500.0,-0.9959761541925474,0.08959969019846158,-0.00016511177722479875,-0.0018353567130422429,-54.69058386715231
14655000.0,-0.9958917559352911,0.09053182062277798,-0.00017177032999357922,-0.0018895528045069475,-54.43707771952465
14777500.0,-0.9958059966739197,0.09146913122238629,-0.0001786585841447044,-0.0019450199982333158,-54.18502989327882
14900000.0,-0.9957188538928263,0.09241170027631694,-0.00018578362200703975,-0.0020017839150646604,-53.934408258954576
15022500.0,-0.9956303045606105,0.09335960724603688,-0.00019315274111386652,-0.002059870731408622,-53.685181393982916
15145000.0,-0.9955403251166771,0.09431293280148019,-0.00020077346131578186,-0.0021193071937847434,-53.43731855820916
15267500.0,-0.9954488914574104,0.09527175884772261,-0.00020865353215457173,-0.0021801206337958416,-53.19078967037172
15390000.0,-0.9953559789219154,0.09623616855232202,-0.00021680094050861737,-0.002242338983537391,-52.945565285489664
15512500.0,-0.9952615622773046,0.09720624637334306,-0.000225223918520844,-0.00230599079145949,-52.7016165731151
15635000.0,-0.9951656157035177,0.09818207808808754,-0.00023393095182073118,-0.0023711052386966493,-52.45891529640879
15757500.0,-0.9950681127776531,0.09916375082255158,-0.00024293078805241153,-0.0024377121558811277,-52.21743379199949
15880000.0,-0.9949690264577988,0.10015135308163203,-0.0002522324457214312,-0.0025058420404561583,-51.977144950589924
16002500.0,-0.9948683290663395,0.10114497478010473,-0.00026184522337331455,-0.002575526074506004,-51.73802219827386
16125000.0,-0.994765992272724,0.10214470727439896,-0.00027177870911767785,-0.0026467961431204524,-51.50003947853097
16247500.0,-0.9946619870756702,0.10315064339519184,-0.00028204279051225405,-0.00271968485331195,-51.26317123486782
16370000.0,-0.9945562837847893,0.10416287748084847,-0.00029264766482186297,-0.0027942255535043405,-51.027392394074795
16492500.0,-0.9944488520016046,0.10518150541173422,-0.00030360384966804404,-0.0028704523536128403,-50.79267835007051
16615000.0,-0.9943396605999472,0.10620662464542638,-0.0003149221940858025,-0.0029484001457356587,-50.55900494830668
16737500.0,-0.9942286777056963,0.1072383342528529,-0.00032661389000467777,-0.003028104625478418,-50.32634847070768
16860000.0,-0.9941158706758513,0.10827673495538795,-0.00033869048417215365,-0.0031096023139333844,-50.09468562112027
16982500.0,-0.9940012060768967,0.10932192916293439,-0.0003511638905382691,-0.003192930580336326,-49.86399351125047
17105000.0,-0.9938846496624453,0.11037402101302374,-0.0003640464031211707,-0.00327812766542468,-49.634249647065396
17227500.0,-0.9937661663501226,0.11143311641096758,-0.00037735070937430255,-0.003365232705521744,-49.405431915638914
17350000.0,-0.9936457201976666,0.11249932307109219,-0.00039108990407687766,-0.00345428575737236,-49.177518572421334
17472500.0,-0.9935232743782145,0.1135727505590923,-0.0004052775037703411,-0.003545327823756781,-48.950488228913855
17595000.0,-0.9933987911547416,0.11465351033554055,-0.00041992746176460144,-0.003638400879910288,-48.724319840729784
17717500.0,-0.9932722318536173,0.11574171580058767,-0.00043505418373895166,-0.003733547900777259,-48.49899269602506
17840000.0,-0.9931435568372486,0.1168374823398953,-0.00045067254396382195,-0.0038308128891295875,-48.27448640428166
17962500.0,-0.993012725475772,0.11794092737183916,-0.0004667979021707509,-0.003930240904580415,-48.050780885427955
18085000.0,-0.9928796961177537,0.11905217039602535,-0.00048344612109931434,-0.004031878093525452,-47.82785635928125
18207500.0,-0.992744426059861,0.12017133304316245,-0.0005006335847511526,-0.004135771720045442,-47.6056933352977
18330000.0,-0.9926068715154648,0.12129853912633519,-0.00051837721738272,-0.004241970197804638,-47.38427260261621
18452500.0,-0.9924669875821244,0.1224339146937243,-0.0005366945032699344,-0.004350523122981536,-47.163575220382924
18575000.0,-0.9923247282079141,0.1235775880828232,-0.0005556035072795747,-0.004461481308269697,-46.94358250834371
18697500.0,-0.9921800461565431,0.12472968997619967,-0.0005751228962839809,-0.004574896817987834,-46.724276037692725
18820000.0,-0.9920328929712153,0.12589035345885466,-0.0005952719614574618,-0.004690823004340051,-46.50563762216529
18942500.0,-0.9918832189371815,0.12705971407723332,-0.0006160706414947514,-0.004809314544868794,-46.28764930936407
19065000.0,-0.9917309730429286,0.1282379098999435,-0.0006375395467938837,-0.004930427481144751,-46.0702933723079
19187500.0,-0.9915761029399425,0.1294250815802385,-0.0006596999846479963,-0.005054219258739714,-45.853552301193034
19310000.0,-0.9914185549009974,0.13062137242032754,-0.0006825739854928931,-0.005180748768530522,-45.637408795356926
19432500.0,-0.9912582737768928,0.1318269284375733,-0.0007061843302595334,-0.005310076389383879,-45.421845755435164
19555000.0,-0.9910952029515876,0.13304189843264402,-0.0007305545788831912,-0.005442264032274141,-45.20684627570246
19677500.0,-0.9909292842956495,0.1342664340596861,-0.0007557091000237042,-0.005577375185888282,-44.99239363658874
19800000.0,-0.9907604581179582,0.1355006898985893,-0.0007816731020540405,-0.0057154749637744065,-44.77847129736227
19922500.0,-0.9905886631155779,0.13674482352941544,-0.0008084726653774247,-0.005856630153092674,-44.565062888971255
20045000.0,-0.9904138363217254,0.13799899560906892,-0.0008361347761364203,-0.006000909265029878,-44.352152207036255
20167500.0,-0.9902359130517444,0.13926336995028507,-0.0008646873613807098,-0.006148382586941543,-44.13972320498588
20290000.0,-0.990054826847007,0.14053811360302207,-0.0008941593257638665,-0.006299122236288113,-43.92775998732813
20412500.0,-0.9898705094166397,0.14182339693833756,-0.0009245805898431291,-0.006453202216434539,-43.71624680305068
20535000.0,-0.9896828905769864,0.14311939373484286,-0.0009559821300602093,-0.006610698474385704,-43.50516803914267
20657500.0,-0.9894918981886996,0.14442628126782356,-0.0009883960204853015,-0.006771688960533023,-43.294508214231826
20780000.0,-0.9892974580913598,0.14574424040112507,-0.001021855476410954,-0.006936253690490868,-43.084251972330065
20902500.0,-0.989099494035502,0.14707345568190144,-0.001056394899887157,-0.00710447480910488,-42.874384076681395
21025000.0,-0.9888979276119423,0.14841411543833233,-0.0010920499272940084,-0.007276436656717724,-42.664889403705914
21147500.0,-0.9886926781782703,0.14976641188041598,-0.0011288574790535922,-0.0074522258377815315,-42.45575293703392
21270000.0,-0.9884836627823809,0.15113054120395056,-0.0011668558115883337,-0.007631931291910131,-42.24695976162435
21392500.0,-0.9882707960829116,0.1525067036978223,-0.0012060845716390604,-0.007815644367468365,-42.03849505796164
21515000.0,-0.9880539902664328,0.15389510385472074,-0.0012465848530622849,-0.008003458897799777,-41.83034409632565
21637500.0,-0.9878331549612442,0.15529595048540973,-0.0012883992562329567,-0.008195471280198619,-41.622492231129
21760000.0,-0.9876081971476153,0.15670945683668572,-0.0013315719501860368,-0.008391780557736624,-41.41492489531654
21882500.0,-0.9873790210643026,0.15813584071316286,-0.0013761487376378414,-0.008592488504060079,-41.20762759482159
22005000.0,-0.9871455281111597,0.15957532460302523,-0.0014221771230360377,-0.008797699711277317,-41.0005859030739
22127500.0,-0.9869076167476585,0.1610281358078995,-0.0014697063837958476,-0.0090075216810628,-40.79378545555411
22250000.0,-0.9866651823871225,0.16249450657700343,-0.0015187876448889929,-0.009222064919108978,-40.58721194438959
22372500.0,-0.986418117286457,0.16397467424572976,-0.001569473956961539,-0.009441443033063043,-40.380851112986946
22495000.0,-0.9861663104311646,0.16546888137883906,-0.001621820378167167,-0.009665772834092104,-40.174688750696035
22617500.0,-0.9859096474154053,0.16697737591843576,-0.0016758840599132216,-0.00989517444222644,-39.96871068750058
22740000.0,-0.9856480103168601,0.16850041133691182,-0.0017317243367285108,-0.010129771395637139,-39.76290278873079
22862500.0,-0.9853812775661359,0.17003824679505097,-0.0017894028204742893,-0.010369690764011816,-39.557250949792895
22985000.0,-0.9851093238104383,0.1715911473054931,-0.0018489834991329214,-0.010615063266199052,-39.351741090910934
23107500.0,-0.9848320197712216,0.17315938390176736,-0.0019105328404228341,-0.01086602339230005,-39.146359151876034
23230000.0,-0.9845492320955094,0.1747432338131123,-0.0019741199005033163,-0.011122709530394185,-38.9410910867983
23352500.0,-0.9842608232005595,0.1763429806453109,-0.0020398164380486905,-0.011385264098093399,-38.735922858856625
23475000.0,-0.983966651111536,0.17795891456777543,-0.0021076970339883217,-0.011653833679129135,-38.53084043504158
23597500.0,-0.9836665692918144,0.17959133250713166,-0.002177839217227225,-0.011928569165185098,-38.325829780886664
23720000.0,-0.9833604264655461,0.1812405383475593,-0.0022503235966812914,-0.012209625903198474,-38.120876855182836
23842500.0,-0.9830480664320673,0.18290684313815717,-0.002325233999981844,-0.012497163848362311,-37.9159676046719
23965000.0,-0.9827293278717222,0.18459056530761586,-0.002402657619226473,-0.01279134772307286,-37.711087958713364
24087500.0,-0.9824040441426465,0.18629203088648916,-0.002482685164176507,-0.01309234718207605,-37.50622382392015
24210000.0,-0.9820720430680183,0.18801157373737087,-0.002565411023326897,-0.013400336984079397,-37.301361078758
24332500.0,-0.9817331467132695,0.18974953579329604,-0.00265093343330117,-0.013715497170107527,-37.09648556810357
24455000.0,-0.9813871711527045,0.19150626730470005,-0.0027393546570530425,-0.01403801324889221,-36.891583097755955
24577500.0,-0.9810339262249524,0.19328212709528234,-0.0028307811713871056,-0.014368076389600876,-36.68663942889673
24700000.0,-0.980673215276631,0.19507748282713847,-0.0029253238643441857,-0.01470588362222181,-36.48164027249269
24822500.0,-0.9803048348935723,0.19689271127553903,-0.003023098243032302,-0.015051638045938205,-36.27657128363638
24945000.0,-0.9799285746189115,0.1987281986137482,-0.00312422465252207,-0.015405549045838416,-36.07141805581868
25067500.0,-0.9795442166573016,0.20058434070829903,-0.003228828506466286,-0.01576783251832592,-35.86616611512778
25190000.0,-0.979151535564468,0.20246154342515005,-0.00333704053014672,-0.016138711105608106,-35.66080091436891
25312500.0,-0.978750297921262,0.20436022294717637,-0.003448997016698255,-0.01651841443966091,-35.455307827098885
25435000.0,-0.9783402619913262,0.20628080610345945,-0.0035648400973104085,-0.01690717939608323,-35.249672141569555
25557500.0,-0.977921177361423,0.2082237307108688,-0.003684718026260519,-0.017305250358274644,-35.04387905457383
25680000.0,-0.9774927845634146,0.21018944592843994,-0.003808785481690413,-0.017712879492388037,-34.837913665188104
25802500.0,-0.9770548146768128,0.2121784126250818,-0.003937203883100834,-0.018130327033529573,-34.631760968404585
25925000.0,-0.9766069889107584,0.214191103761168,-0.004070141726604707,-0.01855786158369896,-34.42540584864672
26047500.0,-0.9761490181641987,0.2162280047845876,-0.004207774939052154,-0.018995760421984212,-34.218833073161086
26170000.0,-0.9756806025629551,0.2182896140418555,-0.0043502872522176534,-0.019444309827547777,-34.012027285278506
26292500.0,-0.9752014309722872,0.22037644320491093,-0.004497870598322887,-0.0199038054159634,-33.80497299753732
26415000.0,-0.9747111804834602,0.22248901771425447,-0.004650725528258735,-0.020374552489487694,-33.59765458466104
26537500.0,-0.9742095158727195,0.22462787723909994,-0.004809061653966054,-0.020856866401873415,-33.39005627638314
26660000.0,-0.9736960890309752,0.22679357615525117,-0.004973098116539544,-0.0213510729383582,-33.18216215011058
26782500.0,-0.9731705383623608,0.22898668404143308,-0.0051430640817309095,-0.0218575087114872,-32.9739561234181
26905000.0,-0.9726324881497311,0.2312077861948399,-0.00531919926464865,-0.022376521573454267,-32.76542194636497
27027500.0,-0.9720815478849951,0.23345748416669368,-0.005501754485582914,-0.022908471045674242,-32.55654319362512
27150000.0,-0.9715173115620578,0.23573639631863136,-0.005690992259024629,-0.023453728766325063,-32.3473032564219
27272500.0,-0.9709393569299688,0.2380451584007725,-0.005887187418100748,-0.02401267895662605,-32.13768533425825
27395000.0,-0.9703472447037047,0.24038442415234756,-0.006090627776812553,-0.024585718906647368,-31.92767242643228
27517500.0,-0.969740517729834,0.24275486592579962,-0.006301614832641823,-0.025173259481471935,-31.71724732332885
27640000.0,-0.9691187001040961,0.2451571753352966,-0.006520464512282746,-0.02577572564855926,-31.506392597476584
27762500.0,-0.9684812962377264,0.24759206393063007,-0.006747507963466337,-0.02639355702718799,-31.295090594359838
27885000.0,-0.9678277898691041,0.2500602638974953,-0.006983092396069842,-0.027027208460879002,-31.083323422974743
28007500.0,-0.9671576430170623,0.2525625287851833,-0.007227581975948887,-0.02767715061372719,-30.871072946118044
28130000.0,-0.9664702948719028,0.25509963426273546,-0.007481358775195367,-0.02834387059159255,-30.658320770397204
28252500.0,-0.9657651606198808,0.2576723789046436,-0.007744823782812442,-0.02902787258912421,-30.4450482359496
28375000.0,-0.9650416301965845,0.260281585007191,-0.008018397980109884,-0.029729678563608163,-30.231236405858787
28497500.0,-0.9642990669642812,0.2629280994365552,-0.008302523485462726,-0.030449828936646706,-30.016866055254937
28620000.0,-0.9635368063079337,0.2656127945098089,-0.008597664773444808,-0.03118888332468979,-29.80191766008632
28742500.0,-0.962754154144161,0.268336568909958,-0.008904309973748283,-0.03194742129944299,-29.58637138554878
28865000.0,-0.9619503853369739,0.2711003486361684,-0.009222972255736811,-0.03272604317918091,-29.370207074159044
28987500.0,-0.9611247420136246,0.2739050879903261,-0.009554191304952985,-0.03352537085198678,-29.153404233457906
29110000.0,-0.9602764317733805,0.27675177060106204,-0.00989853489841596,-0.03434604863192404,-28.935942023329048
29232500.0,-0.9594046257814414,0.27964141048635344,-0.01025660058610726,-0.0351887441491222,-28.717799242918485
29355000.0,-0.9585084567396112,0.2825750531557826,-0.010629017486653647,-0.036054149274720726,-28.49895431713974
29477500.0,-0.9575870167246209,0.2855537767534772,-0.01101644820588301,-0.03694298108156384,-28.27938528274956
29600000.0,-0.9566393548842749,0.28857869324269814,-0.011419590887655755,-0.03785598284146976,-28.05906977397867
29722500.0,-0.9556644749807636,0.2916509496329535,-0.011839181407168239,-0.0387939250598108,-27.837985007701942
29845000.0,-0.9546613327696025,0.2947717292504075,-0.012275995717789891,-0.03975760654802696,-27.61610776813238
29967500.0,-0.9536288332016837,0.297942253052216,-0.012730852363442052,-0.04074785553455706,-27.393414391023168
30090000.0,-0.9525658274348675,0.3011637809852525,-0.013204615169559746,-0.0417655308144993,-27.169880747362328
30212500.0,-0.9514711096403853,0.3044376133894847,-0.013698196126808036,-0.042811522938104356,-26.94548222654437
30335000.0,-0.9503434135880573,0.30776509244600214,-0.014212558482959152,-0.04388675543794848,-26.72019371900422
30457500.0,-0.9491814089929492,0.3111476036694055,-0.014748720059690456,-0.04499218609433267,-26.49398959829857
30580000.0,-0.9479836976045729,0.31458657744389473,-0.015307756812542048,-0.046128808238085975,-26.266843702621024
30702500.0,-0.9467488090180914,0.3180834906019693,-0.0158908066538951,-0.047297652089519686,-26.03872931573794
30825000.0,-0.9454751961851594,0.3216398680441363,-0.016499073560607518,-0.04849978613176203,-25.80961914733323
30947500.0,-0.9441612306000629,0.32525728439741775,-0.01713383198989093,-0.04973631851609524,-25.57948531275176
31070000.0,-0.9428051971346303,0.3289373657097246,-0.017796431629146695,-0.05100839849619608,-25.34829931213285
31192500.0,-0.9414052884930146,0.33268179117633195,-0.018488302507821342,-0.05231721788733691,-25.11603200892751
31315000.0,-0.9399595992548212,0.3364922948936792,-0.01921096050190899,-0.05366401254560724,-24.882653607795895
31437500.0,-0.9384661194722015,0.3403706676345687,-0.01996601326454843,-0.055050063861050116,-24.64813363188458
31560000.0,-0.9369227277833654,0.34431875863745537,-0.020755166619257446,-0.05647670025724117,-24.41244089948725
31682500.0,-0.9353271840015388,0.3483384774009315,-0.021580231455744028,-0.05794529868823648,-24.175543500097
31805000.0,-0.9336771211345786,0.35243179547262254,-0.02244313117196562,-0.059457286121945174,-23.93740876986412
31927500.0,-0.9319700367863184,0.35660074821953797,-0.023345909710205455,-0.061014140996797146,-23.69800326647967
32050000.0,-0.9302032838861352,0.3608474365643559,-0.024290740239435667,-0.06261739463602464,-23.457292743512774
32172500.0,-0.9283740606882327,0.3651740286691358,-0.025279934541176975,-0.06426863260089445,-23.215242124239268
32295000.0,-0.9264793999766218,0.3695827615444813,-0.02631595316149464,-0.06596949596075798,-22.97181547500913
32417500.0,-0.9245161574057521,0.3740759425581086,-0.027401416397724573,-0.06772168245372816,-22.72697597821361
32540000.0,-0.9224809989001304,0.37865595081204184,-0.02853911619506254,-0.06952694750706911,-22.480685904927196
32662500.0,-0.9203703870289864,0.38332523835214466,-0.029732029035321426,-0.07138710508087459,-22.232906587316744
32785000.0,-0.918180566264118,0.3880863311672462,-0.030983329908019594,-0.07330402829218324,-21.98359839093065
32907500.0,-0.9159075470203104,0.39294182992763327,-0.032296407462576865,-0.07527964976919094,-21.732720687003997
33030000.0,-0.9135470883682216,0.397894410403911,-0.03367488044981371,-0.0773159616764822,-21.48023182494334
33152500.0,-0.9110946792991965,0.4029468234970416,-0.03512261557124711,-0.07941501534201645,-21.226089105186468
33275000.0,-0.9085455184101316,0.4081018947984591,-0.03664374686591064,-0.0815789204047188,-20.970248752670205
33397500.0,-0.9058944918641478,0.4133625235852686,-0.038242696776662616,-0.08380984338766045,-20.712665891182233
33520000.0,-0.9031361494693854,0.4187316811393321,-0.039924199051243524,-0.08611000558563295,-20.453294518923705
33642500.0,-0.9002646787037034,0.4242124082601197,-0.04169332364774866,-0.08848168013702734,-20.192087485668498
33765000.0,-0.8972738764973375,0.429807811819115,-0.04355550382974309,-0.09092718812787788,-19.928996471973072
33887500.0,-0.8941571185686837,0.4355210601777579,-0.04551656565297337,-0.09344889355016198,-19.663971970971357
34010000.0,-0.8909073260903079,0.4413553772607715,-0.04758276006353289,-0.09604919690635576,-19.39696327338138
34132500.0,-0.8875169294430619,0.4473140350414837,-0.04976079784635913,-0.09873052721706324,-19.12791845645949
34255000.0,-0.88397782879593,0.45340034415458946,-0.052057887683008126,-0.10149533214742731,-18.856784377763326
34377500.0,-0.880281351228087,0.45961764230366475,-0.05448177759858748,-0.10434606591995547,-18.583506674732174
34500000.0,-0.8764182040878581,0.46596928007443966,-0.05704080009928987,-0.10728517462517673,-18.308029771264543
34622500.0,-0.8723784242612188,0.4724586036990398,-0.0597439213237861,-0.11031507847580907,-18.030296892671828
34745000.0,-0.8681513230006999,0.4790889342394054,-0.06260079455325858,-0.11343815047322454,-17.750250090619723
34867500.0,-0.8637254259447981,0.48586354256808767,-0.06562181844534647,-0.11665669086508215,-17.467830279940003
34990000.0,-0.8590884079392758,0.49278561941936966,-0.06881820037570371,-0.11997289666786397,-17.182977289510713
35112500.0,-0.8542270222564468,0.4998582396606466,-0.07220202528585143,-0.1233888254051588,-16.895629929770955
35235000.0,-0.8491270237985398,0.5070843197902698,-0.07578633044568109,-0.1269063520689615,-16.605726079865676
35357500.0,-0.8437730858689574,0.5144665675003036,-0.07958518654089221,-0.13052711814364032,-16.31320279791505
35480000.0,-0.8381487101039422,0.5220074219469371,-0.083613785486578,-0.13425247133671386,-16.017996458486024
35602500.0,-0.8322361291810377,0.529708983143362,-0.0878885353439002,-0.13808339443283033,-15.720042922021431
35725000.0,-0.8260162019652822,0.5375729286248256,-0.09242716267182273,-0.14202042142246477,-15.419277741771412
35847500.0,-0.8194683008263901,0.5456004152278953,-0.09724882257309422,-0.14606353874942238,-15.115636414690163
35970000.0,-0.8125701909694412,0.5537919634698307,-0.10237421658393508,-0.15021206916536783,-14.809054683827787
36092500.0,-0.8052979017795034,0.5621473216030787,-0.10782571839845123,-0.15446453526901377,-14.499468900984322
36215000.0,-0.797625590402227,0.5706653059477927,-0.11362750719664266,-0.15881849933583816,-14.1868164598276
36337500.0,-0.7895253980868079,0.5793436135657112,-0.11980570803992834,-0.16327037550499832,-13.87103631133362
36460000.0,-0.7809673002290016,0.5881786027260989,-0.12638853838619016,-0.16781520977790013,-13.552069575318722
36582500.0,-0.7719189516005949,0.5971650359247577,-0.13340645922696762,-0.17244642259364232,-13.2298602640285
36705000.0,-0.7623455289759572,0.6062957794491166,-0.14089232862447998,-0.1771555079790851,-12.904356136259587
36827500.0,-0.7522095743136111,0.6155614526395259,-0.14888155447810933,-0.18193168242896615,-12.575509703348065
36950000.0,-0.7414708428796862,0.6249500190896079,-0.15741224212021773,-0.1867614757648704,-12.243279411588668
37072500.0,-0.7300861622824092,0.6344463110783513,-0.16652533075804335,-0.1916282552723904,-11.907631029267751
37195000.0,-0.7180093104089497,0.6440314775708136,-0.17626471075532735,-0.1965116734607896,-11.568539270503841
37317500.0,-0.7051909228209512,0.6536823452230209,-0.18667731118134578,-0.20138702888907542,-11.22598969246884
37440000.0,-0.6915784433928875,0.6633706810721808,-0.19781314382616658,-0.20622452874890956,-10.879980907252884
37562500.0,-0.6771161360038839,0.6730623451225776,-0.20972528585335826,-0.21098844142510084,-10.53052715452041
37685000.0,-0.6617451800667488,0.682716321047813,-0.22246977828709735,-0.2156361272659464,-10.177661285993283
37807500.0,-0.6454038787487982,0.6922836139997093,-0.23610541145854458,-0.22011693656667947,-9.821438217383267
37930000.0,-0.6280280160457188,0.7017060064270979,-0.250693361228378,-0.22437096568368628,-9.461938907223878
38052500.0,-0.6095514075096463,0.7109146663824581,-0.2662966311610507,-0.22832766577355962,-9.099274924455763
38175000.0,-0.5899066994184654,0.7198286087156677,-0.28297924583903455,-0.23190430457421465,-8.73359366666196
38297500.0,-0.5690264823654241,0.7283530187031118,-0.30080512931166614,-0.23500429079633417,-8.365084287235602
38420000.0,-0.5468447972561821,0.736377461135699,-0.3198365906635526,-0.23751538417101048,-7.993984380757677
38542500.0,-0.5232991237446627,0.7437740170062955,-0.3401323266415028,-0.23930783331898137,-7.6205874591919525
38665000.0,-0.49833295186569526,0.7503954161829535,-0.36174484055053885,-0.24023250985555583,-7.245251224282212
38787500.0,-0.4718990448691398,0.7560732693668042,-0.3847171693809252,-0.24011914206100704,-6.868406600221207
38910000.0,-0.4439635017857819,0.7606165475565528,-0.4090788106005801,-0.23877479637279758,-6.490567431111831
39032500.0,-0.4145107174653637,0.7638105128977875,-0.4348407508351046,-0.23598281061622028,-6.112340665420088
39155000.0,-0.3835493095736062,0.7654163706079361,-0.4619895269090282,-0.23150244870704298,-5.734436740058657
39277500.0,-0.3511190286250694,0.7651719847726879,-0.49048030312968954,-0.2250696196696057,-5.357679736380856
39400000.0,-0.3172985797603337,0.7627940747458721,-0.5202290360612838,-0.21639907775545558,-4.98301670792367
39522500.0,-0.2822141549071913,0.7579823720569033,-0.5511039281030983,-0.20518858362575942,-4.611525378196716
39645000.0,-0.2460482947815558,0.7504262519422918,-0.5829165503676504,-0.19112554077990435,-4.244419186088371
39767500.0,-0.2090484714813105,0.739814333290357,-0.615413244054614,-0.1738966010928578,-3.8830484365094593
39890000.0,-0.17153451498175842,0.7258474338650096,-0.6482676769587171,-0.1532006264089726,-3.528896127770616
40012500.0,-0.13390372870490125,0.7082550395936126,-0.68107570988406,-0.12876516506842187,-3.183566922865647
40135000.0,-0.09663230124086118,0.6868150688456728,-0.7133539658291527,-0.10036622439461197,-2.8487677711195185
40257500.0,-0.06027149837839541,0.6613761759431338,-0.7445436177264836,-0.06785058349653166,-2.5262789389930926
40380000.0,-0.02543720514496535,0.6318811707123901,-0.7740208249753391,-0.03115922332228304,-2.2179147379213253
40502500.0,0.007208225414817697,0.598389414836817,-0.8011148619769879,0.009650265136901618,-1.925474079693531
40625000.0,0.03698211096947291,0.5610954349235118,-0.8251342328565457,0.05438505442193001,-1.6506821294404013
40747500.0,0.06321476270733997,0.520340659445228,-0.8453999688762577,0.10270532862506511,-1.3951256678366932
40870000.0,0.08528786632420976,0.4766153424597147,-0.861283982582436,0.154122342756691,-1.160186132681085
40992500.0,0.1026744930613519,0.4305485203198534,-0.872249050494835,0.20800844703001306,-0.9469754249225127
41115000.0,0.11497636064537815,0.38288525860125244,-0.8778860441320577,0.263619818596332,-0.7562801476222352
41237500.0,0.12195368843982712,0.3344522945272108,-0.8779437536293766,0.3201307951831029,-0.5885197611367953
41360000.0,0.12354359499339908,0.28611509483497305,-0.8723472520865804,0.3766767903928694,-0.4437230832834056
41482500.0,0.11986444698434148,0.23873087069317397,-0.8612022096064575,0.43240124872179997,-0.32152573486570235
41605000.0,0.11120560837249481,0.19310281873529409,-0.8447846058077257,0.48650137086474193,-0.22118882240545784
41727500.0,0.09800419421523698,0.14994059272180882,-0.8235174452554119,0.5382676043850813,-0.1416367864978267
41850000.0,0.08081220614930183,0.10983083400412418,-0.797937852815933,0.5871130711223688,-0.08151036654111272
41972500.0,0.060258445775905715,0.07321982646381897,-0.7686589452028633,0.6325908651608101,-0.03922937466667296
42095000.0,0.03700973381518475,0.0404084411603369,-0.7363310066369936,0.6743990555678976,-0.013059579242066337
42217500.0,0.011735318388659259,0.011557915149611103,-0.7016058520729339,0.7123748488237941,-0.0011784142547357113
42340000.0,-0.014922784671074264,-0.013296062239175508,-0.6651071210291282,0.7464804369726894,-0.001735243513587934
42462500.0,-0.042372080666266285,-0.034223924556292605,-0.6274079410299697,0.7767834996319827,-0.0129032344123128
42585000.0,-0.0700842614679752,-0.05138032925221356,-0.5890162134845601,0.8034352234702768,-0.03292126201731621
42707500.0,-0.09760288983189991,-0.06498217286980186,-0.5503668800443253,0.8266482265485462,-0.060125464694112125
42830000.0,-0.12454528973480948,-0.07528825536017877,-0.5118199827319777,0.8466761214808947,-0.09297099100210351
42952500.0,-0.150600053952886,-0.0825816598411041,-0.47366310716582816,0.8637957826461584,-0.13004508064895273
43075000.0,-0.17552156103486302,-0.08715533610892258,-0.43611681740817376,0.8782928045779442,-0.17007293633230422
43197500.0,-0.19912272218770685,-0.08930093867748962,-0.39934186276376554,0.8904502010243147,-0.21191792773051077
43320000.0,-0.22126693459472932,-0.08930067998661013,-0.3634471810445792,0.9005401039374813,-0.2545775933140031
43442500.0,-0.24185996042367025,-0.08742179764319868,-0.3284979803066729,0.9088180597760639,-0.29717673449491994
43565000.0,-0.26084221685912595,-0.08391317081559557,-0.2945234152556597,0.9155194566659035,-0.338958681481304
43687500.0,-0.27818176979265496,-0.07900362377116393,-0.2615235675321899,0.9208576187507418,-0.37927558761029323
43810000.0,-0.293868177043898,-0.07290149706162564,-0.22947558621537428,0.9250231465094159,-0.41757840176589966
43932500.0,-0.3079072230000998,-0.0657951286033304,-0.19833894929447196,0.92818414351313,-0.45340698877727614
44055000.0,-0.3203165183793902,-0.0578539539632589,-0.16805987553466142,0.9304870371474269,-0.4863807198291614
44177500.0,-0.3311218983886488,-0.04922999906305501,-0.13857495716550175,0.9320577647583481,-0.5161897384255307
44300000.0,-0.3403545322778315,-0.0400595947973034,-0.10981410473988423,0.933003153061549,-0.5425870191652082
44422500.0,-0.34804865080832975,-0.030465189992146136,-0.08170290273460068,0.9334123657601628,-0.5653812721580385
44545000.0,-0.3542398004770789,-0.020557176636984625,-0.054164472972523664,0.9333583321073872,-0.584430700741921
44667500.0,-0.35896354081473486,-0.010435670241444059,-0.027120936400038827,0.9328990984887623,-0.5996375899704911
44790000.0,-0.36225451115809004,-0.00019220973490096846,-0.0004945546981630818,0.9320790672559285,-0.6109436844088024
44912500.0,-0.36414580430021415,0.010088643144234457,0.025791376680211954,0.9309301033799463,-0.61832630302504
45035000.0,-0.3646685952983694,0.020327814294836325,0.05181182213658879,0.929472501290918,-0.6217951339466983
45157500.0,-0.3638519838656809,0.03045033986952372,0.07763943320454994,0.9277158126552091,-0.6213896506553027
45280000.0,-0.3617230178795142,0.04038409926790257,0.10334406431054262,0.9256595417507645,-0.617177092377533
45402500.0,-0.3583068734836575,0.05005865476068339,0.1289923385713543,0.9232937192940337,-0.6092509539099665
45525000.0,-0.35362717402405985,0.05940419369810925,0.1546472308426618,0.9205993686482362,-0.5977299330882186
45647500.0,-0.34770643567032694,0.06835057022032094,0.18036763997321814,0.9175488807657526,-0.5827572869895683
45770000.0,-0.34056663208120747,0.07682644533635805,0.206207926227739,0.9141063163389137,-0.564500550305723
45892500.0,-0.3322298739036722,0.0847585269714519,0.23221739333771774,0.9102276557120286,-0.5431515708164679
46015000.0,-0.3227192012558809,0.09207091495089004,0.25843969786379867,0.9058610193230198,-0.5189268172932073
46137500.0,-0.3120594886013545,0.09868455977286415,0.28491217176359995,0.9009468839045097,-0.4920679142824581
46260000.0,-0.3002784615016606,0.10451684830612833,0.31166504752646096,0.8954183224218043,-0.46284235593318895
46382500.0,-0.28740782352475175,0.10948133409543194,0.33872057924545346,0.889201298726601,-0.43154434725706875
46505000.0,-0.2734844889399599,0.11348763458944132,0.3660920578368608,0.8822150510466905,-0.3984957159238559
46627500.0,-0.25855191258328153,0.11644152207571326,0.3937827245731155,0.8743726015057838,-0.364046830943905
46750000.0,-0.24266150226497168,0.11824523907826719,0.4217845944283287,0.8655814315572861,-0.32857745652141385
46872500.0,-0.22587409118703802,0.11879807199785265,0.4500772096547192,0.855744365081912,-0.2924974602465275
46995000.0,-0.20826143799141814,0.11799721828166392,0.47862635462764985,0.8447607013701475,-0.2562472850648483
47117500.0,-0.18990771035634252,0.11573898170151238,0.5073827752828436,0.832527638585163,-0.2202980847492642
47240000.0,-0.1709108947891064,0.11192032659369937,0.5362809601726224,0.8189420237683964,-0.1851514137629125
47362500.0,-0.1513840609989391,0.10644081430520175,0.565238054750988,0.8039024571344673,-0.15133835555787534
47485000.0,-0.13145639489835517,0.09920493275520709,0.5941529950617764,0.7873117654503097,-0.11941796986885131
47607500.0,-0.11127390121160981,0.09012481226048075,0.6229059602342242,0.7690798409975659,-0.08997494102242694
47730000.0,-0.09099966663239914,0.07912329720563972,0.6513582533345784,0.7491268185861641,-0.06361631741783855
47852500.0,-0.0708135696258377,0.06613731390724796,0.6793527250375071,0.7273865334539086,-0.04096724887206298
47975000.0,-0.05091132572275331,0.051121441014911964,0.7067148518661641,0.703810168535164,-0.022665654982638034
48097500.0,-0.03150276992492983,0.03405155185816943,0.7332545679950859,0.6783699623490466,-0.009355795091862955
48220000.0,-0.012809302683248189,0.01492836121385914,0.7587689247664713,0.6510628115665726,-0.001680759088101599
48342500.0,0.004939535955062559,-0.0062193239643307825,0.7830456139242192,0.6219135691621608,-0.0002739572829731841
48465000.0,0.021510348151992407,-0.029331874392428934,0.8058673392682109,0.5909778147847697,-0.005749754680650237
48587500.0,0.03667093771612343,-0.05431686341986707,0.8270169589629572,0.5583438638177284,-0.018693466260502927
48710000.0,0.050195999383924605,-0.08104807271892608,0.846283251239077,0.5241337903881164,-0.03965100004627708
48832500.0,0.06187321994595461,-0.10936567288465247,0.8634670859842613,0.4885032708896177,-0.0691184971240229
48955000.0,0.07150951024421605,-0.13907771794450757,0.8783877217142696,0.45164010966431567,-0.10753236516058595
49077500.0,0.0789370400906074,-0.16996301566675381,0.8908889004069036,0.4137613855097823,-0.15526012738233846
49200000.0,0.08401872539503759,-0.2017753418738976,0.9008443898898907,0.3751092512836434,-0.21259250672200333
49322500.0,0.08665282438663863,-0.2342488653694291,0.9081626310389447,0.3359455204097459,-0.2797371316142632
49445000.0,0.08677634041232765,-0.26710455160515467,0.9127901876148781,0.29654527251407753,-0.3568141856117245
49567500.0,0.0843670006180739,-0.3000572296929713,0.9147137683630616,0.2571897938930243,-0.44385423112894784
49690000.0,0.07944367646626728,-0.332822949505132,0.9139606876214726,0.2181592263341439,-0.5407983252207831
49812500.0,0.07206522325301842,-0.36512623107760944,0.910597741870548,0.17972532230270552,-0.6475004221168099
49935000.0,0.0623278289797968,-0.3967068205336909,0.9047285928268058,0.14214469247334857,-0.7637319345002944
50057500.0,0.050361065262154205,-0.42732561342150494,0.8964898499902687,0.10565288488262356,-0.8891882144062226
50180000.0,0.03632291342672598,-0.45676948117898075,0.8860461260054445,0.07045956013504061,-1.0234966246963784
50302500.0,0.020394090088579068,-0.48485482945761554,0.8735843893192089,0.036744934057235557,-1.1662258101065845
50425000.0,0.0027720152971745468,-0.5114298167109977,0.8593079573992226,0.004657559502911236,-1.3168957460851438
50547500.0,-0.016335245752363035,-0.5363752565873808,0.8434304616703039,-0.02568657613714683,-1.474988143665302
50670000.0,-0.03671477427110595,-0.5596043090492915,0.8261700774876316,-0.05420374256236959,-1.639956815896784
50792500.0,-0.05815408553262729,-0.5810611266177683,0.8077442564404533,-0.0808411136552017,-1.811237660075807
50915000.0,-0.08044574122746838,-0.6007186609578912,0.7883651325162895,-0.10557457519637442,-1.9882579731186256
51037500.0,-0.10339118259910025,-0.6185758515816077,0.7682357061556842,-0.12840591492733397,-2.170444887698528
51160000.0,-0.12680374310530687,-0.6346544155693493,0.747546847557507,-0.14935961381727142,-2.3572327876781847
51282500.0,-0.1505108525842401,-0.6489954392339817,0.7264751073508373,-0.16847943942049914,-2.5480696276450465
51405000.0,-0.17435548619361269,-0.6616559444876444,0.7051812814523536,-0.185825014052384,-2.7424221392734536
51527500.0,-0.19819694006229824,-0.6727055690718008,0.683809648250108,-0.20146849691649024,-2.9397799546268226
51650000.0,-0.22191103240126261,-0.6822234648320269,0.6624877794403162,-0.21549148434086374,-3.139658712600667
51772500.0,-0.2453898354551759,-0.6902954849583742,0.6413268192033215,-0.2279821990242111,-3.341602239807337
51895000.0,-0.2685410422997551,-0.6970117016433311,0.6204221277756798,-0.2390330097269565,-3.5451839124017277
52017500.0,-0.2912870653611118,-0.7024642710704785,0.5998541925990356,-0.24873829830585298,-3.750007312175457
52140000.0,-0.31356395274267607,-0.706745643414506,0.5796897210125518,-0.25719267176067606,-3.955706290425209
52262500.0,-0.3353201957591418,-0.7099471014276634,0.5599828411375595,-0.26448950285789585,-4.161944548330378
52385000.0,-0.3565154878730081,-0.7121576016717062,0.5407763508031125,-0.2707197733818929,-4.368414834407371
52507500.0,-0.37711948249675137,-0.7134628868014623,0.5221029670901293,-0.27597118841283,-4.574837849368482
52630000.0,-0.39711058550440015,-0.7139448347294722,0.5039865406878439,-0.28032752745486733,-4.7809609374688105
52752500.0,-0.4164748081474267,-0.7136810102422139,0.48644320940218183,-0.2838681979805451,-4.986556631989291
52875000.0,-0.43520469753154933,-0.7127443860207547,0.46948247369128987,-0.2866679583404417,-5.191421111461888
52997500.0,-0.45329835486957537,-0.7112032024741014,0.45310818404242403,-0.2887967794434264,-5.395372612978875
53120000.0,-0.4707585462684348,-0.7091209388687632,0.4373194354591123,-0.29031981768876375,-5.5982498396730165
53242500.0,-0.4875919066671054,-0.7065563715886807,0.42211136846685887,-0.29129747498255254,-5.799910391314511
53365000.0,-0.5038082345232962,-0.703563698737096,0.40747587906259186,-0.29178552504890404,-6.0002292399642165
53487500.0,-0.5194198727549817,-0.7001927135271118,0.3934022421230557,-0.29183528848186147,-6.199097266707422
53610000.0,-0.5344411700946593,-0.6964890118947987,0.37987765413397334,-0.2914938419715378,-6.3964198705897735
53732500.0,-0.5488880162451676,-0.6924942224498676,0.3668877018693411,-0.2908042498194125,-6.592115656883353
53855000.0,-0.562777443895086,-0.6882462492311301,0.354416763979689,-0.2898058082101869,-6.78611520861618
53977500.0,-0.576127290641563,-0.6837795197582995,0.3424483524570464,-0.28853429473214415,-6.97835994279189
54100000.0,-0.5889559140836594,-0.6791252325849373,0.3309654007279721,-0.2870222173513905,-7.1688010508004885
54222500.0,-0.6012819537147305,-0.6743115999855911,0.31995050475950987,-0.2852990584737429,-7.357398521080033
54345000.0,-0.6131241336999526,-0.6693640825841646,0.3093861231043614,-0.28339151090213593,-7.5441202410445865
54467500.0,-0.6245011011313208,-0.6643056136824765,0.2992547413044699,-0.28132370344944413,-7.728941174571327
54590000.0,-0.635431294875256,-0.6591568118093342,0.2895390055485436,-0.2791174147280498,-7.911842610872178
54712500.0,-0.6459328406450282,-0.653936180610687,0.2802218299612331,-0.2767922742377918,-8.092811480309823
54835000.0,-0.6560234684261017,-0.6486602956672842,0.27128648140506956,-0.2743659503398259,-8.271839732606768
54957500.0,-0.6657204488476393,-0.6433439781813102,0.26271664521047766,-0.27185432505902035,-8.448923772903306
55080000.0,-0.6750405455221526,-0.6380004557382929,0.2544964748198471,-0.26927165592233476,-8.624063951213119
55202500.0,-0.6839999807651519,-0.6326415105425951,0.2466106279412032,-0.2666307252326716,-8.797264100981604
55325000.0,-0.6926144124572292,-0.6272776156588599,0.239044291455943,-0.2639429773117461,-8.968531122650148
55447500.0,-0.7008989201233409,-0.6219180598801368,0.23178319701228048,-0.26121864433387487,-9.137874608355451
55570000.0,-0.7088679985802246,-0.6165710618962388,0.2248136289594503,-0.2584668614253933,-9.305306504134403
55692500.0,-0.7165355577454052,-0.6112438744614184,0.21812242603478593,-0.25569577172994873,-9.470840806253008
55815000.0,-0.7239149274130079,-0.6059428792654731,0.21169697800364778,-0.25291262214490406,-9.634493288525153
55937500.0,-0.7310188659856319,-0.6006736732021755,0.2055252182677985,-0.2501238504238667,-9.796281257729952
56060000.0,-0.7378595723106697,-0.5954411467078341,0.19959561329836548,-0.2473351643192382,-9.95622333446981
56182500.0,-0.7444486999065728,-0.590249554814132,0.1938971496121116,-0.2445516134099941,-10.114339257034219
56305000.0,-0.7507973729822636,-0.5851025815257823,0.18841931889176292,-0.24177765422627756,-10.270649706044646
56427500.0,-0.7569162037535606,-0.5800033980970319,0.18315210175021676,-0.23901720924584588,-10.425176147852746
56550000.0,-0.7628153106463148,-0.5749547157431325,0.1780859505523797,-0.23627372029947624,-10.577940694847129
56672500.0,-0.768504337048943,-0.5699588332847385,0.17321177163517498,-0.23355019688424117,-10.728965980993983
56795000.0,-0.7739924703388796,-0.5650176801856268,0.16852090720422258,-0.2308492598459813,-10.878275051092714
56917500.0,-0.7792884609597186,-0.5601328554077613,0.16400511713323843,-0.22817318085588742,-11.025891262371614
57040000.0,-0.7844006413698659,-0.5553056624729343,0.15965656084799382,-0.225523918071297,-11.171838197179653
57162500.0,-0.7893369447204713,-0.550537141087291,0.15546777943953144,-0.22290314833784924,-11.316139585650811
57285000.0,-0.7941049231513756,-0.5458280956541431,0.1514316781202409,-0.2203122962592132,-11.458819237325864
57407500.0,-0.7987117656196316,-0.5411791209716252,0.14754150911041142,-0.21775256043172506,-11.599900980816688
57530000.0,-0.803164315196596,-0.5365906253850125,0.14379085502131134,-0.2152249371145093,-11.739408610687336
57652500.0,-0.8074690857873538,-0.5320628516388173,0.14017361278295387,-0.21273024158092654,-11.877365840808265
57775000.0,-0.8116322782408589,-0.5275958956510575,0.13668397814997152,-0.21026912737444226,-12.013796263513832
57897500.0,-0.8156597958311315,-0.523189723411268,0.1333164308069491,-0.20784210367116188,-12.148723313959653
58020000.0,-0.8195572590996134,-0.5188441861847678,0.1300657200847089,-0.20544955093219663,-12.282170239137056
58142500.0,-0.8233300200566421,-0.5145590341883296,0.12692685129108555,-0.20309173501162883,-12.414160071056058
58265000.0,-0.8269831757462945,-0.5103339288865714,0.12389507265334096,-0.2007688198700007,-12.54471560365739
58387500.0,-0.8305215811838469,-0.506168454044018,0.12096586286430609,-0.19848087902885217,-12.673859373058354
58510000.0,-0.8339498616789612,-0.502062125654732,0.1181349192203766,-0.19622790588876157,-12.801613640777
58632500.0,-0.8372724245607028,-0.4980144008595787,0.11539814633643966,-0.19400982302149275,-12.928000379615312
58755000.0,-0.8404934703226883,-0.49402468595049187,0.11275164542052896,-0.19182649053612394,-13.053041261914096
58877500.0,-0.8436170032082748,-0.4900923435514098,0.11019170408934752,-0.18967771360932728,-13.17675764992137
59000000.0,-0.8466468412567708,-0.48621669905679943,0.10771478670465306,-0.1875632492611856,-13.299170588042472
59122500.0,-0.8495866258323195,-0.48239704640076175,0.10531752520978079,-0.18548281245000306,-13.420300796763538
59245000.0,-0.8524398306574293,-0.47863265322259074,0.10299671044520851,-0.18343608155241062,-13.540168668060906
59367500.0,-0.8552097703731701,-0.4749227654881814,0.10074928392195809,-0.18142270328859034,-13.658794262128636
59490000.0,-0.8578996086479039,-0.47126661162088473,0.09857233003175406,-0.17944229714661636,-13.776197305272998
59612500.0,-0.8605123658560562,-0.46766340619015107,0.09646306867315509,-0.1774944593546435,-13.89239718883841
59735000.0,-0.8630509263479885,-0.4641123532015716,0.09441884827330148,-0.17557876644492443,-14.00741296904325
59857500.0,-0.8655180453314408,-0.4606126490276602,0.092437139185461,-0.17369477844935627,-14.12126336761629
59980000.0,-0.867916355384363,-0.4571634850148692,0.0905155274431676,-0.17184204176239526,-14.233966773135826
60102500.0,-0.8702483726182717,-0.45376404979886337,0.08865170885241269,-0.17002009170369103,-14.345541242983796
60225000.0,-0.872516502510504,-0.45041353135695195,0.08684348340406274,-0.1682284548096588,-14.456004505835997
60347500.0,-0.8747230454229971,-0.4471111188237564,0.08508874998940227,-0.1664666508803702,-14.565373964617853
60470000.0,-0.8768702018244442,-0.44385600409364334,0.08338550140244207,-0.16473419480558743,-14.673666699862702
60592500.0,-0.8789600772319172,-0.4406473832311729,0.08173181961338134,-0.16303059819146715,-14.780899473415863
60715000.0,-0.8809946868872641,-0.4374844577087338,0.08012587129834842,-0.1613553708073786,-14.887088732433899
60837500.0,-0.882975960182863,-0.43436643548867615,0.0785659036112693,-0.15970802187040364,-14.992250613633907
60960000.0,-0.884905744850559,-0.4312925319655719,0.07705024018442862,-0.15808806118339871,-15.096400947752297
61082500.0,-0.886785810926913,-0.4282619707827161,0.07557727734497632,-0.1564950001409695,-15.199555264176967
61205000.0,-0.8886178545072033,-0.4252739845356106,0.07414548053530037,-0.15492835261632876,-15.301728795720814
61327500.0,-0.8904035012999424,-0.4223278153739366,0.07275338092583446,-0.1533876357407674,-15.402936483507752
61450000.0,-0.8921443099930534,-0.41942271551241234,0.07139957220948605,-0.15187237058634234,-15.503192981945794
61572500.0,-0.8938417754422322,-0.416557947659919,0.07008270756746392,-0.15038208276137083,-15.602512663764557
61695000.0,-0.895497331691436,-0.41373278537537317,0.06880149679685167,-0.14891630292740365,-15.700909625096953
61817500.0,-0.8971123548348919,-0.4109465133580023,0.06755470359081295,-0.14747456724552155,-15.798397690587416
61940000.0,-0.8986881657294831,-0.4081984276789374,0.06634114296282913,-0.1460564177590502,-15.894990418510748
62062500.0,-0.9002260325658795,-0.40548783596036797,0.06515967880685727,-0.14466140271911232,-15.990701105887808
62185000.0,-0.901727173306291,-0.4028140575079004,0.06400922158576039,-0.14328907685882264,-16.085542793585812
62307500.0,-0.9031927579962808,-0.4001764234012103,0.06288872614080077,-0.1419390016213805,-16.179528271392428
62430000.0,-0.9046239109576499,-0.3975742765475889,0.06179718961540095,-0.1406107453468106,-16.27267008305441
62552500.0,-0.9060217128689906,-0.3950069717025327,0.0607336494867713,-0.13930388342165204,-16.364980531272565
62675000.0,-0.9073872027401424,-0.3924738754611264,0.059697181699372596,-0.1380179983954855,-16.456471682645926
62797500.0,-0.9087213797864099,-0.3899743662235969,0.058686898894532324,-0.13675268006781624,-16.547155372559097
62920000.0,-0.9100252052080707,-0.38750783413808976,0.057701948730862776,-0.13550752554849452,-16.63704321000754
63042500.0,-0.9112996038803819,-0.38507368102342415,0.05674151229044296,-0.13428213929455501,-16.72614658235625
63165000.0,-0.9125454659589878,-0.3826713202742974,0.05580480256601382,-0.1330761331260727,-16.814476660028262
63287500.0,-0.9137636484053542,-0.380300176751185,0.05489106302471944,-0.13188912622339344,-16.90204440111966
63410000.0,-0.9149549764365833,-0.3779596866569457,0.053999566244181396,-0.1307207451078639,-16.98886055593863
63532500.0,-0.9161202449037128,-0.3756492974019431,0.053129612616939936,-0.1295706236079829,-17.074935671466513
63655000.0,-0.9172602196023657,-0.37336846745932095,0.052280529119526846,-0.1284384028127116,-17.160280095739225
63777500.0,-0.9183756385193951,-0.3711166662118951,0.051451668142650245,-0.1273237310135114,-17.24490398214772
63900000.0,-0.9194672130189616,-0.36889337379198445,0.05064240637917507,-0.1262262636365239,-17.3288172936568
64022500.0,-0.9205356289712776,-0.36669808091536243,0.04985214376677591,-0.12514566316617196,-17.412029806941582
64145000.0,-0.9215815478270721,-0.36453028871039533,0.04908030248231814,-0.12408159906133413,-17.494551116441343
64267500.0,-0.9226056076406548,-0.36238950854331314,0.04832632598519184,-0.12303374766512949,-17.576390638330842
64390000.0,-0.9236084240442933,-0.360275261840473,0.04758967810698464,-0.12200179210925083,-17.65755761440912
64512500.0,-0.9245905911764633,-0.3581870799083704,0.04686984218502713,-0.12098542221368681,-17.73806111590625
64635000.0,-0.9255526825663843,-0.3561245037520813,0.04616632023748594,-0.11998433438259061,-17.81791004720858
64757500.0,-0.9264952519771271,-0.3540870838927438,0.04547863217781342,-0.11899823149697725,-17.89711314950309
64880000.0,-0.9274188342094288,-0.3520743801846105,0.04480631506648438,-0.11802682280485823,-17.975679004341718
65002500.0,-0.9283239458682615,-0.3500859616321605,0.044148922398070785,-0.11706982380936384,-18.05361603712653
65125000.0,-0.9292110860940579,-0.3481214062076867,0.04350602342181266,-0.11612695615534208,-18.13093252051679
65247500.0,-0.9300807372604084,-0.3461803006697361,0.04287720249394834,-0.11519794751487324,-18.207636577759008
65370000.0,-0.930933365639937,-0.3442622403827337,0.04226205846016474,-0.11428253147209279,-18.283736185941073
65492500.0,-0.9317694220399715,-0.3423668291380776,0.04166020406661898,-0.11338044740767084,-18.35923917917176
65615000.0,-0.9325893424095288,-0.34049367897695804,0.04107126539806951,-0.11249144038325865,-18.434153251686794
65737500.0,-0.9333935484190613,-0.33864241001512235,0.04049488134173639,-0.11161526102617887,-18.508485960882844
65860000.0,-0.9341824480143233,-0.33681265026977236,0.03993070307558499,-0.11075166541460159,-18.58224473028074
65982500.0,-0.9349564359456464,-0.3350040354887623,0.03937839357980164,-0.10990041496342301,-18.655436852419246
66105000.0,-0.9357158942738432,-0.3332162089822328,0.038837627170295604,-0.10906127631103614,-18.72806949168076
66227500.0,-0.9364611928538871,-0.3314488214567996,0.03830808905312513,-0.10823402120715717,-18.80014968705042
66350000.0,-0.9371926897974651,-0.3297015308523969,0.03778947489880761,-0.10741842640185553,-18.871684354809798
66472500.0,-0.9379107319154281,-0.3279740021818533,0.03728149043552728,-0.10661427353591053,-18.942680291166777
66595000.0,-0.9386156551411189,-0.32626590737326666,0.036783851060309396,-0.10582134903260383,-19.013144174822884
66717500.0,-0.9393077849355045,-0.3245769251152286,0.03629628146727866,-0.10503944399104026,-19.083082569479473
66840000.0,-0.9399874366749817,-0.32290674070493713,0.03581851529216794,-0.104268354081076,-19.152501926284128
66962500.0,-0.9406549160226899,-0.3212550458992202,0.035350294772285906,-0.1035078794399184,-19.221408586218725
67085000.0,-0.9413105192841186,-0.31962153876849575,0.0348913704211974,-0.10275782457045468,-19.289808782430324
67207500.0,-0.9419545337477496,-0.3180059235536662,0.034441500717405975,-0.10201799824135041,-19.35770864250643
67330000.0,-0.942587238011441,-0.31640791052595274,0.03400045180636883,-0.1012882133889557,-19.425114190695787
67452500.0,-0.943208902295225,-0.31482721584966156,0.0335679972152073,-0.10056828702104371,-19.49203135007606
67575000.0,-0.9438197887411522,-0.31326356144786716,0.03314391757951047,-0.09985804012240222,-19.558465944669685
67697500.0,-0.9444201517007842,-0.31171667487099536,0.03272800038166029,-0.09915729756229012,-19.624423701509116
67820000.0,-0.9450102380109039,-0.3101862891682782,0.032320039700135986,-0.09846588800376574,-19.68991025265276
67942500.0,-0.945590287257994,-0.3086721427620598,0.03191983596928461,-0.09778364381488922,-19.75493113715272
68065000.0,-0.9461605320319869,-0.3071739793249137,0.031527195749069245,-0.09711040098179491,-19.819491802975605
68187500.0,-0.9467211981697824,-0.3056915476595412,0.0311419315043327,-0.09644599902362702,-19.88359760887758
68310000.0,-0.947272504988996,-0.30422460158141174,0.030763861393137484,-0.0957902809093273,-19.94725382623473
68432500.0,-0.9478146655123765,-0.30277289980410443,0.030392809063765115,-0.09514309297626099,-20.01046564082995
68555000.0,-0.9483478866833147,-0.30133620582731024,0.030028603459978914,-0.09450428485066344,-20.07323815459737
68677500.0,-0.9488723695728398,-0.29991428782745,0.02967107863417442,-0.09387370936988855,-20.135576387325415
68800000.0,-0.9493883095784819,-0.29850691855086287,0.0293200735680602,-0.09325122250643708,-20.197485278319576
68922500.0,-0.9498958966153606,-0.2971138752095194,0.02897543200052938,-0.09263668329374079,-20.2589696880259
69045000.0,-0.9503953152998452,-0.29573493937921275,0.02863700226239989,-0.0920299537536787,-20.32003439961615
69167500.0,-0.9508867451261052,-0.29436989690017956,0.028304637117716306,-0.09143089882579764,-20.380684120535676
69290000.0,-0.9513703606358687,-0.29301853778010173,0.02797819361132175,-0.09083938629821008,-20.440923484014945
69412500.0,-0.9518463315816785,-0.2916806560994422,0.027657532922422758,-0.09025528674014097,-20.50075705054558
69535000.0,-0.9523148230839293,-0.2903560499190653,0.027342520223883202,-0.08967847343609404,-20.560189309321913
69657500.0,-0.9527759957819508,-0.2890445211900921,0.027033024546995906,-0.08910882232160719,-20.619224679648905
69780000.0,-0.9532300059793956,-0.2877458756659448,0.02672891865149357,-0.08854621192056743,-20.67786751231725
69902500.0,-0.9536770057841683,-0.28645992281652866,0.026430078900571304,-0.0879905232840543,-20.736122090946537
70025000.0,-0.9541171432431337,-0.28518647574450595,0.026136385140703974,-0.08744163993068024,-20.793992633297357
70147500.0,-0.9545505624718191,-0.28392535110361417,0.025847720586052805,-0.0868994477883981,-20.851483292552956
70270000.0,-0.9549774037793233,-0.28267636901897963,0.025563971707263957,-0.08636383513774316,-20.90859815857148
70392500.0,-0.955397803788631,-0.2814393530093822,0.025285028124472614,-0.08583469255647977,-20.96534125910936
70515000.0,-0.9558118955525262,-0.2802141299114239,0.02501078250433377,-0.08531191286562108,-21.02171656101659
70637500.0,-0.9562198086652823,-0.279000529805556,0.02474113046090989,-0.08479539107679113,-21.07772797140479
70760000.0,-0.9566216693703082,-0.2777983859439209,0.024475970460253134,-0.08428502434089855,-21.133379338788565
70882500.0,-0.9570176006639101,-0.27660753467996413,0.02421520372852801,-0.08378071189809229,-21.18867445420086
71005000.0,-0.9574077223953328,-0.27542781539977307,0.023958734163526417,-0.08328235502896841,-21.243617052283128
71127500.0,-0.957792151363229,-0.27425907045510156,0.023706468249434946,-0.0827898570069992,-21.298210812350757
71250000.0,-0.9581710014086996,-0.27310114509803607,0.023458314974719886,-0.08230312305215481,-21.352459359434533
71372500.0,-0.9585443835050453,-0.2719538874172653,0.023214185753002062,-0.08182206028568903,-21.406366265298654
71495000.0,-0.9589124058443615,-0.27081714827591197,0.02297399434679904,-0.08134657768606046,-21.459935049435952
71617500.0,-0.9592751739210987,-0.2696907812508867,0.02273765679401812,-0.08087658604596175,-21.51316918004086
71740000.0,-0.9596327906127116,-0.2685746425737274,0.022505091337088497,-0.08041199793042872,-21.566072074960733
71862500.0,-0.9599853562575135,-0.2674685910728859,0.022276218354626273,-0.07995272763600357,-21.618647102625978
71985000.0,-0.9603329687298399,-0.26637248811742453,0.022050960295530265,-0.07949869115092437,-21.670897582959668
72107500.0,-0.9606757235126318,-0.26528619756208593,0.021829241615411638,-0.07904980611631611,-21.72282678826704
72230000.0,-0.9610137137675392,-0.26420958569370534,0.021610988715264588,-0.07860599178835774,-21.77443794410539
72352500.0,-0.9613470304026358,-0.26314252117892395,0.021396129882288614,-0.07816716900139936,-21.825734230134973
72475000.0,-0.9616757621378427,-0.2620848750131767,0.021184595232778308,-0.07773326013200695,-21.876718780951204
72597500.0,-0.961999995568146,-0.26103652047091813,0.02097631665699884,-0.0773041890639094,-21.927394686898776
72720000.0,-0.9623198152246931,-0.25999733305705386,0.020771227765969437,-0.07687988115382488,-21.977764994868085
72842500.0,-0.9626353036338501,-0.2589671904595495,0.020569263840081085,-0.07646026319814472,-22.027832709074406
72965000.0,-0.9629465413742941,-0.2579459725031848,0.020370361779476757,-0.0760452634004513,-22.077600791820217
73087500.0,-0.9632536071322182,-0.25693356110442145,0.020174460056126248,-0.07563481133984892,-22.127072164241195
73210000.0,-0.9635565777547166,-0.25592984022736065,0.019981498667530802,-0.07522883794008675,-22.176249707036128
73332500.0,-0.9638555283014221,-0.25493469584075784,0.019791419091994684,-0.07482727543945232,-22.225136261181273
73455000.0,-0.9641505320944562,-0.25394801587606886,0.01960416424540427,-0.07443005736141621,-22.273734628629498
73577500.0,-0.9644416607667582,-0.2529696901865008,0.019419678439457338,-0.0740371184860078,-22.32204757299456
73700000.0,-0.9647289843088496,-0.2519996105070415,0.019237907341287837,-0.07364839482190302,-22.37007782022087
73822500.0,-0.9650125711140954,-0.2510376704154419,0.019058797934433422,-0.07326382357920525,-22.417828059239234
73945000.0,-0.9652924880225147,-0.2500837652941278,0.018882298481095856,-0.07288334314290154,-22.465300942608636
74067500.0,-0.9655688003631899,-0.24913779229301422,0.018708358485645515,-0.07250689304697576,-22.51249908714474
74190000.0,-0.9658415719953363,-0.2481996502932028,0.018536928659324235,-0.07213441394916192,-22.55942507453517
74312500.0,-0.9661108653480643,-0.24726923987153537,0.01836796088610189,-0.0717658476063204,-22.606081451941993
74435000.0,-0.9663767414589,-0.2463464632659857,0.018201408189644358,-0.07140113685042097,-22.652470732591695
74557500.0,-0.9666392600110885,-0.24543122434186287,0.01803722470135195,-0.0710402255651162,-22.698595396353014
74680000.0,-0.9668984793697408,-0.24452342855881026,0.017875365629429384,-0.0706830586628901,-22.744457890302776
74802500.0,-0.9671544566168556,-0.2436229829385763,0.0177157872289496,-0.07032958206276656,-22.790060629280173
74925000.0,-0.967407247585257,-0.24272979603353836,0.01755844677287557,-0.06997974266856298,-22.83540599642965
75047500.0,-0.967656906891488,-0.24184377789595937,0.01740330252400531,-0.06963348834767424,-22.880496343732766
75170000.0,-0.967903487967697,-0.2409648400479605,0.017250313707807288,-0.0692907679103741,-22.925333992529144
75292500.0,-0.9681470430925477,-0.24009289545218826,0.017099440486113858,-0.0689515310896187,-22.96992123402701
75415000.0,-0.9683876234211941,-0.23922785848316203,0.016950643931642778,-0.06861572852134103,-23.01426032980323
75537500.0,-0.9686252790143437,-0.23836964489928014,0.0168038860033167,-0.06828331172522134,-23.058353512293472
75660000.0,-0.968860058866448,-0.23751817181547225,0.016659129522353135,-0.0679542330859227,-23.10220298527236
75782500.0,-0.969092010933048,-0.236673357676478,0.016516338149097188,-0.06762844583477833,-23.145810924324174
75905000.0,-0.9693211821572989,-0.23583512223073744,0.016375476360571416,-0.06730590403191937,-23.18917947730402
76027500.0,-0.9695476184957096,-0.23500338650487745,0.016236509428717513,-0.0669865625488315,-23.232310764789986
76150000.0,-0.9697713649431172,-0.23417807277877906,0.016099403399305875,-0.06667037705132882,-23.275206880526234
76272500.0,-0.9699924655569279,-0.23335910456121142,0.015964125071490056,-0.06635730398293493,-23.317869891857377
76395000.0,-0.9702109634806408,-0.23254640656601583,0.015830641977983374,-0.06604730054865914,-23.36030184015437
76517500.0,-0.9704269009666894,-0.231739904688829,0.01569892236583691,-0.06574032469915893,-23.40250474123195
76640000.0,-0.9706403193986138,-0.23093952598433076,0.015568935177797932,-0.06543633511527791,-23.444480585757997
76762500.0,-0.9708512593125909,-0.2301451986440007,0.015440650034228919,-0.0651352911929493,-23.4862313396549
76885000.0,-0.9710597604183427,-0.22935685197437491,0.015314037215568385,-0.06483715302845576,-23.52775894449315
77007500.0,-0.9712658616194443,-0.22857441637578763,0.015189067645315059,-0.06454188140403655,-23.569065317877257
77130000.0,-0.9714696010330467,-0.22779782332158577,0.015065712873517685,-0.06424943777383227,-23.610152353824322
77252500.0,-0.9716710160090409,-0.22702700533780595,0.014943945060753647,-0.0639597842501591,-23.651021923135257
77375000.0,-0.9718701431486755,-0.226261895983301,0.01482373696257998,-0.06367288359010388,-23.691675873758914
77497500.0,-0.9720670183226463,-0.22550242983030516,0.01470506191444099,-0.0633886991824314,-23.732116031149303
77620000.0,-0.9722616766886779,-0.2247485424454277,0.014587893817017483,-0.06310719503479637,-23.77234419861594
77742500.0,-0.9724541527086116,-0.2240001703710636,0.01447220712200282,-0.06282833576125178,-23.81236215766764
77865000.0,-0.9726444801650143,-0.22325725110721098,0.01435797681829191,-0.06255208657004645,-23.85217166834972
77987500.0,-0.9728326921773252,-0.22251972309368623,0.014245178418569543,-0.06227841325170403,-23.891774469574916
78110000.0,-0.9730188212175568,-0.22178752569272506,0.014133787946284865,-0.06200728216737625,-23.93117227944808
78232500.0,-0.9732028991255586,-0.221060599171963,0.014023781922999827,-0.06173866023746397,-23.970366795584724
78355000.0,-0.9733849571238632,-0.2203388846877817,0.01391513735609887,-0.06147251493049812,-24.009359695423772
78477500.0,-0.9735650258321259,-0.2196223242690177,0.01380783172684886,-0.06120881425227521,-24.04815263653432
78600000.0,-0.9737431352811678,-0.21891086080101907,0.013701842978797459,-0.06094752673523992,-24.08674725691684
78722500.0,-0.9739193149266389,-0.21820443801004577,0.013597149506499378,-0.060688621428109074,-24.12514517529878
78845000.0,-0.9740935936623112,-0.217503000448003,0.013493730144559898,-0.0604320678857306,-24.163347991424704
78967500.0,-0.9742659998330125,-0.21680649347750086,0.013391564156985709,-0.06017783615917189,-24.201357286341096
79090000.0,-0.9744365612472117,-0.21611486325723048,0.01329063122683306,-0.059925896786031094,-24.23917462267606
79212500.0,-0.9746053051892694,-0.21542805672765214,0.013190911446144241,-0.05967622078096691,-24.276801544913734
79335000.0,-0.9747722584313601,-0.21474602159698447,0.013092385306162857,-0.059428779626440026,-24.314239579663894
79457500.0,-0.974937447245079,-0.21406870632749006,0.012995033687819537,-0.05918354526366204,-24.35149023592657
79580000.0,-0.9751008974127399,-0.21339606012204845,0.012898837852479365,-0.05894049008374593,-24.38855500535191
79702500.0,-0.9752626342383761,-0.21272803291101144,0.012803779432943096,-0.058699586919053665,-24.425435362495392
79825000.0,-0.9754226825584547,-0.2120645753393327,0.012709840424694035,-0.058460809034735196,-24.462132765068407
79947500.0,-0.9755810667523052,-0.2114056387539656,0.012617003177383358,-0.058224130120455395,-24.498648654184393
80070000.0,-0.9757378107522833,-0.2107511751915232,0.01252525038654611,-0.05798952428230282,-24.53498445460059
80192500.0,-0.9758929380536638,-0.21010113736619296,0.012434565085541083,-0.057756966034876824,-24.571141574955444
80315000.0,-0.9760464717242828,-0.20945547865790215,0.012344930637707693,-0.057526430293548265,-24.607121408001902
80437500.0,-0.9761984344139291,-0.20881415310072698,0.012256330728733207,-0.05729789236688973,-24.64292533083644
80560000.0,-0.9763488483634957,-0.20817711537153882,0.01216874935922385,-0.057071327949270584,-24.67855470512425
80682500.0,-0.9764977354138945,-0.20754432077888324,0.012082170837473798,-0.05684671311361356,-24.71401087732027
80805000.0,-0.9766451170147485,-0.20691572525208707,0.011996579772426038,-0.056624024304308476,-24.749295178886538
80927500.0,-0.9767910142328577,-0.20629128533058544,0.011911961066819212,-0.05640323833027926,-24.78440892650559
81050000.0,-0.9769354477604568,-0.20567095815346748,0.011828299910515096,-0.056184332358200854,-24.819353422290277
81172500.0,-0.97707843792326,-0.20505470144923155,0.011745581774001089,-0.05596728390586191,-24.85412995398985
81295000.0,-0.9772200046883042,-0.20444247352574815,0.011663792402062726,-0.05575207083567021,-24.88873979519258
81417500.0,-0.977360167671602,-0.20383423326042582,0.011582917807621078,-0.05553867134829711,-24.923184205524773
81540000.0,-0.9774989461455943,-0.20322994009057188,0.011502944265730152,-0.055327063976457674,-24.957464430846468
81662500.0,-0.977636359046425,-0.20262955400394783,0.011423858307729623,-0.05511722757882322,-24.991581703443757
81785000.0,-0.9777724249810344,-0.202033035529513,0.011345646715548429,-0.054909141334063466,-25.02553724221776
81907500.0,-0.9779071622340748,-0.20144034572835104,0.011268296516154599,-0.05470278473501436,-25.059332252870497
82030000.0,-0.9780405887746595,-0.20085144618477774,0.011191794976147357,-0.054498137582969626,-25.092967928087525
82152500.0,-0.978172722262945,-0.2002662989976235,0.01111612959648709,-0.054295179982092254,-25.126445447717497
82275000.0,-0.9783035800565523,-0.1996848667716883,0.01104128810735942,-0.05409389233394347,-25.159765978948748
82397500.0,-0.978433179216833,-0.19910711260936464,0.010967258463169394,-0.05389425533212644,-25.192930676482817
82520000.0,-0.9785615365149838,-0.19853300010242383,0.010894028837662082,-0.053696249957041774,-25.225940682705176
82642500.0,-0.978688668438012,-0.19796249332396393,0.010821587619165967,-0.05349985747075227,-25.258797127853025
82765000.0,-0.97881459119456,-0.19739555682051413,0.010749923405955743,-0.0533050594119548,-25.291501130180286
82887500.0,-0.9789393207205858,-0.19683215560429107,0.010679025001730768,-0.05311183759105549,-25.324053796119983
83010000.0,-0.9790628726849144,-0.1962722551456084,0.010608881411206484,-0.05292017408534787,-25.356456220443736
83132500.0,-0.9791852624946503,-0.19571582136542953,0.01053948183581504,-0.0527300512342895,-25.388709486418794
83255000.0,-0.9793065053004663,-0.1951628206280657,0.01047081566951236,-0.052541451634876085,-25.4208146659624
83377500.0,-0.979426616001766,-0.19461321973401446,0.01040287249468865,-0.05235435813711039,-25.45277281979363
83500000.0,-0.9795456092517225,-0.19406698591293356,0.010335642078179327,-0.0521687538395637,-25.484584997582786
83622500.0,-0.9796634994622028,-0.19352408681675065,0.010269114367373688,-0.051984622085027785,-25.516252238098332
83745000.0,-0.9797803008085743,-0.1929844905129038,0.010203279486418635,-0.051801946456255576,-25.54777556935141
83867500.0,-0.9798960272343993,-0.19244816547770974,0.010138127732514653,-0.051620710771787724,-25.579156008738053
83990000.0,-0.9800106924560221,-0.19191508058985826,0.010073649572301698,-0.051440899081864014,-25.610394563179103
84112500.0,-0.9801243099670481,-0.19138520512402885,0.010009835638332356,-0.051262495664416895,-25.641492229257835
84235000.0,-0.9802368930427211,-0.19085850874462823,0.009946676725630054,-0.05108548502114591,-25.67244999335542
84357500.0,-0.9803484547441971,-0.19033496149964385,0.00988416378832978,-0.05090985187367052,-25.703268831784186
84480000.0,-0.9804590079227261,-0.18981453381461544,0.009822287936399403,-0.05073558115976047,-25.733949710918726
84602500.0,-0.9805685652237297,-0.18929719648671495,0.009761040432438934,-0.05056265802964064,-25.764493587325003
84725000.0,-0.9806771390907948,-0.18878292067894042,0.009700412688556103,-0.05039106784237001,-25.794901407887302
84847500.0,-0.98078474176957,-0.188271677914415,0.009640396263315858,-0.050220796162292226,-25.82517410993325
84970000.0,-0.9808913853115777,-0.18776344007079285,0.009580982858761973,-0.05005182875555646,-25.85531262135683
85092500.0,-0.9809970815779382,-0.18725817937476774,0.009522164317508786,-0.04988415158670708,-25.88531786073943
85215000.0,-0.9811018422430112,-0.18675586839668232,0.009463932619901102,-0.04971775081534009,-25.91519073746907
85337500.0,-0.9812056787979563,-0.18625648004523734,0.009406279881240669,-0.04955261279282569,-25.944932151857692
85460000.0,-0.9813086025542115,-0.18575998756229636,0.009349198349077234,-0.04938872405909472,-25.97454299525664
85582500.0,-0.9814106246468983,-0.18526636451778628,0.009292680400562574,-0.04922607133948784,-26.004024150170363
85705000.0,-0.9815117560381473,-0.18477558480469017,0.009236718539865914,-0.049064641541666405,-26.03337649036829
85827500.0,-0.981612007520353,-0.18428762263413073,0.009181305395648898,-0.048904421752582854,-26.062600880995102
85950000.0,-0.9817113897193555,-0.18380245253054314,0.009126433718598828,-0.04874539923551021,-26.091698178679138
86072500.0,-0.9818099130975533,-0.18332004932693471,0.009072096379018423,-0.04858756142712871,-26.12066923163927
86195000.0,-0.9819075879569474,-0.18284038816022963,0.009018286364470775,-0.04843089593466878,-26.149514879790075
86317500.0,-0.9820044244421189,-0.182363444466698,0.008964996777478014,-0.048275390533108815,-26.17823595484537
86440000.0,-0.9821004325431424,-0.18188919397746528,0.008912220833272214,-0.048121033162426566,-26.206833280420256
86562500.0,-0.982195622098436,-0.18141761271410353,0.008859951857597404,-0.04796781192490337,-26.235307672131523
86685000.0,-0.9822900027975489,-0.18094867698429937,0.008808183284561132,-0.04781571508247952,-26.263659937696573
86807500.0,-0.9823835841838905,-0.18048236337759996,0.008756908654534426,-0.047664731054159894,-26.29189087703086
86930000.0,-0.9824763756573999,-0.18001864876123388,0.008706121612098987,-0.04751484841346914,-26.320001282343803
87052500.0,-0.9825683864771583,-0.17955751027600556,0.008655815904040237,-0.04736605588595457,-26.347991938233317
87175000.0,-0.9826596257639465,-0.1790989253322622,0.008605985377385212,-0.04721834234673646,-26.3758636217789
87297500.0,-0.9827501025027467,-0.17864287160593167,0.008556623977484103,-0.04707169681810438,-26.40361710263332
87420000.0,-0.9828398255451921,-0.17818932703462873,0.008507725746134308,-0.04692610846715859,-26.431253143112926
87542500.0,-0.9829288036119641,-0.17773826981383017,0.008459284819745961,-0.04678156660349548,-26.458772498286677
87665000.0,-0.9830170452951413,-0.17728967839311663,0.00841129542754798,-0.04663806067693659,-26.48617591606375
87787500.0,-0.9831045590604953,-0.17684353147247872,0.00836375188983345,-0.04649558027529957,-26.51346413727993
87910000.0,-0.983191353249741,-0.17639980799868743,0.008316648616243455,-0.046354115122210514,-26.540637895782705
88032500.0,-0.9832774360827402,-0.17595848716172788,0.008269980104088463,-0.0462136550749572,-26.5676979185151
88155000.0,-0.983362815659657,-0.17551954839129366,0.008223740936706253,-0.04607419012238174,-26.594644925598246
88277500.0,-0.983447499963073,-0.17508297135334136,0.008177925781855371,-0.04593571038281181,-26.621479630412836
88400000.0,-0.9835314968600511,-0.17464873594670438,0.008132529390143577,-0.0457982061020305,-26.648202739679295
88522500.0,-0.9836148141041667,-0.17421682229976485,0.008087546593490022,-0.045661667651282906,-26.674814953536817
88645000.0,-0.9836974593374876,-0.17378721076718137,0.008042972303620636,-0.04552608552531936,-26.70131696562128
88767500.0,-0.9837794400925202,-0.17335988192667298,0.007998801510595725,-0.045391450340474315,-26.727709463142
88890000.0,-0.9838607637941126,-0.17293481657585769,0.00795502928136912,-0.045257752832780225,-26.753993126957365
89012500.0,-0.9839414377613185,-0.17251199572914355,0.007911650758378012,-0.0451249838561156,-26.780168631649424
89135000.0,-0.9840214692092274,-0.1720914006146733,0.007868661158162796,-0.04499313438038657,-26.80623664559738
89257500.0,-0.9841008652507517,-0.17167301267131926,0.007826055770016181,-0.044862195489741304,-26.83219783105001
89380000.0,-0.9841796328983818,-0.17125681354572936,0.0077838299546608624,-0.04473215838081667,-26.85805284419708
89502500.0,-0.9842577790659064,-0.1708427850894219,0.007741979142955015,-0.044603014361016095,-26.883802335239743
89625000.0,-0.9843353105700943,-0.17043090935592944,0.007700498834625097,-0.04447475484681872,-26.9094469484599
89747500.0,-0.9844122341323475,-0.1700211685979897,0.0076593845970251255,-0.0443473713621184,-26.934987322288602
89870000.0,-0.9844885563803157,-0.1696135452647825,0.007618632063921858,-0.04422085553659235,-26.960424089373525
89992500.0,-0.9845642838494856,-0.16920802199921406,0.007578236934305413,-0.04409519910409913,-26.985757876645387
90115000.0,-0.9846394229847327,-0.16880458163524434,0.007538194971224442,-0.04397039390110452,-27.010989305383557
90237500.0,-0.9847139801418445,-0.168403207195259,0.007498502000645549,-0.043846431865135746,-27.036118991280627
90360000.0,-0.9847879615890145,-0.1680038818874849,0.007459153910336206,-0.04372330503326257,-27.06114754450617
90482500.0,-0.9848613735083059,-0.16760658910344725,0.0074201466487707176,-0.043601005540605434,-27.08607556976957
90605000.0,-0.9849342219970876,-0.1672113124154687,0.007381476224058614,-0.04347952561886955,-27.11090366638194
90727500.0,-0.9850065130694401,-0.1668180355742086,0.00734313870289502,-0.043358857594904814,-27.13563242831728
90850000.0,-0.9850782526575358,-0.1664267425062429,0.007305130209532462,-0.04323899388929083,-27.160262444272657
90972500.0,-0.9851494466129933,-0.16603741731168303,0.007267446924773587,-0.043119927014946574,-27.1847942977277
91095000.0,-0.9852201007082022,-0.16565004426183266,0.0072300850849843605,-0.04300164957576423,-27.2092285670031
91217500.0,-0.9852902206376246,-0.1652646077968829,0.007193040981127237,-0.04288415426526675,-27.2335658253185
91340000.0,-0.985359812019073,-0.16488109252364444,0.007156310957813841,-0.0427674338652885,-27.25780664084944
91462500.0,-0.9854288803949591,-0.16449948321331567,0.00711989141237676,-0.042651481244678956,-27.281951576783566
91585000.0,-0.9854974312335245,-0.164119764799287,0.007083778793959929,-0.04253628935802833,-27.306001191376108
91707500.0,-0.9855654699300413,-0.1637419223749794,0.007047969602627259,-0.04242185124441535,-27.32995603800458
91830000.0,-0.9856330018079973,-0.1633659411917184,0.007012460388489062,-0.04230816002617642,-27.353816665222702
91952500.0,-0.9857000321202508,-0.16299180665664084,0.006977247750845854,-0.042195208907695694,-27.37758361681366
92075000.0,-0.9857665660501707,-0.16261950433063535,0.006942328337349193,-0.04208299117421598,-27.401257431842577
92197500.0,-0.9858326087127505,-0.16224901992631488,0.006907698843179075,-0.041971500190669565,-27.42483864470834
92320000.0,-0.9858981651557018,-0.1618803393060217,0.0068733560102376585,-0.041860729400529186,-27.44832778519467
92442500.0,-0.9859632403605302,-0.16151344847986318,0.006839296626358802,-0.04175067232467823,-27.471725378520553
92565000.0,-0.9860278392435873,-0.16114833360377875,0.00680551752453314,-0.041641322560299975,-27.495031945389975
92687500.0,-0.9860919666571054,-0.1607849809776366,0.0067720155821483505,-0.0415326737797857,-27.518248002041013
92810000.0,-0.9861556273902127,-0.16042337704336074,0.006738787720244277,-0.04142471972966103,-27.541374060294203
92932500.0,-0.9862188261699283,-0.1600635083830865,0.0067058309027825105,-0.04131745422953019,-27.5644106276004
93055000.0,-0.9862815676621408,-0.1597053617173448,0.006673142135930197,-0.041210871171038,-27.587358207087874
93177500.0,-0.9863438564725661,-0.15934892390327496,0.006640718467357749,-0.041104964516849266,-27.610217297608813
93300000.0,-0.9864056971476916,-0.1589941819328644,0.006608556985550046,-0.040999728299644836,-27.632988393785304
93422500.0,-0.9864670941756981,-0.15864112293121596,0.006576654819130999,-0.04089515662113468,-27.65567198605456
93545000.0,-0.9865280519873696,-0.15828973415484168,0.006545009136201036,-0.040791243651087064,-27.678268560713676
93667500.0,-0.9865885749569827,-0.15794000298998231,0.006513617143687294,-0.04068798362637374,-27.70077859996375
93790000.0,-0.9866486674031818,-0.1575919169509531,0.006482476086706261,-0.04058537085003105,-27.72320258195343
93912500.0,-0.9867083335898386,-0.15724546367851475,0.006451583247938559,-0.04048339969033631,-27.745540980821882
94035000.0,-0.9867675777268944,-0.1569006309382684,0.006420935947015577,-0.04038206457989932,-27.767794266741234
94157500.0,-0.9868264039711884,-0.15655740661907583,0.0063905315399178046,-0.04028136001476884,-27.78996290595844
94280000.0,-0.9868848164272715,-0.15621577873150322,0.006360367418384495,-0.0401812805535536,-27.812047360836594
94402500.0,-0.9869428191482044,-0.15587573540628805,0.006330441009334461,-0.04008182081655745,-27.834048089895788
94525000.0,-0.9870004161363413,-0.15553726489282985,0.006300749774297825,-0.03998297548492892,-27.85596554785329
94647500.0,-0.9870576113441006,-0.15520035555770273,0.006271291208858353,-0.039884739299824126,-27.877800185663403
94770000.0,-0.9871144086747212,-0.15486499588319078,0.006242062842106293,-0.039787107061583525,-27.899552450556634
94892500.0,-0.9871708119830062,-0.15453117446584547,0.006213062236101401,-0.03969007362892183,-27.92122278607848
95015000.0,-0.9872268250760511,-0.15419888001506382,0.006184286985345952,-0.039593633918130894,-27.94281163212765
95137500.0,-0.9872824517139623,-0.15386810135168866,0.006155734716267573,-0.03949778290229552,-27.96431942499386
95260000.0,-0.9873376956105612,-0.1535388274066288,0.006127403086711609,-0.039402515610521646,-27.9857465973951
95382500.0,-0.9873925604340744,-0.15321104721949994,0.0060992897854429,-0.03930782712717703,-28.007093578514453
95505000.0,-0.9874470498078158,-0.1528847499372863,0.006071392531656748,-0.03921371259114398,-28.028360794036416
95627500.0,-0.9875011673108528,-0.15255992481302055,0.0060437090744988224,-0.03912016719508382,-28.049548666182847
95750000.0,-0.9875549164786633,-0.15223656120448462,0.006016237192593931,-0.039027186184713326,-28.070657613748327
95872500.0,-0.9876083008037793,-0.15191464857292852,0.005988974693583361,-0.038934764858092295,-28.091688052135225
95995000.0,-0.9876613237364223,-0.1515941764818083,0.005961919413670661,-0.0388428985649225,-28.11264039338821
96117500.0,-0.9877139886851249,-0.15127513459554257,0.005935069217175718,-0.03875158270585775,-28.133515046228382
96240000.0,-0.9877662990173413,-0.15095751267828653,0.005908421996096895,-0.03866081273182465,-28.154312416086974
96362500.0,-0.9878182580600512,-0.15064130059272474,0.005881975669681109,-0.03857058414335416,-28.17503290513863
96485000.0,-0.9878698691003489,-0.15032648829888037,0.005855728184001672,-0.03848089248992347,-28.195676912334275
96607500.0,-0.9879211353860246,-0.1500130658529424,0.00582967751154371,-0.0383917333693082,-28.21624483343356
96730000.0,-0.9879720601261355,-0.1497010234061092,0.005803821650797068,-0.038303102426944714,-28.236737061036937
96852500.0,-0.9880226464915663,-0.1493903512034491,0.005778158625856473,-0.03821499535530229,-28.257153984617325
96975000.0,-0.9880728976155819,-0.14908103958277738,0.005752686486028879,-0.03812740789326511,-28.27749599055136
97097500.0,-0.9881228165943686,-0.1487730789735489,0.005727403305447771,-0.03804033582552362,-28.297763462150307
97220000.0,-0.9881724064875674,-0.14846645989576687,0.005702307182694367,-0.03795377498197556,-28.317956779690565
97342500.0,-0.9882216703187988,-0.14816117295890702,0.005677396240425511,-0.03786772123713589,-28.338076320443804
97465000.0,-0.9882706110761766,-0.1478572088608575,0.0056526686250081785,-0.037782170509556075,-28.35812245870674
97587500.0,-0.9883192317128158,-0.14755455838687281,0.005628122506160387,-0.03769711876125203,-28.378095565830563
97710000.0,-0.9883675351473304,-0.1472532124085438,0.00560375607659849,-0.03761256199714099,-28.397996010249955
97832500.0,-0.9884155242643227,-0.14695316188278135,0.005579567551690632,-0.037528496264486906,-28.4178241575118
97955000.0,-0.9884632019148646,-0.14665439785081422,0.005555555169116247,-0.03744491765235416,-28.437580370303586
98077500.0,-0.9885105709169727,-0.14635691143720211,0.005531717188531583,-0.0373618222910698,-28.457265008481343
98200000.0,-0.9885576340560728,-0.14606069384886128,0.005508051891240995,-0.037279206351693815,-28.47687842909739
98322500.0,-0.9886043940854577,-0.14576573637410434,0.005484557579873965,-0.03719706604549729,-28.49642098642763
98445000.0,-0.9886508537267387,-0.1454720303816935,0.005461232578067748,-0.03711539762344865,-28.51589303199859
98567500.0,-0.9886970156702874,-0.14517956731990714,0.00543807523015551,-0.03703419737570756,-28.535294914614116
98690000.0,-0.9887428825756731,-0.14488833871561876,0.005415083900859815,-0.03695346163112634,-28.554626980381737
98812500.0,-0.98878845707209,-0.14459833617338924,0.005392256974991435,-0.03687318675675895,-28.573889572738732
98935000.0,-0.9888337417587788,-0.14430955137457163,0.005369592857153307,-0.036793369157377284,-28.593083032477892
99057500.0,-0.9888787392054427,-0.14402197607642775,0.005347089971449572,-0.03671400527499463,-28.61220769777296
99180000.0,-0.9889234519526537,-0.14373560211125766,0.0053247467611995955,-0.036635091588396326,-28.63126390420379
99302500.0,-0.9889678825122566,-0.14345042138554076,0.005302561688656865,-0.03655662461267734,-28.650251984781153
99425000.0,-0.98901203336776,-0.14316642587908834,0.005280533234732654,-0.0364786008987866,-28.66917226997138
99547500.0,-0.9890559069747286,-0.14288360764420852,0.005258659898724407,-0.03640101703307824,-28.688025087720533
99670000.0,-0.9890995057611629,-0.14260195880488158,0.005236940198048702,-0.03632386963686939,-28.70681076347847
99792500.0,-0.9891428321278765,-0.1423214715559474,0.0052153726679787255,-0.036247155366004355,-28.72552962022251
99915000.0,-0.9891858884488658,-0.1420421381623036,0.005193955861386195,-0.03617087091042543,-28.744181978480867
100037500.0,-0.9892286770716749,-0.14176395095811425,0.0051726883484875955,-0.036095012993749856,-28.762768156355797
100160000.0,-0.9892712003177516,-0.14148690234602945,0.005151568716594669,-0.03601957837285286,-28.78128846954654
100282500.0,-0.9893134604828034,-0.1412109847964161,0.00513059556986913,-0.03594456383745715,-28.799743231371835
100405000.0,-0.9893554598371422,-0.14093619084659792,0.005109767529081404,-0.035869966209727905,-28.818132752792394
100527500.0,-0.9893972006260259,-0.14066251310010638,0.005089083231373449,-0.03579578234387405,-28.83645734243293
100650000.0,-0.9894386850699958,-0.14038994422594142,0.00506854133002547,-0.03572200912575509,-28.85471730660401
100772500.0,-0.9894799153652064,-0.1401184769578424,0.005048140494226538,-0.03564864347249369,-28.8729129493237
100895000.0,-0.9895208936837517,-0.1398481040935682,0.005027879408848992,-0.03557568233209393,-28.89104457233884
101017500.0,-0.9895616221739849,-0.13957881849418724,0.005007756774226532,-0.03550312268306484,-28.90911247514621
101140000.0,-0.9896021029608346,-0.1393106130833771,0.004987771305936032,-0.035430961534049635,-28.927116955013354
101262500.0,-0.9896423381461151,-0.13904348084673304,0.004967921734582875,-0.03535919592346006,-28.94505830699923
101385000.0,-0.9896823298088326,-0.138777414831086,0.004948206805589833,-0.03528782291911601,-28.962936823974562
101507500.0,-0.9897220800054853,-0.13851240814382929,0.004928625278989403,-0.03521683961789037,-28.980752796642044
101630000.0,-0.9897615907703605,-0.1382484539522543,0.004909175929219523,-0.035146243145358864,-28.99850651355623
101752500.0,-0.989800864115826,-0.1379855454828952,0.004889857544922605,-0.03507603065545481,-29.016198261143266
101875000.0,-0.9898399020326172,-0.13772367602088154,0.004870668928747844,-0.03500619933012894,-29.033828323720353
101997500.0,-0.9898787064901199,-0.1374628389093002,0.0048516088971567424,-0.03493674637901396,-29.051396983515016
102120000.0,-0.9899172794366498,-0.13720302754856478,0.004832676280231716,-0.03486766903909368,-29.068904520684164
102242500.0,-0.9899556227997252,-0.13694423539579406,0.004813869921487889,-0.034798964574377186,-29.086351213332883
102365000.0,-0.9899937384863371,-0.13668645596419782,0.004795188677687831,-0.03473063027557729,-29.10373733753309
102487500.0,-0.9900316283832166,-0.136429682822471,0.004776631418659283,-0.03466266345979351,-29.12106316734195
102610000.0,-0.990069294357095,-0.1361739095941957,0.00475819702711585,-0.0345950614701997,-29.138328974820045
102732500.0,-0.9901067382549631,-0.13591912995725083,0.004739884398480507,-0.03452782167573584,-29.15553503004942
102855000.0,-0.9901439619043232,-0.13566533764322902,0.00472169244071193,-0.03446094147080419,-29.172681601151382
102977500.0,-0.9901809671134417,-0.13541252643686208,0.004703620074133635,-0.034394418274969814,-29.189768954304057
103100000.0,-0.9902177556715933,-0.13516069017545232,0.004685666231265752,-0.034328249532664966,-29.206797353759892
103222500.0,-0.9902543293493054,-0.1349098227483126,0.004667829856659524,-0.03426243271289789,-29.22376706186279
103345000.0,-0.9902906898985946,-0.1346599180962123,0.004650109906734402,-0.034196965308965446,-29.240678339065198
103467500.0,-0.9903268390532044,-0.1344109702108315,0.0046325053496177075,-0.0341318448381698,-29.257531443944917
103590000.0,-0.9903627785288374,-0.13416297313422143,0.004615015164986828,-0.03406706884153905,-29.274326633221758
103712500.0,-0.9903985100233806,-0.13391592095827126,0.004597638343913842,-0.034002634883551444,-29.291064161774077
103835000.0,-0.990434035217134,-0.1336698078241831,0.004580373888712663,-0.033938540551863794,-29.307744282654976
103957500.0,-0.9904693557730297,-0.13342462792195256,0.004563220812788509,-0.0338747834570433,-29.3243672471085
104080000.0,-0.9905044733368521,-0.13318037548985573,0.004546178140489718,-0.0338113612323031,-29.34093330458554
104202500.0,-0.9905393895374514,-0.13293704481394333,0.004529244906961904,-0.03374827153324151,-29.357442702759617
104325000.0,-0.9905741059869572,-0.1326946302275411,0.004512420158004362,-0.03368551203758476,-29.373895687542472
104447500.0,-0.9906086242809862,-0.1324531261107557,0.004495702949928681,-0.033623080444933215,-29.390292503099488
104570000.0,-0.9906429459988483,-0.13221252688998755,0.004479092349419565,-0.03356097447651103,-29.406633391864986
104692500.0,-0.9906770727037494,-0.13197282703744978,0.004462587433397795,-0.03349919187491928,-29.42291859455728
104815000.0,-0.990711005942992,-0.13173402107069265,0.004446187288885287,-0.033437730403892287,-29.439148350193626
104937500.0,-0.9907447472481707,-0.1314961035521341,0.004429891012872238,-0.03337658784805734,-29.455322896105027
105060000.0,-0.990778298135367,-0.13125906908859644,0.004413697712186311,-0.03331576201269763,-29.4714424679508
105182500.0,-0.9908116601053405,-0.1310229123308483,0.004397606503363786,-0.033255250723518266,-29.487507299733082
105305000.0,-0.9908448346437171,-0.13078762797315244,0.004381616512522719,-0.03319505182641557,-29.503517623811092
105427500.0,-0.9908778232211753,-0.1305532107528195,0.004365726875238031,-0.03313516318724945,-29.51947367091531
105550000.0,-0.9909106272936289,-0.13031965544976634,0.004349936736418431,-0.03307558269161858,-29.535375670161482
105672500.0,-0.9909432483024067,-0.13008695688608088,0.004334245250185301,-0.033016308244638914,-29.55122384906446
105795000.0,-0.9909756876744311,-0.1298551099255913,0.004318651579753327,-0.03295733777072488,-29.567018433551922
105917500.0,-0.9910079468223935,-0.12962410947344125,0.004303154897312987,-0.032898669213373595,-29.582759647977916
106040000.0,-0.9910400271449267,-0.12939395047566998,0.0042877543839147875,-0.03284030053495193,-29.59844771513628
106162500.0,-0.991071930026775,-0.12916462791879738,0.004272449229355241,-0.03278222971648638,-29.614082856273942
106285000.0,-0.9911036568389623,-0.1289361368294142,0.004257238632064543,-0.0327244547574556,-29.629665291104033
106407500.0,-0.9911352089389578,-0.12870847227377746,0.004242121798995956,-0.03266697367558589,-29.645195237818896
106530000.0,-0.9911665876708385,-0.1284816293574106,0.004227097945516833,-0.03260978450664919,-29.66067291310294
106652500.0,-0.9911977943654506,-0.12825560322470816,0.004212166295301242,-0.03255288530426373,-29.676098532145375
106775000.0,-0.9912288303405684,-0.1280303890585458,0.004197326080224222,-0.03249627413969739,-29.691472308652823
106897500.0,-0.991259696901049,-0.12780598207989466,0.0041825765402575986,-0.03243994910167356,-29.706794454861747
107020000.0,-0.9912903953389879,-0.12758237754744023,0.004167916923367328,-0.032383908296179514,-29.722065181550796
107142500.0,-0.991320926933871,-0.1273595707572061,0.004153346485412362,-0.03232814984627732,-29.737284698053035
107265000.0,-0.9913512929527231,-0.12713755704218224,0.004138864490045024,-0.03227267189191715,-29.752453212267994
107387500.0,-0.9913814946502568,-0.12691633177195716,0.0041244702086128265,-0.032217472589753104,-29.767570930673646
107510000.0,-0.9914115332690182,-0.12669589035235518,0.004110162920061736,-0.03216255011296128,-29.782638058338215
107632500.0,-0.9914414100395298,-0.12647622822507765,0.004095941910840875,-0.03210790265106034,-29.7976547989319
107755000.0,-0.9914711261804324,-0.12625734086734824,0.004081806474808584,-0.032053528409734244,-29.81262135473845
107877500.0,-0.9915006828986249,-0.12603922379156285,0.004067755913139876,-0.031999425610657335,-29.82753792666667
108000000.0,-0.9915300813894022,-0.1258218725449433,0.004053789534235245,-0.03194559249132173,-29.842404714261704
108122500.0,-0.9915593228365909,-0.12560528270919555,0.004039906653630786,-0.03189202730486681,-29.857221915716323
108245000.0,-0.9915884084126828,-0.12538944990017126,0.0040261065939096,-0.03183872831991087,-29.87198972788206
108367500.0,-0.9916173392789686,-0.12517436976753396,0.004012388684614533,-0.031785693820385104,-29.88670834628014
108490000.0,-0.9916461165856654,-0.1249600379944289,0.0039987522621621335,-0.031732922105369495,-29.90137796511246
108612500.0,-0.9916747414720487,-0.12474645029715663,0.003985196669757846,-0.031680411488930846,-29.91599877727233
108735000.0,-0.9917032150665761,-0.12453360242485065,0.003971721257312472,-0.031628160299963036,-29.930570974355128
108857500.0,-0.9917315384870142,-0.12432149015915861,0.003958325381359762,-0.031576166882028966,-29.945094746668918
108980000.0,-0.9917597128405615,-0.12411010931392724,0.003945008404975247,-0.03152442959320481,-29.959570283244872
109102500.0,-0.9917877392239699,-0.12389945573489115,0.003931769697696198,-0.03147294680592609,-29.973997771847642
109225000.0,-0.9918156187236652,-0.1236895252993651,0.0039186086354427475,-0.031421716906835734,-29.988377398985577
109347500.0,-0.9918433524158643,-0.1234803139159394,0.003905524600440098,-0.03137073829663389,-30.00270934992092
109470000.0,-0.991870941366694,-0.12327181752417996,0.0038925169811418934,-0.03132000938992998,-30.016993808679807
109592500.0,-0.991898386632304,-0.12306403209433041,0.0038795851721546135,-0.03126952861509611,-30.03123095806224
109715000.0,-0.9919256892589822,-0.12285695362701836,0.00386672857416308,-0.031219294414122772,-30.04542097965192
109837500.0,-0.9919528502832664,-0.12265057815296562,0.0038539465938570144,-0.031169305242476065,-30.059564053825987
109960000.0,-0.9919798707320551,-0.12244490173270042,0.00384123864385861,-0.031119559568956845,-30.073660359764673
110082500.0,-0.9920067516227156,-0.12223992045627385,0.003828604142651129,-0.031070055875561473,-30.087710075460862
110205000.0,-0.9920334939631937,-0.12203563044297926,0.003816042514508508,-0.031020792657344403,-30.101713377729542
110327500.0,-0.9920600987521188,-0.12183202784107498,0.0038035531894259544,-0.0309717684222825,-30.115670442217144
110450000.0,-0.9920865669789076,-0.12162910882750982,0.0037911356030514943,-0.030922981691140876,-30.12958144341088
110572500.0,-0.9921128996238705,-0.1214268696076523,0.0037787891966184943,-0.030874430997340562,-30.143446554647838
110695000.0,-0.9921390976583114,-0.12122530641502244,0.0037665134168791215,-0.030826114886827717,-30.157265948124127
110817500.0,-0.9921651620446296,-0.12102441551102665,0.0037543077160387024,-0.03077803191794439,-30.171039794903855
110940000.0,-0.9921910937364176,-0.12082419318469576,0.0037421715516910343,-0.030730180661301003,-30.184768264928053
111062500.0,-0.9922168936785625,-0.12062463575242623,0.0037301043867545612,-0.030682559699650305,-30.19845152702348
111185000.0,-0.9922425628073394,-0.1204257395577235,0.003718105689409437,-0.030635167627762836,-30.212089748911364
111307500.0,-0.9922681020505085,-0.12022750097094888,0.00370617493303546,-0.030588003052304,-30.22568309721607
111430000.0,-0.9922935123274103,-0.12002991638906943,0.003694311596150876,-0.030541064591712613,-30.239231737473652
111552500.0,-0.9923187945490571,-0.1198329822354099,0.0036825151623519916,-0.030494350876080857,-30.252735834140317
111675000.0,-0.9923439496182251,-0.11963669495940768,0.0036707851202536284,-0.030447860547035726,-30.266195550600866
111797500.0,-0.9923689784295472,-0.1194410510363714,0.0036591209634304154,-0.03040159225762199,-30.279611049176975
111920000.0,-0.9923938818695993,-0.11924604696724063,0.0036475221903588422,-0.03035554467218644,-30.29298249113546
112042500.0,-0.9924186608169913,-0.11905167927834939,0.0036359883043601245,-0.030309716466263584,-30.30631003669642
112165000.0,-0.9924433161424526,-0.11885794452119208,0.003624518813543855,-0.030264106326462776,-30.31959384504131
112287500.0,-0.9924678487089196,-0.11866483927219175,0.0036131132307524027,-0.030218712950356653,-30.33283407432096
112410000.0,-0.9924922593716192,-0.1184723601324708,0.003601771073506062,-0.03017353504637083,-30.34603088166348
112532500.0,-0.9925165489781548,-0.11828050372762496,0.003590491863948963,-0.03012857133367506,-30.359184423182132
112655000.0,-0.9925407183685866,-0.11808926670749875,0.003579275128795703,-0.03008382054207566,-30.372294853983057
112777500.0,-0.9925647683755152,-0.11789864574596413,0.0035681203992786797,-0.03003928141190908,-30.38536232817303
112900000.0,-0.9925886998241615,-0.11770863754070127,0.0035570272110961674,-0.029994952693936972,-30.398386998867032
113022500.0,-0.9926125135324477,-0.11751923881298201,0.0035459951043610616,-0.02995083314924233,-30.41136901819584
113145000.0,-0.9926362103110729,-0.1173304463074549,0.0035350236235503108,-0.029906921549126875,-30.42430853731347
113267500.0,-0.9926597909635949,-0.11714225679193381,0.003524112317455049,-0.02986321667500981,-30.43720570640461
113390000.0,-0.9926832562865038,-0.11695466705718764,0.003513260739131362,-0.029819717318327537,-30.450060674691947
113512500.0,-0.9927066070692984,-0.11676767391673298,0.0035024684458517304,-0.029776422280434773,-30.462873590443436
113635000.0,-0.9927298440945628,-0.11658127420662906,0.0034917349990571133,-0.029733330372506705,-30.475644600979486
113757500.0,-0.9927529681380367,-0.11639546478527432,0.003481059964309657,-0.029690440415442304,-30.488373852680116
113880000.0,-0.9927759799686928,-0.11621024253320617,0.003470442911246056,-0.02964775123976889,-30.501061490991983
114002500.0,-0.9927988803488041,-0.11602560435290155,0.003459883413531491,-0.029605261685547616,-30.513707660435404
114125000.0,-0.9928216700340188,-0.11584154716858111,0.0034493810488142166,-0.02956297060228026,-30.52631250461127
114247500.0,-0.9928443497734286,-0.11565806792601427,0.0034389353986807093,-0.02952087684881697,-30.53887616620792
114370000.0,-0.992866920309638,-0.11547516359232715,0.0034285460486114376,-0.029478979293265137,-30.55139878700794
114492500.0,-0.9928893823788336,-0.11529283115581215,0.003418212587937185,-0.029437276812899323,-30.563880507894883
114615000.0,-0.9929117367108512,-0.11511106762573968,0.003407934609795962,-0.029395768294072255,-30.57632146885996
114737500.0,-0.9929339840292429,-0.11492987003217213,0.0033977117110904815,-0.029354452632126816,-30.58872180900864
114860000.0,-0.9929561250513417,-0.114749235425779,0.003387543492446167,-0.029313328731309058,-30.601081666567204
114982500.0,-0.9929781604883298,-0.11456916087765556,0.0033774295581697473,-0.0292723955046823,-30.613401178889227
115105000.0,-0.9930000910452985,-0.11438964347914127,0.0033673695162083324,-0.02923165187404201,-30.62568048246201
115227500.0,-0.9930219174213157,-0.11421068034164225,0.00335736297810909,-0.02919109676983199,-30.637919712912932
115350000.0,-0.9930436403094869,-0.11403226859645434,0.0033474095589793806,-0.029150729131061214,-30.65011900501579
115472500.0,-0.9930652603970174,-0.11385440539458827,0.0033375088774474488,-0.02911054790522182,-30.662278492697
115595000.0,-0.9930867783652718,-0.11367708790659657,0.003327660555623588,-0.029070552048207892,-30.674398309041848
115717500.0,-0.9931081948898393,-0.1135003133224033,0.0033178642190618566,-0.02903074052423538,-30.686478586300563
115840000.0,-0.9931295106405873,-0.11332407885113362,0.003308119496722216,-0.028991112305762682,-30.69851945589444
115962500.0,-0.9931507262817251,-0.11314838172094722,0.0032984260209332223,-0.028951666373412333,-30.710521048421842
116085000.0,-0.9931718424718603,-0.11297321917887201,0.0032887834273551473,-0.028912401715893498,-30.722483493664157
116207500.0,-0.9931928598640559,-0.11279858849064021,0.003279191354943597,-0.028873317329925343,-30.73440692059174
116330000.0,-0.993213779105889,-0.11262448694052611,0.0032696494459135772,-0.02883441222016128,-30.74629145736974
116452500.0,-0.9932346008395051,-0.11245091183118526,0.003260157345704039,-0.028795685399114125,-30.75813723136391
116575000.0,-0.9932553257016751,-0.11227786048349561,0.003250714702942849,-0.02875713588708205,-30.76994436914636
116697500.0,-0.9932759543238487,-0.11210533023640008,0.003241321169412218,-0.0287187627120753,-30.78171299650127
116820000.0,-0.9932964873322095,-0.11193331844675067,0.003231976400014567,-0.028680564909743928,-30.79344323843051
116942500.0,-0.9933169253477292,-0.11176182248915482,0.003222680052738827,-0.028642541523306163,-30.80513521915924
117065000.0,-0.9933372689862191,-0.11159083975582247,0.003213431788627153,-0.028604691603477672,-30.81678906214147
117187500.0,-0.9933575188583833,-0.11142036765641522,0.003204231271742067,-0.028567014208401582,-30.82840489006553
117310000.0,-0.99337767556987,-0.11125040361789697,0.0031950781691340146,-0.028529508403579325,-30.839982824859533
117432500.0,-0.9933977397213228,-0.11108094508438596,0.003185972150809319,-0.028492173261802187,-30.85152298769675
117555000.0,-0.9934177119084308,-0.11091198951700845,0.003176912889698548,-0.0284550078630837,-30.863025499000972
117677500.0,-0.9934375927219783,-0.11074353439375391,0.0031679000616252713,-0.02841801129459272,-30.8744904784518
117800000.0,-0.9934573827478949,-0.1105755772093313,0.0031589333452751974,-0.028381182650587297,-30.885918044989886
117922500.0,-0.993477082567303,-0.11040811547502766,0.003150012422165724,-0.028344521032349263,-30.897308316822144
118045000.0,-0.9934966927565668,-0.11024114671856704,0.0031411369766158304,-0.02830802554811953,-30.908661411426905
118167500.0,-0.9935162138873397,-0.11007466848397195,0.0031323066957163756,-0.02827169531303414,-30.91997744555902
118290000.0,-0.9935356465266111,-0.10990867833142534,0.0031235212693007377,-0.028235529449060968,-30.931256535254917
118412500.0,-0.9935549912367513,-0.1097431738371342,0.0031147803899158368,-0.028199527084937167,-30.942498795837643
118535000.0,-0.993574248575561,-0.1095781525931953,0.003106083752793516,-0.028163687356107348,-30.953704341921807
118657500.0,-0.9935934190963126,-0.1094136122074607,0.003097431055822241,-0.02812800940466224,-30.964873287418534
118780000.0,-0.9936125033477983,-0.10924955030340645,0.003088821999519207,-0.028092492379278338,-30.976005745540313
118902500.0,-0.9936315018743723,-0.10908596452000116,0.0030802562870027336,-0.028057135435157917,-30.987101828805873
119025000.0,-0.9936504152159943,-0.10892285251157639,0.0030717336239650217,-0.028021937733969847,-30.99816164904498
119147500.0,-0.9936692439082755,-0.1087602119476989,0.003063253718645257,-0.02798689844379111,-31.00918531740316
119270000.0,-0.9936879884825174,-0.10859804051304306,0.0030548162818030116,-0.027952016739048784,-31.020172944346427
119392500.0,-0.9937066494657578,-0.10843633590726533,0.0030464210266919842,-0.027917291800462776,-31.031124639665983
119515000.0,-0.9937252273808104,-0.10827509584487999,0.0030380676690340775,-0.027882722814989193,-31.0420405124828
119637500.0,-0.9937437227463056,-0.10811431805513548,0.003029755926993757,-0.027848308975764246,-31.052920671252238
119760000.0,-0.9937621360767337,-0.10795400028189282,0.003021485521152754,-0.027814049482048863,-31.06376522376859
119882500.0,-0.9937804678824835,-0.10779414028350444,0.0030132561744850446,-0.027779943539173766,-31.07457427716958
120005000.0,-0.9937987186698813,-0.10763473583269466,0.003005067612332156,-0.027745990358485285,-31.085347937940835
120127500.0,-0.9938168889412337,-0.10747578471644131,0.0029969195623787553,-0.027712189157291664,-31.096086311920317
120250000.0,-0.9938349791948622,-0.10731728473585841,0.002988811754628542,-0.027678539158809967,-31.106789504302725
120372500.0,-0.9938529899251455,-0.10715923370607995,0.0029807439213804213,-0.027645039592113597,-31.117457619643815
120495000.0,-0.993870921622555,-0.1070016294561451,0.0029727157972049747,-0.027611689692080294,-31.128090761864744
120617500.0,-0.9938887747736945,-0.10684446982888413,0.0029647271189212005,-0.027578488699340774,-31.138689034256334
120740000.0,-0.9939065498613348,-0.10668775268080562,0.0029567776255735403,-0.027545435860227886,-31.149252539483314
120862500.0,-0.993924247364454,-0.10653147588198525,0.0029488670584091803,-0.027512530426726276,-31.159781379588498
120985000.0,-0.9939418677582705,-0.10637563731595462,0.002940995160855615,-0.02747977165642265,-31.170275655997003
121107500.0,-0.9939594115142812,-0.10622023487959217,0.0029331616784984927,-0.027447158812456556,-31.18073546952032
121230000.0,-0.9939768791002956,-0.10606526648301462,0.0029253663590597077,-0.02741469116347162,-31.19116092036044
121352500.0,-0.9939942709804729,-0.1059107300494696,0.0029176089523757606,-0.027382367983567392,-31.20155210811391
121475000.0,-0.9940115876153545,-0.10575662351522937,0.0029098892103763827,-0.027350188552251693,-31.211909131775833
121597500.0,-0.9940288294618999,-0.10560294482948536,0.0029022068870633907,-0.02731815215439334,-31.22223208974388
121720000.0,-0.9940459969735197,-0.10544969195424403,0.0028945617384898187,-0.027286258080175572,-31.232521079822245
121842500.0,-0.9940630906001111,-0.10529686286422357,0.002886953522739274,-0.02725450562504982,-31.24277619922552
121965000.0,-0.9940801107880879,-0.10514445554675135,0.0028793819999055445,-0.027222894089689996,-31.25299754458265
122087500.0,-0.994097057980417,-0.10499246800166298,0.002871846932072445,-0.027191422779947273,-31.263185211940737
122210000.0,-0.9941139326166482,-0.10484089824120171,0.002864348083293908,-0.02716009100680542,-31.273339296768835
122332500.0,-0.9941307351329473,-0.10468974428991916,0.002856885219574288,-0.027128898086336433,-31.283459893961812
122455000.0,-0.994147465962129,-0.10453900418457676,0.0028494581088489104,-0.027097843339656768,-31.293547097844044
122577500.0,-0.9941641255336856,-0.10438867597404831,0.002842066520964847,-0.027066926092884,-31.303601002173135
122700000.0,-0.9941807142738212,-0.10423875771922352,0.002834710227661912,-0.027036145677093927,-31.313621700143646
122822500.0,-0.99419723260548,-0.1040892474929121,0.0028273890025538708,-0.02700550142827807,-31.323609284390717
122945000.0,-0.9942136809483781,-0.10394014337974916,0.0028201026211098854,-0.026974992687301743,-31.333563846993716
123067500.0,-0.9942300597190336,-0.10379144347610153,0.0028128508606361648,-0.02694461879986248,-31.343485479479796
123190000.0,-0.9942463693307949,-0.10364314588997439,0.0028056335002578136,-0.026914379116448776,-31.353374272827523
123312500.0,-0.9942626101938723,-0.1034952487409196,0.002798450320900922,-0.026884272992299563,-31.363230317470343
123435000.0,-0.9942787827153649,-0.10334775015994406,0.002791301105274828,-0.026854299787363756,-31.373053703300144
123557500.0,-0.9942948872992912,-0.10320064828941976,0.0027841856378546105,-0.02682445886626048,-31.382844519670687
123680000.0,-0.9943109243466159,-0.10305394128299386,0.0027771037048637684,-0.02679474959823958,-31.39260285540107
123802500.0,-0.9943268942552793,-0.1029076273055004,0.002770055094257103,-0.026765171357142552,-31.402328798779138
123925000.0,-0.9943427974202258,-0.10276170453287226,0.002763039595703796,-0.02673572352136392,-31.41202243756489
124047500.0,-0.9943586342334291,-0.10261617115205407,0.002756057000570683,-0.02670640547381297,-31.421683858993802
124170000.0,-0.9943744050839208,-0.10247102536091598,0.0027491071019057093,-0.026677216601875872,-31.43131314978019
124292500.0,-0.994390110357818,-0.10232626536816852,0.002742189694421591,-0.02664815629737824,-31.440910396120483
124415000.0,-0.9944057504383489,-0.10218188939327769,0.002735304574479641,-0.026619223956548005,-31.450475683696524
124537500.0,-0.9944213257058797,-0.10203789566638129,0.0027284515400738006,-0.02659041897997877,-31.460009097678796
124660000.0,-0.9944368365379405,-0.1018942824282057,0.0027216303908148293,-0.02656174077259339,-31.46951072272965
124782500.0,-0.9944522833092508,-0.10175104792998375,0.0027148409279146883,-0.026533188743608042,-31.478980643006512
124905000.0,-0.9944676663917459,-0.10160819043337306,0.0027080829541711034,-0.02650476230649668,-31.488418942164994
125027500.0,-0.9944829861546014,-0.1014657082103755,0.002701356273952293,-0.026476460878955728,-31.497825703362118
125150000.0,-0.9944982429642587,-0.10132359954325683,0.002694660693181863,-0.026448283882869215,-31.507201009259347
125272500.0,-0.994513437184449,-0.10118186272446755,0.002687996019323891,-0.026420230744274294,-31.516544942025718
125395000.0,-0.9945285691762178,-0.10104049605656444,0.0026813620613681585,-0.026392300893327,-31.5258575833409
125517500.0,-0.9945436392979513,-0.1008994978521326,0.002674758629815565,-0.02636449376426851,-31.535139014398194
125640000.0,-0.9945586479053968,-0.10075886643370814,0.002668185536663679,-0.026336808795391527,-31.544389315907605
125762500.0,-0.9945735953516889,-0.10061860013370216,0.0026616425953924962,-0.026309245429007283,-31.553608568098753
125885000.0,-0.9945884819873718,-0.10047869729432451,0.0026551296209502964,-0.02628180311141258,-31.5627968507239
126007500.0,-0.9946033081604232,-0.10033915626750922,0.002648646429739719,-0.026254481292857422,-31.57195424306083
126130000.0,-0.9946180742162766,-0.10019997541483971,0.0026421928396039435,-0.026227279427512757,-31.581080823915816
126252500.0,-0.9946327804978451,-0.10006115310747549,0.0026357686698130585,-0.026200196973438734,-31.59017667162644
126375000.0,-0.994647427345542,-0.0999226877260787,0.0026293737410505538,-0.026173233392553077,-31.59924186406453
126497500.0,-0.9946620150973049,-0.09978457766074217,0.0026230078753999905,-0.026146388150600004,-31.60827647863893
126620000.0,-0.9946765440886164,-0.09964682131091736,0.0026166708963317894,-0.02611966071711922,-31.617280592298368
126742500.0,-0.9946910146525263,-0.09950941708534346,0.002610362628690187,-0.026093050565415395,-31.626254281534216
126865000.0,-0.9947054271196741,-0.0993723634019771,0.002604082898680331,-0.026066557172527927,-31.635197622383266
126987500.0,-0.9947197818183086,-0.09923565868792221,0.002597831533855503,-0.026040180019200852,-31.644110690430498
127110000.0,-0.9947340790743098,-0.09909930137936108,0.0025916083631044974,-0.026013918589853257,-31.65299356081178
127232500.0,-0.99474831921121,-0.09896328992148576,0.0025854132166391376,-0.025987772372549865,-31.66184630821657
127355000.0,-0.9947625025502145,-0.09882762276843023,0.0025792459259819244,-0.025961740858971977,-31.6706690068906
127477500.0,-0.9947766294102214,-0.09869229838320272,0.0025731063239538016,-0.02593582354438854,-31.679461730638554
127600000.0,-0.994790700107842,-0.09855731523761935,0.0025669942446621017,-0.02591001992762781,-31.68822455282667
127722500.0,-0.9948047149574213,-0.09842267181223793,0.002560909523488578,-0.025884329511049,-31.69695754638536
127845000.0,-0.9948186742710579,-0.0982883665962922,0.002554851997077579,-0.02585875180051431,-31.705660783811833
127967500.0,-0.9948325783586228,-0.09815439808762703,0.0025488215033243624,-0.0258332863053613,-31.71433433717263
128090000.0,-0.9948464275277789,-0.09802076479263397,0.0025428178813635314,-0.025807932538375447,-31.722978278106183
128212500.0,-0.994860222084001,-0.09788746522618741,0.002536840971557584,-0.02578269001576301,-31.731592677825358
128335000.0,-0.994873962330595,-0.09775449791158151,0.0025308906154856057,-0.02575755825712416,-31.740177607119943
128457500.0,-0.9948876485687144,-0.09762186138046704,0.0025249666559320596,-0.025732536785426315,-31.74873313635917
128580000.0,-0.9949012810973826,-0.09748955417278977,0.002519068936875725,-0.025707625126977867,-31.75725933549414
128702500.0,-0.9949148602135073,-0.09735757483672831,0.002513197303478731,-0.025682822811402016,-31.7657562740603
128825000.0,-0.9949283862119026,-0.09722592192863368,0.002507351602075728,-0.025658129371610987,-31.774224021179855
128947500.0,-0.9949418593853034,-0.09709459401296804,0.002501531680163151,-0.02563354434378037,-31.7826626455642
129070000.0,-0.9949552800243876,-0.09696358966224539,0.0024957373863886303,-0.025609067267323888,-31.791072215516266
129192500.0,-0.9949686484177885,-0.09683290745697151,0.0024899685705404807,-0.025584697684868193,-31.799452798932926
129315000.0,-0.9949819648521177,-0.09670254598558546,0.0024842250835373243,-0.02556043514222805,-31.807804463307345
129437500.0,-0.994995229611977,-0.09657250384440064,0.002478506777417822,-0.025536279188381774,-31.81612727573129
129560000.0,-0.995008442979981,-0.09644277963754738,0.0024728135053305104,-0.025512229375446817,-31.82442130289745
129682500.0,-0.9950216052367704,-0.096313371976915,0.0024671451215237394,-0.02548828525865562,-31.832686611101725
129805000.0,-0.9950347166610298,-0.09618427948209526,0.0024615014813357365,-0.02546444639633178,-31.840923266245515
129927500.0,-0.9950477775295051,-0.09605550078032575,0.0024558824411847558,-0.025440712349866317,-31.849131333837967
130050000.0,-0.9950607881170184,-0.09592703450643367,0.0024502878585593354,-0.025417082683694227,-31.85731087899821
130172500.0,-0.9950737486964861,-0.09579887930278086,0.002444717592008674,-0.02539355696527133,-31.86546196645757
130295000.0,-0.9950866595389344,-0.09567103381920841,0.002439171501133085,-0.025370134765051212,-31.873584660561797
130417500.0,-0.9950995209135138,-0.0955434967129822,0.002433649446574569,-0.02534681565646251,-31.88167902527322
130540000.0,-0.9951123330875177,-0.09541626664873888,0.002428151290007472,-0.025323599215886294,-31.88974512417293
130662500.0,-0.9951250963263959,-0.09528934229843224,0.0024226768941292562,-0.02530048502263379,-31.897783020462928
130785000.0,-0.9951378108937702,-0.09516272234128001,0.0024172261226513545,-0.025277472658924247,-31.90579277696825
130907500.0,-0.9951504770514528,-0.09503640546371142,0.0024117988402901263,-0.025254561709862983,-31.913774456139095
131030000.0,-0.995163095059456,-0.09491039035931442,0.002406394912757906,-0.025231751763419737,-31.921728120052897
131152500.0,-0.9951756651760122,-0.09478467572878448,0.002401014206754152,-0.025209042410407164,-31.92965383041644
131275000.0,-0.995188187657587,-0.09465926027987283,0.00239565658995667,-0.0251864332444595,-31.937551648567897
131397500.0,-0.9952006627588933,-0.09453414272733567,0.0023903219310129537,-0.025163923862011564,-31.945421635478883
131520000.0,-0.9952130907329073,-0.09440932179288378,0.00238501009953159,-0.02514151386227779,-31.953263851756493
131642500.0,-0.9952254718308812,-0.09428479620513211,0.0023797209660737636,-0.02511920284723156,-31.96107835764532
131765000.0,-0.9952378063023595,-0.09416056469955046,0.0023744544021448584,-0.025096990421584753,-31.96886521302943
131887500.0,-0.9952500943951921,-0.09403662601841424,0.002369210280186133,-0.02507487619276742,-31.976624477434385
132010000.0,-0.9952623363555482,-0.0939129789107553,0.002363988473566479,-0.025052859770907647,-31.984356210029166
132132500.0,-0.9952745324279307,-0.093789622132314,0.0023587888565742856,-0.02503094076881173,-31.992060469628157
132255000.0,-0.9952866828551902,-0.09366655444549092,0.002353611304409363,-0.02500911880194436,-31.999737314693064
132377500.0,-0.9952987878785379,-0.09354377461929932,0.0023484556931749616,-0.02498739348840913,-32.00738680333484
132500000.0,-0.9953108477375587,-0.0934212814293178,0.002343321899869873,-0.024965764448929176,-32.015008993315604
132622500.0,-0.9953228626702278,-0.09329907365764391,0.002338209802380607,-0.02494423130682801,-32.02260394205049
132745000.0,-0.9953348329129188,-0.09317715009284722,0.002333119279473656,-0.024922793688010512,-32.03017170660957
132867500.0,-0.9953467587004206,-0.09305550952992357,0.0023280502107878246,-0.024901451220944115,-32.03771234371969
132990000.0,-0.99535864026595,-0.09293415077024948,0.002323002476826658,-0.02488020353664021,-32.04522590976631
133112500.0,-0.9953704778411627,-0.09281307262153658,0.002317975958950921,-0.024859050268635618,-32.05271246079534
133235000.0,-0.9953822716561684,-0.09269227389778706,0.0023129705393711885,-0.024837991052974392,-32.06017205251497
133357500.0,-0.9953940219395411,-0.0925717534192488,0.0023079861011404672,-0.0248170255281896,-32.067604740297455
133480000.0,-0.9954057289183343,-0.09245151001237163,0.0023030225281469355,-0.024796153335285457,-32.07501057918089
133602500.0,-0.9954173928180899,-0.09233154250976301,0.002298079705106726,-0.02477537411771952,-32.08238962387101
133725000.0,-0.9954290138628545,-0.09221184975014506,0.002293157517556793,-0.02475468752138506,-32.08974192874294
133847500.0,-0.9954405922751878,-0.09209243057831124,0.0022882558518478573,-0.024734093194593645,-32.09706754784292
133970000.0,-0.9954521282761769,-0.09197328384508358,0.0022833745951374054,-0.024713590788057814,-32.104366534890076
134092500.0,-0.9954636220854481,-0.09185440840727058,0.00227851363538278,-0.02469317995487401,-32.111638943278095
134215000.0,-0.9954750739211776,-0.09173580312762478,0.0022736728613343194,-0.024672860350505556,-32.11888482607695
134337500.0,-0.9954864840001036,-0.09161746687480134,0.00226885216252858,-0.024652631632765883,-32.126104236034585
134460000.0,-0.9954978525375386,-0.09149939852331669,0.0022640514292816246,-0.02463249346180187,-32.133297225578595
134582500.0,-0.9955091797473805,-0.09138159695350746,0.002259270552682372,-0.024612445500077375,-32.14046384681789
134705000.0,-0.995520465842123,-0.09126406105148963,0.0022545094245860118,-0.024592487412356822,-32.147604151544336
134827500.0,-0.9955317110328683,-0.09114678970911852,0.0022497679376075014,-0.024572618865689105,-32.154718191234394
134950000.0,-0.9955429155293374,-0.09102978182394843,0.0022450459851150995,-0.024552839529391444,-32.16180601705076
135072500.0,-0.9955540795398808,-0.09091303629919315,0.0022403434612239953,-0.024533149075033588,-32.168867679843956
135195000.0,-0.9955652032714913,-0.09079655204368647,0.002235660260789972,-0.024513547176422,-32.17590323015394
135317500.0,-0.9955762869298123,-0.09068032797184332,0.0022309962794031623,-0.024494033509584314,-32.182912718211675
135440000.0,-0.9955873307191496,-0.09056436300362053,0.0022263514133818276,-0.024474607752753792,-32.18989619394073
135562500.0,-0.9955983348424832,-0.09044865606447894,0.0022217255597662446,-0.02445526958635413,-32.19685370695882
135685000.0,-0.995609299501476,-0.09033320608534505,0.0022171186163126144,-0.02443601869298418,-32.20378530657936
135807500.0,-0.9956202248964852,-0.090218012002573,0.0022125304814870467,-0.02441685475740296,-32.210691041813
135930000.0,-0.9956311112265727,-0.09010307275790735,0.0022079610544596074,-0.024397777466514784,-32.21757096136914
136052500.0,-0.9956419586895143,-0.08998838729844566,0.0022034102350984167,-0.024378786509354454,-32.224425113657475
136175000.0,-0.9956527674818112,-0.08987395457660156,0.002198877923963804,-0.024359881577072653,-32.23125354678945
136297500.0,-0.9956635377986995,-0.08975977355006827,0.0021943640223025334,-0.024341062362921512,-32.238056308579786
136420000.0,-0.9956742698341601,-0.08964584318178213,0.0021898684320420672,-0.02432232856224017,-32.244833446547915
136542500.0,-0.9956849637809285,-0.08953216243988647,0.0021853910557848976,-0.024303679872440597,-32.251585007919495
136665000.0,-0.9956956198305045,-0.08941873029769593,0.0021809317968029297,-0.02428511599299351,-32.25831103962782
136787500.0,-0.995706238173162,-0.08930554573366105,0.002176490559031924,-0.024266636625414395,-32.26501158831529
136910000.0,-0.9957168189979587,-0.08919260773133282,0.002172067247065981,-0.02424824147324965,-32.271686700334826
137032500.0,-0.995727362492746,-0.08907991527932793,0.0021676617661520923,-0.024229930242062915,-32.278336421751284
137155000.0,-0.9957378688441768,-0.08896746737129406,0.0021632740221847403,-0.02421170263942147,-32.284960798342894
137277500.0,-0.9957483382377168,-0.0888552630058755,0.0021589039217005477,-0.024193558374882768,-32.2915598756026
137400000.0,-0.9957587708576532,-0.08874330118667902,0.0021545513718729784,-0.024175497159981116,-32.298133698739505
137522500.0,-0.9957691668871023,-0.08863158092223987,0.0021502162805070927,-0.024157518708214434,-32.304682312680214
137645000.0,-0.9957795265080208,-0.08852010122598851,0.002145898556034354,-0.024139622735031188,-32.311205762070195
137767500.0,-0.9957898499012136,-0.08840886111621696,0.0021415981075074792,-0.024121808957817393,-32.31770409127514
137890000.0,-0.9958001372463432,-0.08829785961604593,0.002137314844595347,-0.024104077095883775,-32.324177344382306
138012500.0,-0.9958103887219374,-0.08818709575339187,0.0021330486775779475,-0.024086426870453006,-32.33062556520186
138135000.0,-0.9958206045053988,-0.08807656856093442,0.002128799517341381,-0.024068858004647094,-32.33704879726818
138257500.0,-0.9958307847730152,-0.08796627707608434,0.002124567275372915,-0.02405137022347489,-32.343447083841156
138380000.0,-0.9958409296999646,-0.08785622034095109,0.0021203518637560753,-0.02403396325381967,-32.34982046790753
138502500.0,-0.9958510394603269,-0.08774639740231126,0.002116153195165785,-0.02401663682442683,-32.356168992182134
138625000.0,-0.9958611142270904,-0.08763680731157689,0.0021119711828635626,-0.023999390665891768,-32.36249269910923
138747500.0,-0.9958711541721611,-0.08752744912476423,0.002107805740692752,-0.023982224510647784,-32.368791630863726
138870000.0,-0.9958811594663703,-0.08741832190246256,0.0021036567830738026,-0.023965138092954145,-32.37506582935246
138992500.0,-0.9958911302794837,-0.08730942470980343,0.002099524224999597,-0.023948131148884225,-32.38131533621543
139115000.0,-0.9959010667802086,-0.08720075661642998,0.002095407982030817,-0.023931203416313773,-32.38754019282708
139237500.0,-0.9959109691362031,-0.08709231669646661,0.0020913079702913635,-0.023914354634909332,-32.393740440297464
139360000.0,-0.9959208375140824,-0.08698410402848882,0.0020872241064638026,-0.023897584546116596,-32.399916119473524
139482500.0,-0.9959306720794283,-0.08687611769549324,0.0020831563077848758,-0.02388089289314913,-32.40606727094027
139605000.0,-0.9959404729967962,-0.08676835678486806,0.0020791044920410355,-0.02386427942097695,-32.41219393502197
139727500.0,-0.9959502404297235,-0.08666082038836347,0.0020750685775640302,-0.02384774387631536,-32.418296151783366
139850000.0,-0.995959974540736,-0.08655350760206232,0.00207104848322653,-0.023831286007613823,-32.42437396103086
139972500.0,-0.9959696754913571,-0.08644641752635134,0.002067044128437791,-0.023814905565044925,-32.43042740231366
140095000.0,-0.9959793434421145,-0.0863395492658922,0.002063055433139369,-0.02379860230049352,-32.436456514924934
140217500.0,-0.9959889785525479,-0.08623290192959283,0.0020590823178008545,-0.02378237596754584,-32.44246133790304
140340000.0,-0.9959985809812169,-0.08612647463057933,0.002055124703415675,-0.023766226321478862,-32.44844191003254
140462500.0,-0.9960081508857069,-0.08602026648616751,0.0020511825114969055,-0.0237501531192496,-32.45439826984548
140585000.0,-0.9960176884226385,-0.08591427661783509,0.002047255664073145,-0.02373415611948465,-32.46033045562238
140707500.0,-0.9960271937476719,-0.08580850415119387,0.0020433440836844143,-0.023718235082469723,-32.46623850539348
140830000.0,-0.9960366670155183,-0.08570294821596242,0.0020394476933780986,-0.023702389770139328,-32.47212245693972
140952500.0,-0.9960461083799421,-0.08559760794593839,0.0020355664167049244,-0.023686619946066488,-32.47798234779396
141075000.0,-0.9960555179937715,-0.08549248247897176,0.002031700177714983,-0.023670925375452664,-32.483818215241975
141197500.0,-0.996064896008904,-0.08538757095693765,0.0020278489009537756,-0.023655305825117642,-32.48963009632358
141320000.0,-0.9960742425763143,-0.08528287252570974,0.002024012511458306,-0.023639761063489553,-32.49541802783373
141442500.0,-0.9960835578460594,-0.08517838633513368,0.0020201909347532104,-0.023624290860595063,-32.5011820463235
141565000.0,-0.9960928419672873,-0.08507411153900075,0.002016384096846908,-0.02360889498804949,-32.50692218810124
141687500.0,-0.9961020950882423,-0.08497004729502176,0.0020125919242278104,-0.023593573219047197,-32.51263848923355
141810000.0,-0.9961113173562733,-0.08486619276480115,0.0020088143438605475,-0.023578325328351926,-32.51833098554635
141932500.0,-0.9961205089178379,-0.08476254711381102,0.0020050512831822284,-0.023563151092287245,-32.5239997126259
142055000.0,-0.9961296699185126,-0.08465910951136602,0.002001302670098754,-0.023548050288727203,-32.529644705819834
142177500.0,-0.9961388005029949,-0.08455587913059728,0.0019975684329811383,-0.02353302269708685,-32.53526600023817
142300000.0,-0.9961479008151141,-0.084452855148428,0.001993848500661886,-0.023518068098313086,-32.54086363075429
142422500.0,-0.9961569709978337,-0.08435003674554772,0.001990142802431387,-0.02350318627487537,-32.54643763200598
142545000.0,-0.9961660111932616,-0.08424742310638812,0.0019864512680343544,-0.023488377010756702,-32.551988038396395
142667500.0,-0.996175021542653,-0.08414501341909786,0.0019827738276662877,-0.023473640091444523,-32.55751488409505
142790000.0,-0.9961840021864193,-0.08404280687551846,0.0019791104119699717,-0.023458975303921832,-32.563018203038766
142912500.0,-0.9961929532641315,-0.08394080267115973,0.0019754609520320036,-0.023444382436658265,-32.568498028932694
143035000.0,-0.9962018749145296,-0.08383900000517602,0.0019718253793793656,-0.023429861279601425,-32.5739543952512
143157500.0,-0.9962107672755257,-0.08373739808034183,0.0019682036259759976,-0.02341541162416801,-32.57938733523887
143280000.0,-0.9962196304842125,-0.0836359961030285,0.0019645956242194417,-0.023401033263235362,-32.58479688191143
143402500.0,-0.9962284646768663,-0.0835347932831801,0.0019610013069374793,-0.023386725991132794,-32.590183068056696
143525000.0,-0.9962372699889562,-0.08343378883429056,0.0019574206073848265,-0.023372489603633206,-32.59554592623546
143647500.0,-0.9962460465551486,-0.08333298197337999,0.001953853459239839,-0.02335832389794463,-32.60088548878247
143770000.0,-0.9962547945093108,-0.08323237192097169,0.0019502997966012623,-0.023344228672701965,-32.60620178780728
143892500.0,-0.996263513984521,-0.08313195790106932,0.0019467595539849963,-0.023330203727958677,-32.61149485519522
144015000.0,-0.9962722051130707,-0.08303173914113406,0.0019432326663209065,-0.023316248865178708,-32.616764722608224
144137500.0,-0.9962808680264715,-0.08293171487206191,0.0019397190689496436,-0.023302363887228308,-32.622011421485766
144260000.0,-0.9962895028554615,-0.08283188432816148,0.0019362186976195099,-0.023288548598368063,-32.627234983045724
144382500.0,-0.996298109730009,-0.08273224674713148,0.0019327314884833426,-0.02327480280424495,-32.63243543828527
144505000.0,-0.9963066887793193,-0.0826328013700386,0.0019292573780954221,-0.02326112631188439,-32.63761281798172
144627500.0,-0.9963152401318405,-0.08253354744129571,0.0019257963034084245,-0.023247518929682555,-32.64276715269339
144750000.0,-0.9963237639152681,-0.08243448420863989,0.0019223482017703814,-0.02323398046739855,-32.647898472760474
144872500.0,-0.9963322602565508,-0.08233561092311088,0.0019189130109216806,-0.023220510736146793,-32.653006808305875
144995000.0,-0.996340729281895,-0.0822369268390293,0.001915490668992081,-0.02320710954838937,-32.65809218923605
145117500.0,-0.9963491711167712,-0.08213843121397564,0.00191208111449777,-0.023193776717928567,-32.663154645241825
145240000.0,-0.9963575858859198,-0.0820401233087689,0.001908684286338436,-0.023180512059899426,-32.66819420579924
145362500.0,-0.9963659737133536,-0.08194200238744538,0.0019053001237943608,-0.02316731539076226,-32.67321090017035
145485000.0,-0.9963743347223657,-0.08184406771723793,0.0019019285665235533,-0.023154186528295415,-32.67820475740408
145607500.0,-0.9963826690355335,-0.08174631856855513,0.0018985695545589,-0.023141125291587995,-32.68317580633695
145730000.0,-0.996390976774724,-0.08164875421496069,0.0018952230283053398,-0.023128131501032687,-32.68812407559395
145852500.0,-0.9963992580610984,-0.08155137393315284,0.0018918889285370612,-0.023115204978318572,-32.69304959358928
145975000.0,-0.9964075130151173,-0.08145417700294409,0.0018885671963947358,-0.023102345546424166,-32.697952388527185
146097500.0,-0.9964157417565463,-0.08135716270724107,0.001885257773382761,-0.02308955302961033,-32.702832488402656
146220000.0,-0.9964239444044596,-0.08126033033202425,0.0018819606013665367,-0.023076827253413403,-32.70768992100229
146342500.0,-0.9964321210772458,-0.08116367916632819,0.0018786756225697616,-0.02306416804463831,-32.712524713905
146465000.0,-0.9964402718926133,-0.08106720850222178,0.001875402779571758,-0.023051575231351772,-32.71733689448275
146587500.0,-0.9964483969675932,-0.08097091763478835,0.00187214201530481,-0.023039048642875534,-32.7221264899014
146710000.0,-0.9964564964185458,-0.0808748058621064,0.0018688932730515353,-0.023026588109779707,-32.72689352712134
146832500.0,-0.9964645703611639,-0.08077887248523,0.0018656564964422745,-0.02301419346387615,-32.73163803289832
146955000.0,-0.9964726189104799,-0.0806831168081697,0.0018624316294525028,-0.023001864538211913,-32.73636003378411
147077500.0,-0.9964806421808668,-0.0805875381378733,0.0018592186164002708,-0.022989601167062737,-32.74105955612728
147200000.0,-0.9964886402860456,-0.08049213578420676,0.0018560174019436502,-0.022977403185926573,-32.74573662607392
147322500.0,-0.9964966133390889,-0.08039690905993557,0.0018528279310782274,-0.022965270431517304,-32.75039126956827
147445000.0,-0.9965045614524253,-0.08030185728070577,0.0018496501491345914,-0.0229532027417583,-32.755023512353546
147567500.0,-0.9965124847378447,-0.08020697976502543,0.001846484001775868,-0.022941199955776266,-32.75963337997256
147690000.0,-0.9965203833065012,-0.08011227583424614,0.0018433294349952548,-0.02292926191389496,-32.76422089776845
147812500.0,-0.9965282572689185,-0.0800177448125446,0.0018401863951135902,-0.022917388457629088,-32.76878609088537
147935000.0,-0.9965361067349949,-0.07992338602690453,0.0018370548287769417,-0.022905579429678222,-32.77332898426912
148057500.0,-0.9965439318140061,-0.0798291988070982,0.0018339346829542033,-0.02289383467392071,-32.777849602667914
148180000.0,-0.9965517326146108,-0.07973518248566878,0.001830825904934733,-0.02288215403540777,-32.782347970632976
148302500.0,-0.996559509244854,-0.07964133639791228,0.0018277284423259942,-0.02287053736035752,-32.786824112519234
148425000.0,-0.9965672618121718,-0.0795476598818598,0.001824642243051226,-0.02285898449614916,-32.79127805248597
148547500.0,-0.9965749904233955,-0.07945415227825975,0.001821567255347122,-0.022847495291317067,-32.7957098144975
148670000.0,-0.9965826951847555,-0.07936081293056062,0.0018185034277615512,-0.022836069595545166,-32.800119422323775
148792500.0,-0.9965903762018857,-0.0792676411848932,0.0018154507091512706,-0.022824707259661126,-32.80450689954107
148915000.0,-0.9965980335798279,-0.07917463639005358,0.001812409048679679,-0.022813408135630753,-32.80887226953257
149037500.0,-0.996605667423035,-0.07908179789748566,0.0018093783958145766,-0.02280217207655238,-32.813215555489066
149160000.0,-0.9966132778353756,-0.07898912506126439,0.0018063587003259542,-0.02279099893665136,-32.817536780409505
149282500.0,-0.9966208649201372,-0.0788966172380784,0.0018033499122837868,-0.022779888571274498,-32.82183596710166
149405000.0,-0.996628428780032,-0.07880427378721362,0.0018003519820558634,-0.022768840836884695,-32.82611313818274
149527500.0,-0.9966359695171987,-0.07871209407053596,0.0017973648603056187,-0.022757855591055517,-32.830368316079955
149650000.0,-0.9966434872332082,-0.07862007745247528,0.001794388497989995,-0.02274693269246585,-32.83460152303117
149772500.0,-0.9966509820290651,-0.07852822330000825,0.0017914228463573126,-0.022736072000894624,-32.83881278108548
149895000.0,-0.9966584540052146,-0.0784365309826424,0.0017884678569451684,-0.022725273377215614,-32.84300211210378
150017500.0,-0.9966659032615438,-0.07834499987239954,0.0017855234815783432,-0.02271453668339219,-32.8471695377594
150140000.0,-0.996673329897387,-0.07825362934379962,0.0017825896723667283,-0.022703861782472225,-32.85131507953862
150262500.0,-0.996680734011528,-0.07816241877384447,0.0017796663817032732,-0.022693248538582997,-32.855438758741315
150385000.0,-0.996688115702205,-0.07807136754200202,0.001776753562261946,-0.022682696816926133,-32.85954059648145
150507500.0,-0.9966954750671142,-0.0779804750301902,0.0017738511669957158,-0.022672206483772654,-32.86362061368772
150630000.0,-0.9967028122034127,-0.07788974062276119,0.0017709591491345438,-0.02266177740645799,-32.86767883110406
150752500.0,-0.9967101272077227,-0.07779916370648576,0.0017680774621834032,-0.022651409453377142,-32.87171526929017
150875000.0,-0.9967174201761348,-0.07770874367053747,0.0017652060599203003,-0.02264110249397978,-32.87572994862216
150997500.0,-0.9967246912042124,-0.07761847990647747,0.0017623448963943263,-0.02263085639876547,-32.87972288929299
151120000.0,-0.9967319403869933,-0.0775283718082387,0.0017594939259237173,-0.022620671039278947,-32.88369411131307
151242500.0,-0.9967391678189959,-0.07743841877211086,0.0017566531030939261,-0.022610546288105323,-32.887643634510766
151365000.0,-0.9967463735942196,-0.07734862019672503,0.0017538223827557261,-0.022600482018865532,-32.89157147853295
151487500.0,-0.9967535578061514,-0.07725897548303866,0.0017510017200233143,-0.022590478106211672,-32.89547766284548
151610000.0,-0.9967607205477664,-0.0771694840343203,0.001748191070272432,-0.022580534425822387,-32.89936220673375
151732500.0,-0.9967678619115343,-0.07708014525613503,0.0017453903891385173,-0.02257065085439845,-32.9032251293032
151855000.0,-0.9967749819894194,-0.0769909585563292,0.0017425996325148446,-0.02256082726965816,-32.90706644947982
151977500.0,-0.9967820808728859,-0.07690192334501589,0.0017398187565507085,-0.022551063550333022,-32.910886186010636
152100000.0,-0.9967891586529017,-0.07681303903456026,0.0017370477176496001,-0.022541359576163277,-32.91468435746422
152222500.0,-0.9967962154199403,-0.07672430503956484,0.0017342864724674135,-0.022531715227893594,-32.918460982231174
152345000.0,-0.9968032512639848,-0.07663572077685518,0.001731534977910655,-0.02252213038726875,-32.922216078524656
152467500.0,-0.9968102662745306,-0.07654728566546523,0.001728793191134675,-0.02251260493702938,-32.92594966438078
152590000.0,-0.99681726054059,-0.07645899912662336,0.0017260610695419142,-0.022503138760907773,-32.92966175765916
152712500.0,-0.9968242341506929,-0.07637086058373777,0.0017233385707801563,-0.022493731743623655,-32.93335237604337
152835000.0,-0.996831187192893,-0.07628286946238257,0.001720625652740803,-0.022484383770880113,-32.9370215370414
152957500.0,-0.9968381197547675,-0.0761950251902836,0.0017179222735571587,-0.022475094729359452,-32.940669257986116
153080000.0,-0.9968450319234243,-0.07610732719730459,0.001715228391602733,-0.0224658645067192,-32.94429555603572
153202500.0,-0.996851923785501,-0.07601977491543316,0.0017125439654895503,-0.02245669299158805,-32.947900448174195
153325000.0,-0.9968587954271712,-0.07593236777876702,0.0017098689540664788,-0.022447580073561936,-32.951483951211806
153447500.0,-0.9968656469341454,-0.07584510522350033,0.001707203316417573,-0.022438525643200105,-32.95504608178544
153570000.0,-0.9968724783916744,-0.07575798668790981,0.0017045470118604202,-0.022429529592021182,-32.95858685635914
153692500.0,-0.9968792898845541,-0.07567101161234163,0.00170189999994452,-0.022420591812499426,-32.9621062912245
153815000.0,-0.9968860814971251,-0.07558417943919736,0.0016992622404496496,-0.022411712198060815,-32.965604402501086
153937500.0,-0.9968928533132795,-0.07549748961292108,0.0016966336933842687,-0.022402890643079366,-32.96908120613688
154060000.0,-0.9968996054164604,-0.0754109415799857,0.0016940143189839193,-0.022394127042873392,-32.97253671790868
154182500.0,-0.9969063378896676,-0.07532453478887995,0.0016914040777096476,-0.02238542129370181,-32.97597095342251
154305000.0,-0.9969130508154581,-0.07523826869009494,0.0016888029302464282,-0.022376773292760457,-32.979383928114096
154427500.0,-0.9969197442759505,-0.07515214273611137,0.001686210837501617,-0.02236818293817859,-32.982775657249164
154550000.0,-0.9969264183528275,-0.07506615638138632,0.001683627760603402,-0.022359650129015217,-32.98614615592393
154672500.0,-0.9969330731273383,-0.07498030908234031,0.0016810536608992698,-0.02235117476525562,-32.98949543906546
154795000.0,-0.9969397086803018,-0.0748946002973445,0.0016784884999544896,-0.02234275674780785,-32.99282352143205
154917500.0,-0.9969463250921087,-0.0748090294867079,0.0016759322395506046,-0.02233439597849928,-32.99613041761366
155040000.0,-0.9969529224427264,-0.0747235961126646,0.0016733848416839341,-0.022326092360073206,-32.99941614203222
155162500.0,-0.9969595008116978,-0.07463829963936104,0.0016708462685640871,-0.0223178457961854,-33.00268070894213
155285000.0,-0.996966060278148,-0.07455313953284362,0.0016683164826124981,-0.022309656191400896,-33.00592413243048
155407500.0,-0.9969726009207844,-0.07446811526104612,0.0016657954464609603,-0.022301523451190578,-33.00914642641756
155530000.0,-0.9969791228179012,-0.07438322629377718,0.001663283122950174,-0.022293447481927953,-33.01234760465713
155652500.0,-0.9969856260473804,-0.07429847210270807,0.0016607794751283156,-0.02228542819088595,-33.01552768073684
155775000.0,-0.9969921106866948,-0.07421385216136019,0.0016582844662496017,-0.022277465486233668,-33.018686668078544
155897500.0,-0.9969985768129113,-0.07412936594509309,0.0016557980597728809,-0.022269559277033273,-33.02182457993868
156020000.0,-0.9970050245026932,-0.07404501293109214,0.0016533202193602247,-0.022261709473236854,-33.02494142940862
156142500.0,-0.9970114538323026,-0.07396079259835649,0.0016508509088755353,-0.022253915985683343,-33.02803722941499
156265000.0,-0.9970178648776029,-0.07387670442768705,0.001648390092383162,-0.02224617872609547,-33.03111199272003
156387500.0,-0.9970242577140614,-0.07379274790167455,0.0016459377341465293,-0.022238497607076756,-33.0341657319219
156510000.0,-0.997030632416752,-0.07370892250468757,0.0016434937986267739,-0.022230872542108503,-33.03719845945509
156632500.0,-0.9970369890603571,-0.07362522772286073,0.001641058250481393,-0.02222330344554689,-33.04021018759062
156755000.0,-0.9970433277191708,-0.07354166304408304,0.001638631054562906,-0.02221579023262004,-33.04320092843647
156877500.0,-0.9970496484671009,-0.07345822795798604,0.001636212175917524,-0.022208332819425178,-33.04617069393786
157000000.0,-0.9970559513776716,-0.07337492195593229,0.0016338015797838252,-0.022200931122925743,-33.04911949587755
157122500.0,-0.9970622365240254,-0.07329174453100366,0.0016313992315914476,-0.022193585060948616,-33.052047345876176
157245000.0,-0.9970685039789264,-0.07320869517799003,0.001629005096959793,-0.022186294552181372,-33.05495425539252
157367500.0,-0.9970747538147612,-0.07312577339337749,0.001626619141696726,-0.022179059516169466,-33.05784023572389
157490000.0,-0.9970809861035429,-0.07304297867533736,0.0016242413317973043,-0.02217187987331361,-33.060705298006276
157612500.0,-0.9970872009169128,-0.07296031052371463,0.0016218716334425042,-0.022164755544867083,-33.06354945321481
157735000.0,-0.9970933983261421,-0.07287776844001657,0.001619510012997956,-0.02215768645293304,-33.06637271216394
157857500.0,-0.9970995784021348,-0.07279535192740187,0.0016171564370126993,-0.022150672520461996,-33.06917508550774
157980000.0,-0.9971057412154305,-0.07271306049066922,0.0016148108722179371,-0.0221437136712492,-33.07195658374019
158102500.0,-0.9971118868362052,-0.07263089363624617,0.001612473285525801,-0.022136809829932096,-33.07471721719551
158225000.0,-0.9971180153342747,-0.07254885087217833,0.001610143644028134,-0.02212996092198784,-33.077456996048355
158347500.0,-0.9971241267790975,-0.07246693170811827,0.001607821914995273,-0.02212316687373085,-33.0801759303141
158470000.0,-0.9971302212397745,-0.07238513565531453,0.001605508065874843,-0.02211642761231029,-33.082874029849144
158592500.0,-0.9971362987850537,-0.07230346222660085,0.001603202064290563,-0.022109743065707742,-33.085551304351135
158715000.0,-0.9971423594833314,-0.07222191093638534,0.001600903878041061,-0.0221031131627348,-33.08820776335923
158837500.0,-0.9971484034026543,-0.07214048130063963,0.0015986134750986898,-0.0220965378330307,-33.09084341625436
158960000.0,-0.9971544306107218,-0.0720591728368884,0.0015963308236083664,-0.022090017007060064,-33.09345827225948
159082500.0,-0.9971604411748881,-0.0719779850641984,0.0015940558918864044,-0.02208355061611058,-33.09605234043979
159205000.0,-0.9971664351621641,-0.07189691750316816,0.0015917886484193662,-0.022077138592290754,-33.09862562970301
159327500.0,-0.9971724126392197,-0.0718159696759172,0.0015895290618629166,-0.022070780868527713,-33.10117814879958
159450000.0,-0.9971783736723867,-0.0717351411060759,0.001587277101040695,-0.022064477378565015,-33.10370990632294
159572500.0,-0.9971843183276599,-0.07165443131877453,0.0015850327349431791,-0.022058228056960484,-33.10622091070969
159695000.0,-0.9971902466706977,-0.07157383984063329,0.0015827959327265732,-0.022052032839084065,-33.108711170239886
159817500.0,-0.9971961587668275,-0.07149336619975187,0.0015805666637117002,-0.022045891661115792,-33.11118069303721
159940000.0,-0.9972020546810461,-0.07141300992569913,0.0015783448973828939,-0.022039804460043673,-33.11362948706924
160062500.0,-0.9972079344780204,-0.07133277054950282,0.0015761306033869108,-0.02203377117366167,-33.11605756014759
160185000.0,-0.9972137982220916,-0.0712526476036395,0.0015739237515318431,-0.02202779174056772,-33.118464919928186
160307500.0,-0.9972196459772753,-0.07117264062202429,0.001571724311786038,-0.022021866100161717,-33.12085157391144
160430000.0,-0.9972254778072657,-0.07109274914000092,0.0015695322542770343,-0.022015994192643624,-33.12321752944244
160552500.0,-0.9972312937754345,-0.07101297269433154,0.0015673475492904959,-0.022010175959011523,-33.1255627937112
160675000.0,-0.9972370939448362,-0.07093331082318685,0.0015651701672691595,-0.02200441134105976,-33.12788737375277
160797500.0,-0.997242878378207,-0.07085376306613606,0.001563000078811786,-0.02199870028137705,-33.13019127644753
160920000.0,-0.9972486471379692,-0.07077432896413713,0.0015608372546721291,-0.02199304272334474,-33.13247450852129
161042500.0,-0.997254400286231,-0.07069500805952665,0.0015586816657578919,-0.021987438611134908,-33.13473707654549
161165000.0,-0.9972601378847894,-0.07061579989601031,0.0015565332831297114,-0.021981887889708673,-33.136978986937436
161287500.0,-0.9972658599951331,-0.07053670401865306,0.001554392078000144,-0.021976390504814466,-33.13920024596038
161410000.0,-0.9972715666784423,-0.07045771997386935,0.00155225802173265,-0.021970946402986278,-33.14140085972379
161532500.0,-0.9972772579955915,-0.07037884730941343,0.001550131085840595,-0.021965555531542023,-33.14358083418342
161655000.0,-0.9972829340071517,-0.07030008557436977,0.0015480112419862541,-0.02196021783858186,-33.14574017514157
161777500.0,-0.9972885947733917,-0.07022143431914352,0.001545898461979827,-0.02195493327298663,-33.14787888824717
161900000.0,-0.9972942403542798,-0.0701428930954508,0.0015437927177784526,-0.021949701784416194,-33.14999697899597
162022500.0,-0.9972998708094861,-0.07006446145630948,0.0015416939814852403,-0.021944523323307923,-33.15209445273071
162145000.0,-0.9973054861983839,-0.06998613895602944,0.0015396022253483022,-0.021939397840875178,-33.154171314641204
162267500.0,-0.9973110865800514,-0.0699079251502032,0.001537517421759789,-0.021934325289105754,-33.15622756976457
162390000.0,-0.9973166720132741,-0.06982981959569687,0.001535439543254946,-0.021929305620760463,-33.15826322298528
162512500.0,-0.9973222425565453,-0.06975182185064033,0.0015333685625111594,-0.021924338789371663,-33.16027827903539
162635000.0,-0.9973277982680692,-0.06967393147441821,0.0015313044523470151,-0.021919424749241804,-33.162272742494615
162757500.0,-0.9973333392057613,-0.06959614802766062,0.0015292471857213737,-0.021914563455442102,-33.16424661779046
162880000.0,-0.9973388654272515,-0.06951847107223397,0.0015271967357324415,-0.021909754863811182,-33.166199909198355
163002500.0,-0.997344376989884,-0.06944090017123157,0.0015251530756168437,-0.02190499893095365,-33.16813262084181
163125000.0,-0.997349873950721,-0.06936343488896482,0.001523116178748721,-0.02190029561423889,-33.17004475669249
163247500.0,-0.9973553563665434,-0.06928607479095385,0.0015210860186388167,-0.021895644871799763,-33.17193632057033
163370000.0,-0.997360824293851,-0.06920881944391857,0.001519062568933575,-0.021891046662531305,-33.17380731614369
163492500.0,-0.9973662777888671,-0.06913166841576962,0.0015170458034142508,-0.021886500946089578,-33.1756577469294
163615000.0,-0.9973717169075377,-0.06905462127559941,0.0015150356959960172,-0.02188200768289041,-33.17748761629295
163737500.0,-0.9973771417055345,-0.06897767759367322,0.0015130322207270882,-0.0218775668341083,-33.17929692744847
163860000.0,-0.9973825522382552,-0.0689008369414201,0.0015110353517878363,-0.02187317836167521,-33.18108568345896
163982500.0,-0.9973879485608269,-0.06882409889142417,0.0015090450634899267,-0.021868842228279492,-33.182853887236284
164105000.0,-0.9973933307281054,-0.0687474630174157,0.0015070613302754512,-0.02186455839736479,-33.184601541541305
164227500.0,-0.9973986987946794,-0.06867092889426239,0.0015050841267160732,-0.021860326833129,-33.18632864898396
164350000.0,-0.9974040528148694,-0.06859449609796045,0.0015031134275121706,-0.021856147500523223,-33.18803521202334
164472500.0,-0.9974093928427306,-0.06851816420562591,0.0015011492074919917,-0.021852020365250767,-33.18972123296777
164595000.0,-0.9974147189320551,-0.06844193279548609,0.0014991914416108165,-0.021847945393766183,-33.1913867139749
164717500.0,-0.9974200311363723,-0.06836580144687066,0.0014972401049501152,-0.02184392255327428,-33.19303165705174
164840000.0,-0.9974253295089502,-0.06828976974020312,0.0014952951727167274,-0.021839951811729277,-33.194656064054755
164962500.0,-0.997430614102798,-0.06821383725699226,0.0014933566202420291,-0.021836033137833815,-33.19625993668994
165085000.0,-0.9974358849706669,-0.06813800357982353,0.001491424422981123,-0.02183216650103818,-33.197843276512835
165207500.0,-0.9974411421650515,-0.06806226829235044,0.0014894985565120193,-0.021828351871539396,-33.19940608492863
165330000.0,-0.9974463857381918,-0.06798663097928613,0.0014875789965348295,-0.02182458922028043,-33.200948363192204
165452500.0,-0.9974516157420737,-0.06791109122639485,0.0014856657188709675,-0.02182087851894945,-33.20247011240815
165575000.0,-0.9974568322284317,-0.06783564862048357,0.00148375869946235,-0.021817219739979,-33.203971333530845
165697500.0,-0.9974620352487492,-0.0677603027493934,0.001481857914370603,-0.021813612856545275,-33.205452027364494
165820000.0,-0.9974672248542609,-0.0676850532019915,0.0014799633397762826,-0.021810057842567482,-33.20691219456316
165942500.0,-0.9974724010959527,-0.06760989956816235,0.0014780749519780856,-0.021806554672707066,-33.20835183563079
166065000.0,-0.9974775640245658,-0.06753484143879976,0.001476192727392082,-0.02180310332236715,-33.209770950921275
166187500.0,-0.9974827136905947,-0.06745987840579833,0.001474316642550935,-0.02179970376769181,-33.21116954063845
166310000.0,-0.9974878501442914,-0.0673850100620453,0.001472446674103143,-0.021796355985565556,-33.21254760483613
166432500.0,-0.997492973435665,-0.06731023600141228,0.0014705827988122778,-0.02179305995361275,-33.21390514341812
166555000.0,-0.9974980836144841,-0.06723555581874703,0.001468724993556222,-0.02178981565019698,-33.21524215613826
166677500.0,-0.9975031807302771,-0.06716096910986519,0.001466873235326425,-0.021786623054420636,-33.216558642600404
166800000.0,-0.9975082648323352,-0.06708647547154233,0.0014650275012271568,-0.021783482146124376,-33.21785460225845
166922500.0,-0.9975133359697123,-0.06701207450150556,0.0014631877684747625,-0.021780392905886646,-33.21913003441634
167045000.0,-0.9975183941912266,-0.0669377657984257,0.0014613540143969303,-0.021777355315023266,-33.22038493822806
167167500.0,-0.9975234395454616,-0.0668635489619088,0.0014595262164319536,-0.021774369355586975,-33.221619312697655
167290000.0,-0.9975284720807692,-0.06678942359248854,0.0014577043521280116,-0.021771435010367095,-33.2228331566792
167412500.0,-0.997533491845269,-0.06671538929161792,0.0014558883991424413,-0.021768552262889127,-33.22402646887682
167535000.0,-0.9975384988868492,-0.06664144566166125,0.001454078335241022,-0.021765721097414432,-33.22519924784464
167657500.0,-0.9975434932531706,-0.0665675923058863,0.001452274138297259,-0.02176294149893991,-33.226351491986804
167780000.0,-0.9975484749916652,-0.06649382882845623,0.0014504757862916792,-0.02176021345319774,-33.22748319955744
167902500.0,-0.9975534441495384,-0.06642015483442175,0.0014486832573111237,-0.021757536946655096,-33.22859436866065
168025000.0,-0.9975584007737711,-0.06634656992971313,0.001446896529548047,-0.021754911966513923,-33.22968499725046
168147500.0,-0.9975633449111193,-0.06627307372113234,0.001445115581299824,-0.02175233850071075,-33.23075508313082
168270000.0,-0.9975682766081163,-0.06619966581634518,0.0014433403909680565,-0.021749816537916487,-33.23180462395555
168392500.0,-0.9975731959110739,-0.06612634582387339,0.0014415709370578862,-0.02174734606753628,-33.232833617228295
168515000.0,-0.9975781028660836,-0.06605311335308703,0.0014398071981773148,-0.021744927079709406,-33.23384206030251
168637500.0,-0.9975829975190175,-0.06597996801419638,0.0014380491530365208,-0.021742559565309138,-33.2348299503814
168760000.0,-0.9975878799155297,-0.06590690941824444,0.0014362967804471885,-0.021740243515942705,-33.235797284517886
168882500.0,-0.9975927501010575,-0.0658339371770989,0.0014345500593218343,-0.021737978923951205,-33.23674405961451
169005000.0,-0.9975976081208224,-0.06576105090344472,0.0014328089686731454,-0.02173576578240964,-33.23767027242346
169127500.0,-0.9976024540198315,-0.06568825021077612,0.0014310734876133123,-0.02173360408512686,-33.238575919546406
169250000.0,-0.9976072878428789,-0.0656155347133891,0.0014293435953533734,-0.021731493826645642,-33.23946099743455
169372500.0,-0.9976121096345459,-0.06554290402637364,0.001427619271202561,-0.021729435002242736,-33.24032550238846
169495000.0,-0.997616919439203,-0.06547035776560607,0.0014259004945676467,-0.021727427607928906,-33.24116943055807
169617500.0,-0.9976217173010109,-0.06539789554774145,0.0014241872449523019,-0.021725471640449124,-33.24199277794256
169740000.0,-0.9976265032639212,-0.06532551699020597,0.0014224795019564492,-0.02172356709728264,-33.24279554039033
169862500.0,-0.9976312773716783,-0.06525322171118936,0.0014207772452756245,-0.021721713976643145,-33.243577713598874
169985000.0,-0.9976360396678197,-0.06518100932963718,0.0014190804547003462,-0.021719912277479037,-33.244339293114685
170107500.0,-0.9976407901956774,-0.06510887946524341,0.0014173891101154754,-0.02171816199947351,-33.24508027433323
170230000.0,-0.997645528998379,-0.06503683173844285,0.0014157031914995971,-0.021716463143044932,-33.2458006524988
170352500.0,-0.9976502561188497,-0.06496486577040358,0.00141402267892439,-0.021714815709347007,-33.24650042270443
170475000.0,-0.9976549715998106,-0.06489298118301945,0.00141234755255401,-0.021713219700269144,-33.24717957989182
170597500.0,-0.9976596754837834,-0.06482117759890259,0.001410677792644469,-0.02171167511843672,-33.24783811885122
170720000.0,-0.9976643678130893,-0.06474945464137588,0.0014090133795430244,-0.021710181967211473,-33.24847603422129
170842500.0,-0.9976690486298498,-0.06467781193446563,0.0014073542936875701,-0.02170874025069186,-33.249093320489045
170965000.0,-0.9976737179759894,-0.06460624910289395,0.0014057005156060275,-0.02170734997371346,-33.24968997198971
171087500.0,-0.9976783758932346,-0.06453476577207141,0.001404052025915742,-0.021706011141849398,-33.25026598290661
171210000.0,-0.9976830224231168,-0.06446336156808963,0.0014024088053228873,-0.021704723761410798,-33.25082134727105
171332500.0,-0.9976876576069721,-0.06439203611771382,0.0014007708346218646,-0.02170348783944727,-33.25135605896216
171455000.0,-0.9976922814859431,-0.06432078904837547,0.0013991380946947133,-0.021702303383747436,-33.251870111706836
171577500.0,-0.9976968941009788,-0.0642496199881649,0.0013975105665105197,-0.021701170402839434,-33.25236349907952
171700000.0,-0.9977014954928372,-0.06417852856582387,0.0013958882311248277,-0.02170008890599148,-33.25283621450215
171822500.0,-0.9977060857020849,-0.06410751441073839,0.0013942710696790636,-0.021699058903212515,-33.25328825124394
171945000.0,-0.9977106647690989,-0.06403657715293119,0.0013926590633999466,-0.021698080405252736,-33.253719602421285
172067500.0,-0.9977152327340666,-0.06396571642305447,0.0013910521935989162,-0.021697153423604277,-33.25413026099763
172190000.0,-0.9977197896369884,-0.06389493185238267,0.0013894504416715613,-0.02169627797050191,-33.25452021978324
172312500.0,-0.9977243355176769,-0.063824223072805,0.0013878537890970445,-0.021695454058923702,-33.254889471435135
172435000.0,-0.9977288704157594,-0.06375358971681833,0.0013862622174375366,-0.02169468170259174,-33.255238008456885
172557500.0,-0.9977333943706778,-0.06368303141751974,0.001384675708337652,-0.02169396091597291,-33.25556582319843
172680000.0,-0.9977379074216891,-0.06361254780859936,0.0013830942435238867,-0.021693291714279653,-33.255872907855974
172802500.0,-0.9977424096078688,-0.06354213852433317,0.0013815178048040598,-0.02169267411347077,-33.25615925447174
172925000.0,-0.9977469009681084,-0.06347180319957556,0.0013799463740667578,-0.021692108130252276,-33.256424854933854
173047500.0,-0.9977513815411192,-0.06340154146975228,0.0013783799332807794,-0.021691593782078227,-33.25666970097616
173170000.0,-0.9977558513654313,-0.06333135297085306,0.0013768184644945892,-0.02169113108715165,-33.256893784178
173292500.0,-0.9977603104793961,-0.06326123733942454,0.001375261949835768,-0.021690720064425434,-33.25709709596405
173415000.0,-0.9977647589211857,-0.063191194212563,0.0013737103715104678,-0.021690360733603264,-33.257279627604156
173537500.0,-0.9977691967287943,-0.063121223227907,0.0013721637118028714,-0.021690053115140634,-33.257441370213094
173660000.0,-0.9977736239400397,-0.06305132402363055,0.001370621953074653,-0.021689797230245788,-33.25758231475043
173782500.0,-0.9977780405925637,-0.06298149623843552,0.0013690850777644393,-0.021689593100880783,-33.25770245202024
173905000.0,-0.9977824467238332,-0.06291173951154479,0.0013675530683872818,-0.02168944074976257,-33.25780177267098
174027500.0,-0.9977868423711406,-0.0628420534826949,0.0013660259075341187,-0.021689340200364015,-33.25788026719524
174150000.0,-0.9977912275716041,-0.06277243779212882,0.001364503577871249,-0.021689291476915045,-33.25793792592954
174272500.0,-0.997795602362171,-0.06270289208058911,0.0013629860621398105,-0.021689294604403806,-33.257974739054106
174395000.0,-0.997799966779616,-0.06263341598931042,0.0013614733431552486,-0.021689349608577786,-33.25799069659266
174517500.0,-0.997804320860543,-0.06256400916001248,0.0013599654038067997,-0.02168945651594504,-33.257985788412164
174640000.0,-0.9978086646413856,-0.062494671234893065,0.0013584622270569754,-0.021689615353775414,-33.25796000422267
174762500.0,-0.9978129981584096,-0.062425401856620745,0.0013569637959410421,-0.021689826150101826,-33.257913333576965
174885000.0,-0.9978173214477107,-0.06235620066832766,0.0013554700935665038,-0.02169008893372143,-33.25784576587048
175007500.0,-0.9978216345452181,-0.06228706731360273,0.0013539811031126044,-0.021690403734197127,-33.25775729034089
175130000.0,-0.9978259374866939,-0.062218001436484115,0.0013524968078298012,-0.0216907705818587,-33.25764789606801
175252500.0,-0.9978302303077349,-0.062149002681452487,0.0013510171910392707,-0.021691189507804316,-33.25751757197346
175375000.0,-0.9978345130437716,-0.06208007069342361,0.0013495422361324005,-0.02169166054390188,-33.25736630682046
175497500.0,-0.9978387857300711,-0.062011205117741434,0.001348071926570285,-0.021692183722790456,-33.25719408921352
175620000.0,-0.9978430484017372,-0.06194240560017092,0.0013466062458832287,-0.021692759077881735,-33.257000907598254
175742500.0,-0.9978473010937096,-0.06187367178689089,0.0013451451776702458,-0.02169338664336152,-33.256786750261035
175865000.0,-0.9978515438407677,-0.06180500332448709,0.0013436887055985679,-0.02169406645419125,-33.25655160532877
175987500.0,-0.9978557766775284,-0.061736399859944835,0.0013422368134031449,-0.0216947985461095,-33.25629546076864
176110000.0,-0.9978599996384486,-0.06166786104064216,0.0013407894848861599,-0.02169558295563363,-33.25601830438777
176232500.0,-0.9978642127578252,-0.06159938651434263,0.0013393467039165365,-0.02169641972006132,-33.25572012383303
176355000.0,-0.9978684160697967,-0.061530975929188145,0.0013379084544294496,-0.021697308877472243,-33.25540090659063
176477500.0,-0.9978726096083426,-0.061462628933692066,0.0013364747204258477,-0.02169825046672974,-33.255060639985956
176600000.0,-0.9978767934072861,-0.06139434517673201,0.0013350454859719608,-0.021699244527482477,-33.25469931118319
176722500.0,-0.9978809675002919,-0.06132612430754257,0.001333620735198821,-0.021700291100166164,-33.25431690718506
176845000.0,-0.9978851319208701,-0.06125796597570869,0.001332200452301791,-0.021701390226005392,-33.25391341483248
176967500.0,-0.9978892867023749,-0.06118986983115803,0.0013307846215400746,-0.021702541947015326,-33.25348882080434
177090000.0,-0.9978934318780064,-0.061121835524154323,0.0013293732272362498,-0.02170374630600357,-33.253043111617075
177212500.0,-0.9978975674808098,-0.061053862705289966,0.0013279662537757915,-0.021705003346571997,-33.252576273624456
177335000.0,-0.9979016935436785,-0.060985951025479185,0.0013265636856066014,-0.021706313113118665,-33.25208829301718
177457500.0,-0.9979058100993514,-0.0609181001359506,0.0013251655072385328,-0.021707675650839642,-33.251579155822654
177580000.0,-0.9979099171804177,-0.06085030968824055,0.001323771703242929,-0.021709091005731047,-33.25104884790454
177702500.0,-0.9979140148193139,-0.06078257933418563,0.0013223822582521536,-0.021710559224590985,-33.25049735496253
177825000.0,-0.9979181030483273,-0.0607149087259158,0.001320997156959122,-0.02171208035502151,-33.24992466253195
177947500.0,-0.9979221818995946,-0.06064729751584719,0.0013196163841168453,-0.02171365444543074,-33.24933075598342
178070000.0,-0.9979262514051033,-0.060579745356674944,0.0013182399245379624,-0.021715281545034864,-33.24871562052255
178192500.0,-0.9979303115966933,-0.06051225190136626,0.001316867763094279,-0.021716961703860227,-33.24807924118955
178315000.0,-0.9979343625060555,-0.060444816803153084,0.0013154998847163175,-0.02171869497274557,-33.24742160285887
178437500.0,-0.9979384041647347,-0.06037743971552517,0.0013141362743928518,-0.021720481403344077,-33.24674269023889
178560000.0,-0.9979424366041287,-0.06031012029222273,0.001312776917170451,-0.021722321048125597,-33.246042487871506
178682500.0,-0.9979464598554898,-0.06024285818722957,0.001311421798153036,-0.021724213960378966,-33.24532098013178
178805000.0,-0.9979504739499242,-0.06017565305476569,0.0013100709025014132,-0.021726160194214132,-33.244578151227586
178927500.0,-0.9979544789183948,-0.06010850454928033,0.001308724215432833,-0.021728159804564547,-33.24381398519921
179050000.0,-0.9979584747917191,-0.06004141232544467,0.0013073817222205367,-0.021730212847189467,-33.243028465918954
179172500.0,-0.9979624616005724,-0.05997437603814481,0.0013060434081933084,-0.02173231937867632,-33.2422215770908
179295000.0,-0.9979664393754873,-0.05990739534247455,0.0013047092587350282,-0.02173447945644309,-33.241393302249975
179417500.0,-0.997970408146853,-0.0598404698937281,0.001303379259284227,-0.021736693138740767,-33.24054362476257
179540000.0,-0.9979743679449186,-0.05977359934739313,0.0013020533953336418,-0.021738960484655786,-33.23967252782515
179662500.0,-0.9979783187997912,-0.05970678335914335,0.001300731652429772,-0.02174128155411256,-33.23877999446432
179785000.0,-0.997982260741438,-0.05964002158483148,0.0012994140161724384,-0.02174365640787596,-33.23786600753638
179907500.0,-0.9979861937996869,-0.059573313680481986,0.0012981004722143433,-0.02174608510755394,-33.23693054972682
180030000.0,-0.9979901180042255,-0.05950665930228377,0.0012967910062606296,-0.021748567715600114,-33.235973603549965
180152500.0,-0.997994033384604,-0.05944005810658316,0.0012954856040684436,-0.02175110429531638,-33.23499515134854
180275000.0,-0.9979979399702337,-0.05937350974987642,0.001294184251446496,-0.0217536949108556,-33.23399517529324
180397500.0,-0.9980018377903888,-0.05930701388880276,0.0012928869342546307,-0.021756339627224328,-33.23297365738229
180520000.0,-0.9980057268742066,-0.059240570180136884,0.0012915936384033833,-0.02175903851028551,-33.23193057944101
180642500.0,-0.9980096072506878,-0.05917417828078173,0.0012903043498535517,-0.021761791626761312,-33.23086592312138
180765000.0,-0.998013478948698,-0.05910783784776146,0.0012890190546157628,-0.021764599044235892,-33.229779669901575
180887500.0,-0.9980173419969666,-0.059041548538213764,0.00128773773875004,-0.021767460831158287,-33.22867180108553
181010000.0,-0.9980211964240885,-0.05897531000938282,0.0012864603883653693,-0.021770377056845244,-33.2275422978025
181132500.0,-0.9980250422585252,-0.058909121918611966,0.0012851869896192765,-0.02177334779148423,-33.22639114100654
181255000.0,-0.9980288795286036,-0.058842983923336305,0.001283917528717391,-0.0217763731061363,-33.2252183114761
181377500.0,-0.998032708262518,-0.05877689568107536,0.0012826519919130195,-0.021779453072739135,-33.22402378981351
181500000.0,-0.9980365284883296,-0.05871085684942575,0.001281390365506724,-0.021782587764110125,-33.222807556444515
181622500.0,-0.9980403402339683,-0.05864486708605389,0.001280132635845886,-0.021785777253949333,-33.22156959161782
181745000.0,-0.9980441435272316,-0.05857892604868842,0.0012788787893242878,-0.021789021616842697,-33.22030987540458
181867500.0,-0.9980479383957864,-0.05851303339511306,0.0012776288123816871,-0.02179232092826515,-33.21902838769787
181990000.0,-0.9980517248671692,-0.05844718878315897,0.0012763826915033881,-0.021795675264583775,-33.21772510821227
182112500.0,-0.9980555029687856,-0.058381391870697456,0.0012751404132198216,-0.02179908470306106,-33.21640001648329
182235000.0,-0.9980592727279123,-0.05831564231563245,0.0012739019641061235,-0.021802549321858187,-33.215053091866906
182357500.0,-0.9980630341716965,-0.058249939775893135,0.001272667330781709,-0.021806069200038254,-33.21368431353903
182480000.0,-0.9980667873271574,-0.058184283909426426,0.0012714364999098521,-0.021809644417569687,-33.21229366049498
182602500.0,-0.998070532221185,-0.058118674374189425,0.0012702094581972675,-0.021813275055329602,-33.21088111154899
182725000.0,-0.9980742688805427,-0.058053110828142004,0.0012689861923936866,-0.021816961195107214,-33.20944664533364
182847500.0,-0.9980779973318661,-0.057987592929239204,0.0012677666892914384,-0.02182070291960729,-33.207990240299374
182970000.0,-0.9980817176016641,-0.05792212033542375,0.001266550935725033,-0.021824500312453688,-33.206511874713904
183092500.0,-0.9980854297163186,-0.05785669270461834,0.001265338918570737,-0.021828353458192836,-33.20501152666169
183215000.0,-0.9980891337020873,-0.05779130969471832,0.0012641306247461615,-0.021832262442297374,-33.20348917404343
183337500.0,-0.9980928295851013,-0.057725970963583825,0.0012629260412098406,-0.021836227351169753,-33.20194479457542
183460000.0,-0.9980965173913664,-0.057660676169032296,0.0012617251549608144,-0.021840248272145882,-33.200378365789064
183582500.0,-0.998100197146765,-0.057595424968830786,0.0012605279530382098,-0.021844325293498845,-33.198789865030285
183705000.0,-0.9981038688770545,-0.057530217020688314,0.0012593344225208286,-0.021848458504442676,-33.19717926945893
183827500.0,-0.998107532607869,-0.05746505198224813,0.0012581445505267259,-0.021852647995136105,-33.19554655604825
183950000.0,-0.9981111883647189,-0.057399929511080104,0.0012569583242127956,-0.0218568938566864,-33.193891701584256
184072500.0,-0.9981148361729929,-0.05733484926467292,0.001255775730774356,-0.021861196181153283,-33.19221468266515
184195000.0,-0.9981184760579557,-0.05726981090042628,0.0012545967574447304,-0.02186555506155279,-33.190515475700764
184317500.0,-0.998122108044751,-0.05720481407564327,0.0012534213914948346,-0.02186997059186126,-33.188794056911895
184440000.0,-0.9981257321584004,-0.057139858447522396,0.0012522496202327594,-0.021874442867019353,-33.18705040232976
184562500.0,-0.998129348423805,-0.05707494367314993,0.001251081431003356,-0.021878971982936066,-33.18528448779536
184685000.0,-0.9981329568657442,-0.057010069409491895,0.0012499168111878211,-0.021883558036492858,-33.18349628895886
184807500.0,-0.9981365575088772,-0.0569452353133863,0.0012487557482032802,-0.021888201125547763,-33.18168578127896
184930000.0,-0.9981401503777432,-0.05688044104153522,0.0012475982295023745,-0.021892901348939606,-33.179852940022286
185052500.0,-0.9981437354967617,-0.05681568625049685,0.0012464442425728429,-0.021897658806492186,-33.17799774026275
185175000.0,-0.9981473128902333,-0.056750970596677566,0.001245293774937109,-0.021902473599018583,-33.17612015688087
185297500.0,-0.9981508825823391,-0.056686293736324014,0.0012441468141518664,-0.021907345828325483,-33.17422016456321
185420000.0,-0.9981544445971414,-0.05662165532551498,0.0012430033478076608,-0.021912275597217513,-33.17229773780162
185542500.0,-0.9981579989585847,-0.056557055020153395,0.001241863363528474,-0.021917263009501673,-33.17035285089267
185665000.0,-0.998161545690496,-0.056492492475958424,0.0012407268489713125,-0.021922308169991803,-33.16838547793692
185787500.0,-0.998165084816584,-0.056427967348457175,0.0012395937918257885,-0.02192741118451309,-33.1663955928383
185910000.0,-0.9981686163604405,-0.0563634792929767,0.0012384641798137044,-0.021932572159906606,-33.16438316930337
186032500.0,-0.9981721403455404,-0.05629902796463573,0.0012373380006886325,-0.021937791204033896,-33.162348180840716
186155000.0,-0.9981756567952427,-0.05623461301833679,0.0012362152422355091,-0.021943068425781715,-33.160290600760185
186277500.0,-0.9981791657327893,-0.05617023410875763,0.0012350958922702061,-0.021948403935066623,-33.158210402172244
186400000.0,-0.9981826671813071,-0.056105890890343214,0.0012339799386391192,-0.02195379784283979,-33.15610755798724
186522500.0,-0.9981861611638062,-0.056041583017297364,0.00123286736921875,-0.0219592502610918,-33.15398204091472
186645000.0,-0.9981896477031829,-0.055977310143574474,0.0012317581719152846,-0.02196476130285745,-33.1518338234627
186767500.0,-0.9981931268222182,-0.05591307192287131,0.0012306523346641836,-0.021970331082220757,-33.14966287793693
186890000.0,-0.9981965985435776,-0.05584886800861834,0.001229549845429751,-0.021975959714319777,-33.14746917644021
187012500.0,-0.9982000628898133,-0.05578469805397166,0.001228450692204724,-0.02198164731535168,-33.14525269087162
187135000.0,-0.9982035198833638,-0.05572056171180443,0.0012273548630098504,-0.021987394002577827,-33.143013392925766
187257500.0,-0.9982069695465522,-0.05565645863469829,0.0012262623458934654,-0.021993199894328807,-33.14075125409207
187380000.0,-0.99821041190159,-0.05559238847493511,0.0012251731289310741,-0.021999065110009645,-33.13846624565401
187502500.0,-0.998213846970574,-0.055528350884488153,0.001224087200224925,-0.02200498977010498,-33.136158338688325
187625000.0,-0.9982172747754899,-0.05546434551501387,0.0012230045479035949,-0.02201097399618439,-33.133827504064286
187747500.0,-0.9982206953382096,-0.05540037201784293,0.001221925160121557,-0.02201701791090763,-33.13147371244288
187870000.0,-0.998224108680492,-0.05533643004397173,0.0012208490250587608,-0.022023121638030038,-33.1290969342761
187992500.0,-0.9982275148239859,-0.055272519244053825,0.0012197761309202097,-0.02202928530240799,-33.12669713980606
188115000.0,-0.9982309137902267,-0.055208639268390966,0.0012187064659355303,-0.02203550903000435,-33.12427429906429
188237500.0,-0.998234305600639,-0.0551447897669246,0.0012176400183585498,-0.022041792947894007,-33.121828381870856
188360000.0,-0.998237690276535,-0.05508097038922673,0.0012165767764668646,-0.022048137184269467,-33.119359357833616
188482500.0,-0.9982410678391178,-0.05501718078449152,0.001215516728561418,-0.022054541868446548,-33.11686719634737
188605000.0,-0.998244438309478,-0.05495342060152597,0.001214459862966062,-0.02206100713086999,-33.11435186659304
188727500.0,-0.9982478017085958,-0.054889689488741344,0.0012134061680271378,-0.02206753310311934,-33.111813337536844
188850000.0,-0.9982511580573417,-0.05482598709414396,0.001212355632113033,-0.022074119917914664,-33.109251577929435
188972500.0,-0.9982545073764756,-0.054762313065326376,0.0012113082436137582,-0.022080767709122505,-33.106666556305115
189095000.0,-0.9982578496866475,-0.05469866704945818,0.0012102639909405094,-0.022087476611761792,-33.10405824098091
189217500.0,-0.9982611850083981,-0.05463504869327702,0.0012092228625252314,-0.02209424676200982,-33.10142660005575
189340000.0,-0.9982645133621578,-0.054571457643079385,0.0012081848468201858,-0.02210107829720834,-33.09877160140962
189462500.0,-0.9982678347682487,-0.0545078935447115,0.0012071499322975111,-0.022107971355869654,-33.09609321270261
189585000.0,-0.9982711492468826,-0.054444356043560065,0.0012061181074487855,-0.02211492607768281,-33.09339140137414
189707500.0,-0.9982744568181632,-0.05438084478454288,0.0012050893607845837,-0.022121942603519823,-33.09066613464198
189830000.0,-0.9982777575020851,-0.05431735941209977,0.001204063680834042,-0.022129021075442002,-33.08791737950139
189952500.0,-0.998281051318535,-0.05425389957018304,0.0012030410561444111,-0.02213616163670632,-33.08514510272421
190075000.0,-0.99828433828729,-0.05419046490224803,0.0012020214752806113,-0.0221433644317718,-33.08234927085795
190197500.0,-0.9982876184280207,-0.05412705505124388,0.0012010049268247904,-0.022150629606306035,-33.079529850224844
190320000.0,-0.9982908917602884,-0.054063669659603734,0.0011999913993758738,-0.022157957307191747,-33.07668680692099
190442500.0,-0.9982941583035461,-0.05400030836923536,0.0011989808815491161,-0.022165347682533372,-33.07382010681533
190565000.0,-0.9982974180771407,-0.05393697082151155,0.0011979733619756534,-0.022172800881663818,-33.07092971554874
190687500.0,-0.9983006711003105,-0.053873656657260356,0.0011969688293020496,-0.022180317055151152,-33.0680155985331
190810000.0,-0.9983039173921864,-0.053810365516755415,0.0011959672721898395,-0.022187896354805406,-33.06507772095029
190932500.0,-0.9983071569717924,-0.053747097039706336,0.0011949686793150825,-0.02219553893368555,-33.062116047751246
191055000.0,-0.9983103898580451,-0.0536838508652486,0.001193973039367894,-0.022203244946106336,-33.05913054365499
191177500.0,-0.9983136160697544,-0.053620626631933926,0.001192980341051994,-0.022211014547645364,-33.05612117314763
191300000.0,-0.9983168356256226,-0.053557423977720266,0.001191990573084247,-0.022218847895150218,-33.05308790048136
191422500.0,-0.9983200485442464,-0.05349424253996179,0.0011910037241941924,-0.02222674514674554,-33.05003068967348
191545000.0,-0.9983232548441145,-0.05343108195539889,0.0011900197831235873,-0.02223470646184031,-33.046949504505356
191667500.0,-0.9983264545436104,-0.05336794186014815,0.0011890387386259355,-0.02224273200113514,-33.04384430852143
191790000.0,-0.9983296476610104,-0.053304821889692044,0.0011880605794660178,-0.022250821926629603,-33.04071506502819
191912500.0,-0.9983328342144843,-0.053241721678868856,0.0011870852944194253,-0.02225897640162974,-33.03756173709309
192035000.0,-0.9983360142220968,-0.05317864086186246,0.0011861128722720855,-0.022267195590755552,-33.03438428754355
192157500.0,-0.9983391877018046,-0.05311557907219171,0.0011851433018197797,-0.02227547965994852,-33.03118267896592
192280000.0,-0.9983423546714604,-0.05305253594270046,0.0011841765718676785,-0.022283828776479397,-33.027956873704326
192402500.0,-0.998345515148809,-0.05298951110554681,0.0011832126712298496,-0.0222922431089558,-33.0247068338597
192525000.0,-0.998348669151491,-0.052926504192192775,0.0011822515887287843,-0.022300722827330144,-33.02143252128865
192647500.0,-0.9983518166970401,-0.05286351483339359,0.0011812933131949079,-0.02230926810290744,-33.01813389760237
192770000.0,-0.9983549578028846,-0.05280054265918718,0.001180337833466096,-0.022317879108353332,-33.01481092416554
192892500.0,-0.9983580924863463,-0.05273758729888336,0.0011793851383871806,-0.02232655601770205,-33.011463562095244
193015000.0,-0.9983612207646431,-0.052674648381053214,0.0011784352168094652,-0.022335299006364634,-33.0080917722598
193137500.0,-0.9983643426548855,-0.052611725533518124,0.0011774880575902218,-0.022344108251137043,-33.00469551527772
193260000.0,-0.9983674581740791,-0.05254881838333895,0.0011765436495922003,-0.02235298393020848,-33.00127475151645
193382500.0,-0.9983705673391239,-0.05248592655680507,0.0011756019816831253,-0.022361926223169737,-32.99782944109134
193505000.0,-0.9983736701668142,-0.05242304967942333,0.0011746630427351935,-0.022370935311021627,-32.994359543864434
193627500.0,-0.9983767666738392,-0.05236018737590699,0.0011737268216245687,-0.022380011376183517,-32.990865019443305
193750000.0,-0.9983798568767829,-0.05229733927016452,0.0011727933072308743,-0.022389154602501935,-32.98734582717988
193872500.0,-0.998382940792122,-0.052234504985288276,0.001171862488436679,-0.02239836517525923,-32.98380192616928
193995000.0,-0.9983860184362296,-0.05217168414354337,0.0011709343541269845,-0.022407643281182367,-32.980233275248594
194117500.0,-0.9983890898253732,-0.052108876366356235,0.00117000889318871,-0.022416989108451787,-32.97663983299569
194240000.0,-0.9983921549757135,-0.05204608127430301,0.001169086094510166,-0.022426402846710315,-32.97302155772798
194362500.0,-0.9983952139033069,-0.051983298487098234,0.0011681659469805364,-0.022435884687072218,-32.96937840750126
194485000.0,-0.9983982666241037,-0.05192052762358312,0.0011672484394893497,-0.022445434822132345,-32.96571034010837
194607500.0,-0.9984013131539484,-0.05185776830171384,0.0011663335609259455,-0.022455053445975235,-32.96201731307804
194730000.0,-0.9984043535085809,-0.05179502013854993,0.0011654213001789462,-0.022464740754184524,-32.958299283673604
194852500.0,-0.9984073877036346,-0.05173228275024227,0.001164511646135717,-0.022474496943852253,-32.95455620889171
194975000.0,-0.9984104157546373,-0.05166955575202129,0.0011636045876818265,-0.02248432221358838,-32.95078804546107
195097500.0,-0.9984134376770115,-0.051606838758184934,0.001162700113700501,-0.022494216763530313,-32.94699474984116
195220000.0,-0.9984164534860733,-0.05154413138208654,0.00116179821307208,-0.022504180795352602,-32.94317627822094
195342500.0,-0.9984194631970335,-0.05148143323612282,0.0011608988746734613,-0.022514214512276642,-32.93933258651752
195465000.0,-0.9984224668249968,-0.051418743931721494,0.001160002087377551,-0.022524318119080598,-32.93546363037487
195587500.0,-0.9984254643849617,-0.051356063079328995,0.0011591078400526999,-0.022534491822109266,-32.93156936516244
195710000.0,-0.9984284558918208,-0.05129339028839813,0.0011582161215621441,-0.022544735829284145,-32.92764974597388
195832500.0,-0.9984314413603607,-0.05123072516737551,0.0011573269207634355,-0.02255505035011357,-32.92370472762563
195955000.0,-0.998434420805261,-0.05116806732368893,0.0011564402265078753,-0.02256543559570295,-32.91973426465562
196077500.0,-0.9984373942410958,-0.051105416363734925,0.0011555560276399369,-0.02257589177876509,-32.91573831132181
196200000.0,-0.9984403616823326,-0.051042771892865754,0.0011546743129966883,-0.022586419113630646,-32.911716821600876
196322500.0,-0.9984433231433315,-0.0509801335153767,0.0011537950714072078,-0.022597017816258617,-32.907669749186766
196445000.0,-0.9984462786383468,-0.05091750083449304,0.0011529182916919971,-0.02260768810424699,-32.90359704748934
196567500.0,-0.9984492281815252,-0.05085487345235713,0.0011520439626623918,-0.022618430196843526,-32.899498669632884
196690000.0,-0.9984521717869069,-0.050792250970015294,0.0011511720731199658,-0.022629244314956568,-32.895374568454706
196812500.0,-0.9984551094684249,-0.050729632987404384,0.0011503026118559248,-0.022640130681165955,-32.89122469650371
196935000.0,-0.9984580412399044,-0.05066701910333879,0.0011494355676505107,-0.02265108951973414,-32.88704900603892
197057500.0,-0.9984609671150639,-0.050604408915496765,0.001148570929272384,-0.02266212105661732,-32.88284744902799
197180000.0,-0.9984638871075139,-0.05054180202040706,0.0011477086854780139,-0.022673225519476706,-32.87861997714576
197302500.0,-0.9984668012307568,-0.05047919801343535,0.0011468488250110582,-0.02268440313768991,-32.87436654177271
197425000.0,-0.9984697094981875,-0.05041659648877041,0.0011459913366017387,-0.02269565414236244,-32.870087093993526
197547500.0,-0.9984726119230928,-0.05035399703941038,0.0011451362089662115,-0.022706978766339262,-32.865781584595524
197670000.0,-0.9984755085186503,-0.05029139925714885,0.0011442834308059346,-0.022718377244216586,-32.86144996406711
197792500.0,-0.9984783992979299,-0.05022880273256092,0.0011434329908070302,-0.022729849812353646,-32.85709218259629
197915000.0,-0.9984812842738932,-0.050166207054988955,0.0011425848776396355,-0.022741396708884663,-32.85270819006905
198037500.0,-0.9984841634593905,-0.050103611812528405,0.001141739079957256,-0.02275301817373086,-32.84829793606785
198160000.0,-0.9984870368671653,-0.050041016592013536,0.0011408955863961114,-0.02276471444861274,-32.84386136986996
198282500.0,-0.9984899045098505,-0.04997842097900297,0.0011400543855744735,-0.022776485777062278,-32.83939844044595
198405000.0,-0.9984927663999702,-0.049915824557765186,0.0011392154660920016,-0.02278833240443543,-32.834909096457984
198527500.0,-0.9984956225499367,-0.049853226911263634,0.001138378816529067,-0.022800254577924572,-32.83039328625831
198650000.0,-0.9984984729720543,-0.04979062762114231,0.0011375444254460815,-0.022812252546571262,-32.825850957887496
198772500.0,-0.9985013176785151,-0.0497280262677106,0.0011367122813828083,-0.022824326561278967,-32.82128205907289
198895000.0,-0.9985041566814018,-0.04966542242992848,0.001135882372857678,-0.022836476874825987,-32.81668653722688
199017500.0,-0.9985069899926847,-0.04960281568539117,0.001135054688367088,-0.022848703741878484,-32.81206433944524
199140000.0,-0.9985098176242237,-0.04954020561031411,0.001134229216384705,-0.02286100741900367,-32.80741541250547
199262500.0,-0.9985126395877673,-0.04947759177951756,0.0011334059453607576,-0.0228733881646831,-32.802739702865004
199385000.0,-0.9985154558949508,-0.04941497376641103,0.0011325848637213178,-0.022885846239326033,-32.798037156659575
199507500.0,-0.9985182665572984,-0.0493523511429778,0.0011317659598675876,-0.022898381905283097,-32.793307719701446
199630000.0,-0.9985210715862215,-0.049289723479759205,0.0011309492221751676,-0.022910995426859898,-32.78855133747764
199752500.0,-0.9985238709930184,-0.04922709034583862,0.0011301346389933225,-0.022923687070330857,-32.78376795514819
199875000.0,-0.9985266647888742,-0.049164451308825734,0.0011293221986442461,-0.022936457103953204,-32.778957517544384
199997500.0,-0.9985294529848597,-0.04910180593484024,0.001128511889422309,-0.02294930579798104,-32.77411996916692
200120000.0,-0.9985322355919335,-0.04903915378849579,0.0011277036995933076,-0.022962233424679568,-32.769255254184124
200242500.0,-0.9985350126209379,-0.04897649443288352,0.0011268976173937045,-0.022975240258339535,-32.764363316430135
200365000.0,-0.9985377840826021,-0.04891382742955558,0.0011260936310298565,-0.022988326575291693,-32.75944409940304
200487500.0,-0.9985405499875389,-0.0488511523385085,0.0011252917286772403,-0.023001492653921433,-32.754497546263025
200610000.0,-0.9985433103462461,-0.04878846871816646,0.001124491898479674,-0.023014738774683706,-32.7495235998305
200732500.0,-0.998546065169106,-0.04872577612536443,0.0011236941285485205,-0.023028065220117837,-32.74452220258425
200855000.0,-0.9985488144663835,-0.04866307411533101,0.0011228984069618939,-0.023041472274862734,-32.739493296659454
200977500.0,-0.998551558248228,-0.0486003622416714,0.0011221047217638547,-0.023054960225672126,-32.73443682384582
201100000.0,-0.9985542965246709,-0.04853764005634997,0.0011213130609635917,-0.023068529361429887,-32.729352725585656
201222500.0,-0.9985570293056262,-0.04847490710967281,0.0011205234125346052,-0.023082179973165716,-32.72424094297187
201345000.0,-0.9985597566008894,-0.04841216295027016,0.0011197357644138746,-0.02309591235407072,-32.71910141674606
201467500.0,-0.9985624784201381,-0.04834940712507873,0.0011189501045010253,-0.023109726799513407,-32.71393408729645
201590000.0,-0.9985651947729307,-0.048286639179323555,0.0011181664206574742,-0.02312362360705559,-32.708738894656
201712500.0,-0.9985679056687055,-0.048223858656500224,0.0011173847007055872,-0.023137603076468703,-32.70351577850026
201835000.0,-0.9985706111167808,-0.0481610650983564,0.0011166049324278023,-0.02315166550975,-32.69826467814542
201957500.0,-0.9985733111263558,-0.04809825804487377,0.0011158271035657714,-0.023165811211139215,-32.692985532546224
202080000.0,-0.9985760057065063,-0.04803543703424912,0.001115051201819468,-0.023180040487135106,-32.687678280293916
202202500.0,-0.9985786948661886,-0.0479726016028761,0.001114277214846307,-0.02319435364651242,-32.68234285961411
202325000.0,-0.9985813786142356,-0.04790975128532604,0.001113505130260239,-0.02320875100033879,-32.67697920836474
202447500.0,-0.998584056959358,-0.047846885614329086,0.0011127349356308458,-0.02322323286199201,-32.671587264033896
202570000.0,-0.9985867299101426,-0.047784004120755064,0.0011119666184824222,-0.023237799547177317,-32.66616696373768
202692500.0,-0.9985893974750535,-0.0477211063335941,0.0011112001662930476,-0.023252451373944955,-32.66071824421809
202815000.0,-0.9985920596624295,-0.04765819177993715,0.0011104355664936527,-0.023267188662707914,-32.655241041840746
202937500.0,-0.9985947164804849,-0.04759525998495629,0.0011096728064670684,-0.023282011736259742,-32.64973529259281
203060000.0,-0.9985973679373071,-0.04753231047188485,0.0011089118735470708,-0.023296920919792637,-32.64420093208068
203182500.0,-0.9986000140408597,-0.04746934276199763,0.0011081527550174189,-0.023311916540915755,-32.63863789552778
203305000.0,-0.9986026547989766,-0.04740635637459026,0.0011073954381108672,-0.023326998929673506,-32.633046117772324
203427500.0,-0.9986052902193662,-0.04734335082695937,0.0011066399100081897,-0.023342168418564308,-32.62742553326502
203550000.0,-0.9986079203096074,-0.0472803256343816,0.0011058861578371738,-0.02335742534255933,-32.621776076066766
203672500.0,-0.9986105450771516,-0.04721728031009312,0.0011051341686716134,-0.02337277003912147,-32.61609767984637
203795000.0,-0.9986131645293188,-0.04715421436526855,0.0011043839295302896,-0.023388202848224588,-32.61039027787819
203917500.0,-0.998615778673301,-0.047091127309000086,0.0011036354273759397,-0.023403724112372862,-32.604653803039774
204040000.0,-0.9986183875161567,-0.04702801864827588,0.001102888649114212,-0.023419334176620354,-32.598888187809514
204162500.0,-0.9986209910648147,-0.046964887887958946,0.001102143581592617,-0.023435033388590844,-32.59309336426421
204285000.0,-0.9986235893260703,-0.04690173453076506,0.0011014002115994563,-0.023450822098497793,-32.58726926407671
204407500.0,-0.9986261823065864,-0.046838558077241244,0.0011006585258627475,-0.023466700659164477,-32.58141581851342
204530000.0,-0.9986287700128912,-0.046775358025743514,0.0010999185110491358,-0.02348266942604443,-32.57553295843187
204652500.0,-0.9986313524513779,-0.0467121338724146,0.00109918015376279,-0.023498728757242033,-32.56962061427825
204775000.0,-0.9986339296283062,-0.04664888511116163,0.0010984434405442928,-0.023514879013533368,-32.56367871608486
204897500.0,-0.9986365015497963,-0.04658561123363316,0.0010977083578695077,-0.02353112055838716,-32.55770719346764
205020000.0,-0.998639068221834,-0.0465223117291966,0.001096974892148444,-0.023547453757986052,-32.55170597562361
205142500.0,-0.9986416296502656,-0.04645898608491486,0.0010962430297241056,-0.023563878981248145,-32.54567499132828
205265000.0,-0.9986441858407994,-0.04639563378552324,0.0010955127568713205,-0.023580396599848518,-32.53961416893312
205387500.0,-0.9986467367990032,-0.04633225431340573,0.001094784059795567,-0.023597006988241295,-32.533523436362856
205510000.0,-0.9986492825303044,-0.04626884714857131,0.0010940569246317778,-0.023613710523681653,-32.52740272111292
205632500.0,-0.9986518230399895,-0.04620541176863005,0.0010933313374431363,-0.023630507586248278,-32.52125195024677
205755000.0,-0.9986543583332018,-0.04614194764876886,0.0010926072842198562,-0.023647398558865905,-32.51507105039317
205877500.0,-0.9986568884149418,-0.046078454261727034,0.0010918847508779432,-0.0236643838273281,-32.508859947743545
206000000.0,-0.9986594132900656,-0.04601493107777166,0.0010911637232579523,-0.02368146378032042,-32.502618568049215
206122500.0,-0.9986619329632842,-0.04595137756467276,0.0010904441871237211,-0.02369863880944366,-32.496346836618656
206245000.0,-0.9986644474391619,-0.04588779318767801,0.0010897261281610892,-0.023715909309237358,-32.49004467831472
206367500.0,-0.998666956722116,-0.045824177409487576,0.0010890095319766116,-0.023733275677203697,-32.483712017551845
206490000.0,-0.9986694608164162,-0.04576052969022845,0.0010882943840962434,-0.02375073831383142,-32.47734877829319
206612500.0,-0.9986719597261815,-0.045696849487428526,0.0010875806699640177,-0.023768297622620168,-32.470954884047885
206735000.0,-0.9986744534553824,-0.04563313625599068,0.001086868374940708,-0.02378595401010504,-32.46453025786801
206857500.0,-0.9986769420078369,-0.04556938944816624,0.0010861574843024696,-0.023803707885881396,-32.45807482234583
206980000.0,-0.9986794253872104,-0.04550560851352853,0.0010854479832394664,-0.02382155966262985,-32.451588499610786
207102500.0,-0.9986819035970158,-0.04544179289894601,0.0010847398568544868,-0.023839509756141686,-32.44507121132656
207225000.0,-0.9986843766406103,-0.04537794204855504,0.0010840330901615307,-0.02385755858534435,-32.43852287868813
207347500.0,-0.9986868445211959,-0.045314055403732706,0.0010833276680843938,-0.023875706572327397,-32.431943422418726
207470000.0,-0.9986893072418175,-0.04525013240306905,0.0010826235754552243,-0.02389395414236856,-32.42533276276681
207592500.0,-0.9986917648053614,-0.045186172482339165,0.0010819207970130642,-0.023912301723960167,-32.418690819503034
207715000.0,-0.998694217214556,-0.04512217507447516,0.0010812193174023791,-0.023930749748835887,-32.412017511917114
207837500.0,-0.9986966644719676,-0.045058139609537536,0.0010805191211715577,-0.02394929865199759,-32.40531275881478
207960000.0,-0.9986991065800013,-0.04499406551468647,0.0010798201927714037,-0.023967948871742677,-32.39857647851456
208082500.0,-0.9987015435408998,-0.044929952214152954,0.0010791225165536068,-0.02398670084969164,-32.39180858884468
208205000.0,-0.9987039753567407,-0.0448657991292093,0.0010784260767691888,-0.02400555503081582,-32.38500900713981
208327500.0,-0.9987064020294357,-0.0448016056781397,0.0010777308575669392,-0.024024511863465627,-32.37817765023786
208450000.0,-0.9987088235607315,-0.04473737127621024,0.0010770368429918215,-0.02404357179939889,-32.37131443447676
208572500.0,-0.9987112399522047,-0.04467309533563882,0.0010763440169833723,-0.024062735293809676,-32.3644192756911
208695000.0,-0.9987136512052629,-0.04460877726556454,0.001075652363374066,-0.024082002805357286,-32.357492089208876
208817500.0,-0.9987160573211427,-0.04454441647201697,0.001074961865887666,-0.024101374796195573,-32.35053278984814
208940000.0,-0.9987184583009083,-0.04448001235788515,0.001074272508137564,-0.02412085173200275,-32.34354129191357
209062500.0,-0.9987208541454508,-0.044415564322886056,0.0010735842736250766,-0.024140434082011216,-32.336517509193136
209185000.0,-0.9987232448554855,-0.04435107176353292,0.0010728971457377421,-0.024160122319037972,-32.32946135495463
209307500.0,-0.9987256304315506,-0.04428653407310314,0.0010722111077475806,-0.024179916919515213,-32.32237274194221
209430000.0,-0.9987280108740063,-0.04422195064160597,0.0010715261428093411,-0.02419981836352132,-32.31525158237288
209552500.0,-0.998730386183034,-0.044157320855749874,0.0010708422339587235,-0.02421982713481219,-32.30809778793296
209675000.0,-0.9987327563586328,-0.044092644098909325,0.001070159364110573,-0.0242399437208528,-32.300911269774566
209797500.0,-0.9987351214006196,-0.04402791975109159,0.0010694775160570583,-0.02426016861284928,-32.293691938511955
209920000.0,-0.9987374813086265,-0.04396314718890298,0.0010687966724658214,-0.024280502305781167,-32.28643970421797
210042500.0,-0.9987398360820997,-0.043898325785514725,0.0010681168158781086,-0.02430094529843419,-32.27915447642027
210165000.0,-0.9987421857202973,-0.043833454910628664,0.001067437928706869,-0.024321498093433203,-32.271836164097756
210287500.0,-0.9987445302222898,-0.04376853393044246,0.0010667599932348377,-0.024342161197275693,-32.26448467567674
210410000.0,-0.9987468695869544,-0.04370356220761442,0.0010660829916125853,-0.024362935120365435,-32.25709991902727
210532500.0,-0.9987492038129769,-0.04363853910122813,0.0010654069058565504,-0.024383820377046735,-32.24968180145926
210655000.0,-0.9987515328988482,-0.043573463966756466,0.0010647317178470374,-0.02440481748563885,-32.24223022971869
210777500.0,-0.9987538568428633,-0.043508336156025514,0.0010640574093261975,-0.02442592696847099,-32.23474510998373
210900000.0,-0.9987561756431188,-0.04344315501717785,0.0010633839618959728,-0.024447149351917472,-32.22722634786085
211022500.0,-0.9987584892975109,-0.043377919894635575,0.0010627113570160207,-0.02446848516643344,-32.21967384838085
211145000.0,-0.9987607978037354,-0.04331263012906307,0.0010620395760016104,-0.02448993494659094,-32.212087515994924
211267500.0,-0.998763101159283,-0.04324728505732905,0.001061368600021486,-0.024511499231115327,-32.204467254570616
211390000.0,-0.9987653993614398,-0.04318188401246846,0.0010606984100957069,-0.024533178562922173,-32.196812967387764
211512500.0,-0.9987676924072839,-0.04311642632364404,0.0010600289870934573,-0.024554973489154502,-32.18912455713442
211635000.0,-0.9987699802936848,-0.04305091131610719,0.0010593603117308242,-0.024576884561220484,-32.18140192590275
211757500.0,-0.9987722630172987,-0.04298533831115863,0.0010586923645685498,-0.02459891233483151,-32.173644975184814
211880000.0,-0.9987745405745697,-0.042919706626108604,0.0010580251260097488,-0.02462105737004075,-32.16585360586841
212002500.0,-0.998776812961726,-0.042854015574236674,0.001057358576297599,-0.02464332023128208,-32.15802771823282
212125000.0,-0.9987790801747781,-0.04278826446475106,0.0010566926955130015,-0.024665701487409528,-32.150167211944485
212247500.0,-0.9987813422095162,-0.04272245260274745,0.0010560274635722006,-0.024688201711737027,-32.14227198605273
212370000.0,-0.998783599061509,-0.0426565792891676,0.001055362860224382,-0.02471082148207871,-32.134341938985386
212492500.0,-0.9987858507261005,-0.04259064382075726,0.001054698865049234,-0.024733561380789713,-32.12637696854436
212615000.0,-0.9987880971984083,-0.042524645490023806,0.0010540354574544739,-0.024756421994807286,-32.11837697190123
212737500.0,-0.9987903384733219,-0.04245858358519325,0.0010533726166733382,-0.024779403915692437,-32.1103418455927
212860000.0,-0.9987925745454985,-0.042392457390166956,0.00105271032176205,-0.02480250773967216,-32.102271485516134
212982500.0,-0.9987948054093625,-0.042326266184477754,0.001052048551597235,-0.024825734067681904,-32.094165786924904
213105000.0,-0.9987970310591032,-0.042260009243245765,0.0010513872848733157,-0.024849083505408744,-32.08602464442384
213227500.0,-0.9987992514886704,-0.04219368583713343,0.0010507265000998622,-0.024872556663334912,-32.077847951964515
213350000.0,-0.998801466691774,-0.042127295232300285,0.001050066175598908,-0.024896154156781907,-32.069635602840584
213472500.0,-0.9988036766618806,-0.04206083669035723,0.0010494062895022279,-0.02491987660595501,-32.061387489682986
213595000.0,-0.9988058813922108,-0.041994309468320265,0.0010487468197485817,-0.024943724635988374,-32.053103504455166
213717500.0,-0.9988080808757369,-0.041927712818563584,0.001048087744080913,-0.024967698876990668,-32.04478353844825
213840000.0,-0.9988102751051808,-0.0418610459887724,0.0010474290400435153,-0.024991799964091125,-32.03642748227611
213962500.0,-0.9988124640730103,-0.04179430822189498,0.0010467706849791524,-0.02501602853748623,-32.028035225870475
214085000.0,-0.9988146477714364,-0.04172749875609437,0.0010461126560261439,-0.025040385242486866,-32.0196066584759
214207500.0,-0.998816826192413,-0.04166061682469953,0.0010454549301154054,-0.025064870729566098,-32.01114166864477
214330000.0,-0.9988189993276297,-0.04159366165615573,0.0010447974839674493,-0.025089485654407363,-32.002640144232174
214452500.0,-0.9988211671685137,-0.04152663247397477,0.0010441402940893412,-0.025114230677953348,-31.99410197239085
214575000.0,-0.9988233297062232,-0.041459528496684196,0.0010434833367716162,-0.025139106466455407,-31.985527039565905
214697500.0,-0.9988254869316464,-0.041392348937776324,0.0010428265880851467,-0.025164113691523472,-31.976915231489663
214820000.0,-0.9988276388353982,-0.041325093005656476,0.0010421700238779717,-0.025189253030176665,-31.968266433176332
214942500.0,-0.9988297854078174,-0.04125775990359077,0.001041513619772073,-0.025214525164894357,-31.959580528916717
215065000.0,-0.9988319266389626,-0.04119034882965311,0.0010408573511601147,-0.025239930783667996,-31.95085740227277
215187500.0,-0.99883406251861,-0.04112285897667181,0.001040201193202125,-0.02526547058005334,-31.942096936072222
215310000.0,-0.9988361930362512,-0.04105528953217554,0.0010395451208221424,-0.025291145253223516,-31.933299012403044
215432500.0,-0.9988383181810876,-0.040987639678338524,0.001038889108704803,-0.025316955508022515,-31.9244635126079
215555000.0,-0.9988404379420285,-0.04091990859192524,0.001038233131291882,-0.02534290205501937,-31.91559031727858
215677500.0,-0.9988425523076885,-0.04085209544423462,0.0010375771627787911,-0.025368985610563086,-31.906679306250318
215800000.0,-0.9988446612663828,-0.04078419940104322,0.0010369211771110154,-0.025395206896838052,-31.897730358596064
215922500.0,-0.9988467648061248,-0.04071621962254812,0.001036265147980501,-0.02542156664192014,-31.888743352620782
216045000.0,-0.9988488629146215,-0.040648155263309,0.0010356090488220007,-0.025448065579833663,-31.879718165855536
216167500.0,-0.9988509555792715,-0.04058000547218955,0.0010349528528093477,-0.02547470445060864,-31.870654675051675
216290000.0,-0.9988530427871601,-0.040511769392298176,0.0010342965328516886,-0.025501484000339095,-31.86155275617486
216412500.0,-0.998855124525056,-0.04044344616092815,0.0010336400615896602,-0.025528404981241894,-31.852412284399072
216535000.0,-0.9988572007794083,-0.040375034909496926,0.0010329834113915017,-0.02555546815171622,-31.843233134100547
216657500.0,-0.9988592715363424,-0.040306534763484815,0.0010323265543491183,-0.025582674276403903,-31.83401517885166
216780000.0,-0.9988613367816557,-0.04023794484237294,0.0010316694622740834,-0.02561002412625038,-31.82475829141474
216902500.0,-0.9988633965008135,-0.04016926425958035,0.0010310121066935776,-0.025637518478566348,-31.815462343735817
217025000.0,-0.9988654506789466,-0.04010049212240066,0.0010303544588462772,-0.025665158117090345,-31.80612720693833
217147500.0,-0.9988674993008464,-0.040031627531937744,0.0010296964896781716,-0.02569294383205181,-31.796752751316752
217270000.0,-0.99886954235096,-0.03996266958304057,0.001029038169838325,-0.02572087642023516,-31.787338846330144
217392500.0,-0.9988715798133879,-0.039893617364237605,0.0010283794696745686,-0.025748956685044434,-31.777885360595654
217515000.0,-0.9988736116718785,-0.03982446995767017,0.0010277203592291397,-0.0257771854365689,-31.768392161881977
217637500.0,-0.9988756379098231,-0.039755226439025,0.0010270608082342386,-0.025805563491649277,-31.758859117102705
217760000.0,-0.9988776585102549,-0.03968588587746625,0.0010264007861075356,-0.025834091673944945,-31.749286092309603
217882500.0,-0.9988796734558401,-0.03961644733556635,0.0010257402619475995,-0.025862770814001828,-31.73967295268589
218005000.0,-0.9988816827288773,-0.03954690986923638,0.0010250792045292604,-0.02589160174932115,-31.73001956253936
218127500.0,-0.9988836863112908,-0.03947727252765524,0.0010244175822989026,-0.02592058532442908,-31.720325785295497
218250000.0,-0.9988856841846271,-0.03940753435319846,0.0010237553633696877,-0.025949722390947127,-31.710591483490497
218372500.0,-0.9988876763300487,-0.03933769438136549,0.0010230925155167013,-0.02597901380766353,-31.700816518764192
218495000.0,-0.9988896627283318,-0.039267751640706824,0.0010224290061720276,-0.02600846044060537,-31.691000751852982
218617500.0,-0.9988916433598592,-0.03919770515274977,0.0010217648024197536,-0.02603806316311175,-31.681144042582584
218740000.0,-0.9988936182046169,-0.03912755393192341,0.0010210998709908883,-0.026067822855907738,-31.67124624986078
218862500.0,-0.9988955872421877,-0.039057296985482756,0.0010204341782582066,-0.02609774040717917,-31.661307231670097
218985000.0,-0.9988975504517478,-0.03898693331343199,0.0010197676902310242,-0.02612781671264865,-31.651326845060368
219107500.0,-0.9988995078120605,-0.03891646190844658,0.0010191003725498757,-0.026158052675652205,-31.641304946141204
219230000.0,-0.9989014593014717,-0.038845881755794696,0.0010184321904811219,-0.026188449207217003,-31.6312413900745
219352500.0,-0.9989034048979027,-0.03877519183325728,0.00101776310891147,-0.02621900722614013,-31.621136031066683
219475000.0,-0.9989053445788489,-0.03870439111104787,0.0010170930923424134,-0.02624972765906817,-31.610988722361043
219597500.0,-0.99890727832137,-0.03863347855173048,0.0010164221048845747,-0.02628061144057789,-31.6007993162299
219720000.0,-0.9989092061020864,-0.038562453110137195,0.0010157501102519729,-0.02631165951325795,-31.59056766396671
219842500.0,-0.9989111278971734,-0.03849131373328442,0.0010150770717561942,-0.026342872827791606,-31.580293615878084
219965000.0,-0.9989130436823556,-0.038420059360288174,0.001014402952300473,-0.02637425234304043,-31.569977021275704
220087500.0,-0.9989149534329009,-0.03834868892227847,0.0010137277143736831,-0.026405799026129106,-31.55961772846821
220210000.0,-0.9989168571236148,-0.038277201342312245,0.0010130513200442299,-0.026437513852531343,-31.54921558475295
220332500.0,-0.9989187547288332,-0.03820559553528562,0.0010123737309538504,-0.026469397806156796,-31.538770436407646
220455000.0,-0.9989206462224174,-0.03813387040784483,0.0010116949083113144,-0.02650145187943913,-31.528282128681994
220577500.0,-0.9989225315777485,-0.03806202485829611,0.0010110148128860252,-0.02653367707342521,-31.51775050578918
220700000.0,-0.998924410767719,-0.03799005777651447,0.001010333405001524,-0.026566074397865454,-31.507175410897254
220822500.0,-0.9989262837647288,-0.03791796804385125,0.0010096506445288825,-0.02659864487130523,-31.496556686120485
220945000.0,-0.9989281505406765,-0.037845754533040545,0.0010089664908799981,-0.02663138952117753,-31.485894172510577
221067500.0,-0.9989300110669537,-0.03777341610810446,0.0010082809030007823,-0.02666430938389683,-31.47518771004777
221190000.0,-0.9989318653144391,-0.03770095162425721,0.001007593839364233,-0.026697405504954048,-31.464437137631943
221312500.0,-0.9989337132534895,-0.03762835992780779,0.001006905257963406,-0.02673067893901288,-31.45364229307348
221435000.0,-0.9989355548539348,-0.037555639856061813,0.0010062151163042676,-0.026764130750007206,-31.44280301308417
221557500.0,-0.9989373900850698,-0.037482790237221564,0.0010055233713984328,-0.02679776201123993,-31.431919133267915
221680000.0,-0.9989392189156482,-0.03740980989028527,0.0010048299797557913,-0.026831573805482987,-31.420990488111382
221802500.0,-0.9989410413138737,-0.03733669762494481,0.0010041348973770091,-0.026865567225078647,-31.410016910974573
221925000.0,-0.9989428572473928,-0.037263452241482004,0.0010034380797459088,-0.026899743372042165,-31.398998234081226
222047500.0,-0.9989446666832891,-0.037190072530664,0.0010027394818217356,-0.02693410335816582,-31.38793428850918
222170000.0,-0.9989464695880725,-0.037116557273636844,0.0010020390580312865,-0.026968648305124198,-31.376824904180584
222292500.0,-0.9989482659276737,-0.03704290524181787,0.001001336762260916,-0.027003379344580934,-31.365669909852052
222415000.0,-0.9989500556674368,-0.03696911519678686,0.0010006325478484185,-0.027038297618296923,-31.354469133104608
222537500.0,-0.9989518387721079,-0.03689518589017536,0.0009999263675747625,-0.02707340427823973,-31.343222400333698
222660000.0,-0.9989536152058306,-0.036821116063555044,0.0009992181736557043,-0.0271087004866946,-31.331929536738883
222782500.0,-0.9989553849321343,-0.03674690444832422,0.0009985079177332573,-0.02714418741637698,-31.320590366313617
222905000.0,-0.9989571479139291,-0.03667254976559318,0.0009977955508670257,-0.02717986625054647,-31.30920471183471
223027500.0,-0.9989589041134939,-0.03659805072606767,0.0009970810235253864,-0.027215738183122135,-31.29777239485188
223150000.0,-0.9989606534924699,-0.03652340602993124,0.0009963642855765353,-0.02725180441879964,-31.286293235677025
223272500.0,-0.9989623960118512,-0.0364486143667258,0.0009956452862793835,-0.02728806617316973,-31.274767053373456
223395000.0,-0.998964131631974,-0.036373674415230525,0.0009949239742742951,-0.027324524672838302,-31.263193665745032
223517500.0,-0.9989658603125097,-0.036298584843339345,0.000994200297573681,-0.027361181155548236,-31.25157288932508
223640000.0,-0.9989675820124542,-0.036223344307936854,0.0009934742035524332,-0.027398036870302688,-31.239904539365266
223762500.0,-0.9989692966901184,-0.036147951454772176,0.0009927456389381927,-0.027435093077490102,-31.228188429824357
223885000.0,-0.9989710043031185,-0.0360724049183317,0.000992014549801467,-0.02747235104901095,-31.216424373356773
224007500.0,-0.9989727048083663,-0.03599670332170966,0.0009912808815455728,-0.027509812068406112,-31.204612181301098
224130000.0,-0.9989743981620598,-0.035920845276477244,0.0009905445788964107,-0.027547477430987,-31.19275166366839
224252500.0,-0.9989760843196711,-0.03584482938254975,0.0009898055858920726,-0.02758534844396753,-31.18084262913043
224375000.0,-0.9989777632359376,-0.03576865422805217,0.0009890638458722695,-0.027623426426597757,-31.168884885007756
224497500.0,-0.9989794348648505,-0.0356923183891828,0.000988319301467585,-0.02766171271029943,-31.156878237257647
224620000.0,-0.998981099159645,-0.03561582043007501,0.0009875718945885398,-0.027700208638803344,-31.144822490461898
224742500.0,-0.9989827560727877,-0.03553915890265726,0.0009868215664144767,-0.02773891556828853,-31.132717447814507
224865000.0,-0.9989844055559677,-0.035462332346511076,0.000986068257382258,-0.027777834867523558,-31.120562911109175
224987500.0,-0.9989860475600825,-0.03538533928872715,0.0009853119071747607,-0.027816967918009416,-31.108358680726734
225110000.0,-0.9989876820352296,-0.03530817824375952,0.0009845524547091892,-0.027856316114124778,-31.09610455562232
225232500.0,-0.9989893089306915,-0.03523084771327766,0.000983789838125174,-0.02789588086327291,-31.08380033331251
225355000.0,-0.9989909281949261,-0.03515334618601652,0.0009830239947726737,-0.027935663586030834,-31.071445809862258
225477500.0,-0.9989925397755537,-0.03507567213762475,0.0009822548611996712,-0.02797566571630045,-31.059040779871665
225600000.0,-0.9989941436193446,-0.03499782403051048,0.0009814823731396519,-0.028015888701461853,-31.046585036462645
225722500.0,-0.9989957396722066,-0.03491980031368518,0.0009807064654988663,-0.028056334002528622,-31.034078371265387
225845000.0,-0.998997327879172,-0.0348415994226054,0.0009799270723433802,-0.028097003094305507,-31.021520574404672
225967500.0,-0.9989989081843847,-0.03476321977901207,0.0009791441268858867,-0.028137897465548053,-31.00891143448608
226090000.0,-0.9990004805310876,-0.03468465979076784,0.0009783575614723023,-0.028179018619124706,-30.996250738581953
226212500.0,-0.9990020448616067,-0.03460591785169192,0.0009775673075681193,-0.028220368072181035,-30.98353827221724
226335000.0,-0.999003601117341,-0.03452699234139287,0.0009767732957445278,-0.028261947356306324,-30.9707738193552
226457500.0,-0.9990051492387454,-0.03444788162509864,0.0009759754556642878,-0.028303758017702563,-30.957957162382872
226580000.0,-0.9990066891653187,-0.03436858405348485,0.0009751737160673615,-0.028345801617355677,-30.945088082096433
226702500.0,-0.9990082208355863,-0.034289097962499786,0.0009743680047562814,-0.028388079731209367,-30.932166357686356
226825000.0,-0.9990097441870893,-0.03420942167318783,0.0009735582485812739,-0.028430593950341317,-30.91919176672238
226947500.0,-0.9990112591563659,-0.03412955349150971,0.0009727443734251116,-0.028473345881141924,-30.90616408513833
227070000.0,-0.9990127656789375,-0.034049491708160476,0.0009719263041876962,-0.02851633714549553,-30.89308308721675
227192500.0,-0.9990142636892947,-0.03396923459838507,0.0009711039647703808,-0.02855956938096446,-30.879948545573328
227315000.0,-0.9990157531208788,-0.03388878042179077,0.0009702772780599936,-0.028603044240975355,-30.866760231141157
227437500.0,-0.9990172339060668,-0.033808127422157386,0.000969446165912593,-0.02864676339500848,-30.853517913154832
227560000.0,-0.9990187059761563,-0.03372727382724461,0.0009686105491369283,-0.028690728528789677,-30.840221359134272
227682500.0,-0.999020169261346,-0.033646217848596484,0.0009677703474776003,-0.028734941344484986,-30.82687033486845
227805000.0,-0.9990216236907213,-0.03356495768134315,0.0009669254795979221,-0.028779403560898233,-30.813464604398845
227927500.0,-0.9990230691922362,-0.03348349150399985,0.0009660758630624756,-0.02882411691367134,-30.800003930002763
228050000.0,-0.9990245056926941,-0.033401817478262666,0.000965221414319347,-0.028869083155487734,-30.786488072176393
228172500.0,-0.9990259331177321,-0.0333199337488017,0.0009643620486820463,-0.028914304056278543,-30.77291678961769
228295000.0,-0.9990273513918019,-0.033237838443051004,0.0009634976803110987,-0.028959781403431886,-30.759289839209046
228417500.0,-0.9990287604381508,-0.03315552967099545,0.0009626282221952982,-0.02900551700200529,-30.745606975999728
228540000.0,-0.9990301601788026,-0.033073005524954624,0.0009617535861326253,-0.02905151267494105,-30.73186795318818
228662500.0,-0.999031550534539,-0.032990264079363375,0.0009608736827108146,-0.029097770263284965,-30.718072522103963
228785000.0,-0.9990329314248798,-0.03290730339054933,0.0009599884212875674,-0.029144291626408195,-30.704220432189633
228907500.0,-0.9990343027680625,-0.03282412149650688,0.0009590977099703987,-0.029191078642232374,-30.690311430982263
229030000.0,-0.9990356644810218,-0.03274071641666808,0.0009582014555961221,-0.029238133207458186,-30.67634526409483
229152500.0,-0.99903701647937,-0.03265708615167004,0.0009572995637099501,-0.02928545723779717,-30.66232167519732
229275000.0,-0.9990383586773738,-0.03257322868311881,0.0009563919385442087,-0.029333052668207096,-30.648240405997615
229397500.0,-0.9990396909879353,-0.032489141973349844,0.0009554784829966666,-0.029380921453130926,-30.634101196222147
229520000.0,-0.9990410133225669,-0.03240482396518484,0.0009545590986084517,-0.029429065566739118,-30.619903783596286
229642500.0,-0.9990423255913717,-0.03232027258168495,0.0009536336855415667,-0.029477487003175814,-30.605647903824526
229765000.0,-0.9990436277030204,-0.03223548572590035,0.0009527021425559813,-0.02952618777680862,-30.591333290570365
229887500.0,-0.9990449195647261,-0.032150461280615904,0.0009517643669862958,-0.029575169922482086,-30.576959675436
230010000.0,-0.9990462010822219,-0.03206519710809305,0.0009508202547179725,-0.029624435495775227,-30.562526787941707
230132500.0,-0.9990474721597375,-0.03197969104980798,0.0009498697001631208,-0.029673986573262773,-30.548034355504985
230255000.0,-0.9990487326999739,-0.03189394092618543,0.00094891259623582,-0.029723825252780438,-30.533482103419423
230377500.0,-0.9990499826040782,-0.03180794453632889,0.0009479488343269874,-0.02977395365369423,-30.518869754833343
230500000.0,-0.9990512217716184,-0.03172169965774642,0.0009469783042787672,-0.029824373917173942,-30.504197030728108
230622500.0,-0.9990524501005577,-0.03163520404607227,0.0009460008943584305,-0.029875088206470727,-30.489463649896198
230745000.0,-0.9990536674872266,-0.031548455434784385,0.0009450164912317873,-0.029926098707199037,-30.474669328918974
230867500.0,-0.9990548738262982,-0.0314614515349175,0.0009440249799360873,-0.029977407627622812,-30.459813782144195
230990000.0,-0.9990560690107592,-0.0313741900347718,0.0009430262438524075,-0.03002901719894617,-30.4448967216632
231112500.0,-0.9990572529318817,-0.031286668599617096,0.0009420201646775095,-0.03008092967560853,-30.429917857287844
231235000.0,-0.9990584254791959,-0.031198884871392493,0.0009410066223951587,-0.03013314733558435,-30.414876896527087
231357500.0,-0.9990595865404596,-0.03111083646840125,0.0009399854952468934,-0.030185672480687552,-30.399773544563335
231480000.0,-0.9990607360016288,-0.03102252098500095,0.0009389566597022266,-0.030238507436880654,-30.38460750422839
231602500.0,-0.9990618737468285,-0.030933935991289005,0.0009379199904282804,-0.030291654554588706,-30.369378475979207
231725000.0,-0.9990629996583206,-0.030845079032783017,0.0009368753602588262,-0.030345116209018246,-30.354086157873216
231847500.0,-0.9990641136164735,-0.03075594763009622,0.000935822640162727,-0.030398894800481163,-30.338730245543392
231970000.0,-0.9990652154997292,-0.0306665392786078,0.0009347616992117649,-0.030452992754723757,-30.323310432172978
232092500.0,-0.9990663051845701,-0.03057685144812802,0.0009336924045478441,-0.030507412523260988,-30.30782640846986
232215000.0,-0.9990673825454878,-0.030486881582558134,0.0009326146213495493,-0.030562156583715874,-30.292277862640642
232337500.0,-0.9990684474549463,-0.03039662709954476,0.0009315282127980521,-0.030617227440164537,-30.27666448036433
232460000.0,-0.9990694997833509,-0.030306085390128978,0.000930433040042347,-0.03067262762348648,-30.260985944765718
232582500.0,-0.9990705393990088,-0.030215253818389444,0.0009293289621637984,-0.030728359691720664,-30.245241936388364
232705000.0,-0.9990715661680961,-0.03012412972108035,0.0009282158361399986,-0.030784426230427188,-30.22943213316726
232827500.0,-0.9990725799546195,-0.0300327104072631,0.0009270935168078984,-0.03084082985305477,-30.21355621040111
232950000.0,-0.9990735806203792,-0.029940993157932295,0.000925961856826213,-0.030897573201314164,-30.197613840724205
233072500.0,-0.9990745680249317,-0.02984897522563581,0.0009248207066370822,-0.03095465894555761,-30.181604694078015
233195000.0,-0.9990755420255492,-0.02975665383408837,0.0009236699144269592,-0.031012089785164464,-30.16552843768227
233317500.0,-0.9990765024771794,-0.029664026177779215,0.0009225093260867228,-0.031069868448932926,-30.14938473600577
233440000.0,-0.9990774492324076,-0.02957108942157324,0.0009213387851709892,-0.031127997695478384,-30.13317325073672
233562500.0,-0.999078382141414,-0.029477840700305763,0.0009201581328566074,-0.031186480313638028,-30.116893640752686
233685000.0,-0.9990793010519289,-0.02938427711837032,0.0009189672079003134,-0.03124531912288226,-30.100545562090154
233807500.0,-0.999080205809194,-0.02929039574930032,0.0009177658465955381,-0.03130451697373268,-30.084128667913674
233930000.0,-0.9990810962559151,-0.029196193635343193,0.0009165538827283306,-0.031364076748187114,-30.067642608484544
234052500.0,-0.9990819722322194,-0.029101667787027986,0.0009153311475323964,-0.03142400136015159,-30.051087031129104
234175000.0,-0.9990828335756073,-0.029006815182725607,0.000914097469643213,-0.03148429375587934,-30.034461580206596
234297500.0,-0.9990836801209083,-0.028911632768201807,0.0009128526750512119,-0.03154495691441727,-30.017765897076547
234420000.0,-0.9990845117002322,-0.02881611745616283,0.0009115965870540082,-0.031605993848059837,-30.0009996200657
234542500.0,-0.9990853281429194,-0.028720266125793408,0.0009103290262076381,-0.0316674076028102,-29.984162384434562
234665000.0,-0.9990861292754932,-0.028624075622287054,0.0009090498102768052,-0.03172920125884954,-29.96725382234338
234787500.0,-0.9990869149216075,-0.028527542756368592,0.0009077587541840971,-0.03179137793101388,-29.9502735628177
234910000.0,-0.999087684901996,-0.028430664303808525,0.0009064556699581494,-0.03185394076927913,-29.93322123171342
235032500.0,-0.9990884390344189,-0.0283334370049293,0.0009051403666807374,-0.03191689295925417,-29.91609645168143
235155000.0,-0.9990891771336098,-0.028235857564103323,0.0009038126504327706,-0.03198023772268238,-29.898898842131615
235277500.0,-0.999089899011219,-0.028137922649242236,0.0009024723242391558,-0.03204397831795163,-29.88162801919647
235400000.0,-0.9990906044757595,-0.02803962889127783,0.0009011191880125145,-0.032108118040612914,-29.864283595694143
235522500.0,-0.9990912933325478,-0.02794097288363387,0.0008997530384957175,-0.03217266022390788,-29.846865181090962
235645000.0,-0.9990919653836456,-0.02784195118168904,0.0008983736692032117,-0.03223760823930528,-29.829372381463457
235767500.0,-0.9990926204278019,-0.027742560302230646,0.0008969808703611148,-0.032302965497046796,-29.8118047994598
235890000.0,-0.999093258260389,-0.027642796722898877,0.0008955744288460406,-0.0323687354467021,-29.79416203426069
236012500.0,-0.9990938786733421,-0.027542656881621684,0.0008941541281226325,-0.032434921577733505,-29.776443681539728
236135000.0,-0.9990944814550949,-0.02744213717603961,0.0008927197481797649,-0.03250152742007042,-29.758649333423186
236257500.0,-0.999095066390515,-0.027341233962920982,0.0008912710654653942,-0.03256855654469375,-29.740778578449188
236380000.0,-0.9990956332608372,-0.027239943557566686,0.0008898078528200127,-0.032636012564230515,-29.722831001526306
236502500.0,-0.9990961818435946,-0.02713826223320467,0.0008883298794086775,-0.03270389913355868,-29.70480618389159
236625000.0,-0.9990967119125516,-0.027036186220373865,0.0008868369106515842,-0.03277221995042282,-29.686703703067906
236747500.0,-0.9990972232376308,-0.026933711706297325,0.0008853287081531445,-0.03284097875606039,-29.66852313282073
236870000.0,-0.9990977155848421,-0.02683083483424432,0.0008838050296295281,-0.032910179335838945,-29.65026404311432
236992500.0,-0.9990981887162076,-0.026727551702881193,0.0008822656288346443,-0.03297982551990491,-29.63192600006714
237115000.0,-0.9990986423896868,-0.026623858365610747,0.0008807102554845112,-0.03304992118384357,-29.613508565906706
237237500.0,-0.9990990763590999,-0.02651975082989985,0.0008791386551799759,-0.03312047024935084,-29.595011298923808
237360000.0,-0.999099490374048,-0.02641522505659529,0.0008775505693277594,-0.03319147668491708,-29.57643375342591
237482500.0,-0.9990998841798321,-0.026310276959227007,0.0008759457350597538,-0.03326294450652297,-29.557775479690008
237605000.0,-0.9991002575173724,-0.026204902403299448,0.000874323885150571,-0.03333487777834801,-29.539036023914704
237727500.0,-0.9991006101231228,-0.02609909720556968,0.000872684747933255,-0.033407280613491526,-29.520214928171594
237850000.0,-0.9991009417289852,-0.02599285713331278,0.0008710280472131493,-0.03348015717470702,-29.50131173035587
237972500.0,-0.9991012520622213,-0.025886177903573813,0.0008693535021798433,-0.0335535116751494,-29.48232596413628
238095000.0,-0.9991015408453633,-0.025779055182406488,0.0008676608273171777,-0.03362734837913602,-29.463257158904238
238217500.0,-0.9991018077961217,-0.02567148458409777,0.0008659497323112341,-0.03370167160292137,-29.444104839722232
238340000.0,-0.9991020526272905,-0.025563461670378422,0.0008642199219562764,-0.033776485715486075,-29.424868527271407
238462500.0,-0.9991022750466526,-0.02545498194961917,0.0008624710960585838,-0.03385179513934022,-29.40554773779834
238585000.0,-0.9991024747568807,-0.025346040876012044,0.0008607029493381219,-0.03392760435134142,-29.38614198306106
238707500.0,-0.9991026514554366,-0.025236633848736856,0.0008589151713280018,-0.03400391788352784,-29.36665077027422
238830000.0,-0.9991028048344692,-0.025126756211112034,0.0008571074462716677,-0.03408074032396693,-29.347073602053342
238952500.0,-0.9991029345807088,-0.02501640324973002,0.0008552794530177509,-0.03415807631761933,-29.327409976358382
239075000.0,-0.9991030403753598,-0.02490557019357636,0.0008534308649125381,-0.03423593056721942,-29.307659386436214
239197500.0,-0.9991031218939919,-0.024794252213132653,0.0008515613496899891,-0.03431430783417181,-29.287821320762394
239320000.0,-0.9991031788064254,-0.024682444419462518,0.0008496705693592364,-0.034393212939464776,-29.26789526298191
239442500.0,-0.9991032107766186,-0.024570141863280607,0.0008477581800895097,-0.03447265076460086,-29.247880691849065
239565000.0,-0.999103217462548,-0.02445733953400415,0.0008458238320924131,-0.03455262625254473,-29.227777081166423
239687500.0,-0.9991031985160902,-0.024344032358786367,0.0008438671695014849,-0.03463314440868929,-29.207583899722724
239810000.0,-0.9991031535828961,-0.0242302152015319,0.0008418878302489745,-0.03471421030183973,-29.187300611229915
239932500.0,-0.9991030823022683,-0.024115882861893433,0.0008398854459397569,-0.03479582906521643,-29.166926674259134
240055000.0,-0.999102984307029,-0.024001030074249276,0.0008378596417223175,-0.03487800589747685,-29.14646154217568
240177500.0,-0.999102859223389,-0.023885651506661252,0.0008358100361567182,-0.03496074606375711,-29.125904663072973
240300000.0,-0.9991027066708142,-0.023769741759812987,0.0008337362410794812,-0.0350440548967333,-29.105255479705452
240422500.0,-0.9991025262618848,-0.023653295365927467,0.0008316378614652901,-0.03512793779770326,-29.084513429420404
240545000.0,-0.9991023176021562,-0.02353630678766376,0.0008295144952854393,-0.03521240023768954,-29.06367794408864
240667500.0,-0.9991020802900127,-0.02341877041699276,0.000827365733362939,-0.03529744775856307,-29.042748450034168
240790000.0,-0.9991018139165199,-0.023300680574050773,0.0008251911592241823,-0.0353830859741891,-29.021724367962655
240912500.0,-0.9991015180652721,-0.02318203150597077,0.0008229903489470868,-0.035469320571595436,-29.00060511288874
241035000.0,-0.9991011923122385,-0.02306281738569113,0.0008207628710056163,-0.035556157312163245,-28.97939009406215
241157500.0,-0.9991008362256025,-0.022943032310740737,0.0008185082861105797,-0.03564360203284142,-28.95807871489266
241280000.0,-0.9991004493655997,-0.022822670302000535,0.0008162261470466168,-0.03573166064738465,-28.936670372873806
241402500.0,-0.9991000312843502,-0.02270172530244024,0.0008139159985052479,-0.03582033914761607,-28.9151644595053
241525000.0,-0.9990995815256888,-0.022580191175830502,0.0008115773769139041,-0.03590964360471473,-28.89356036021425
241647500.0,-0.999099099624989,-0.022458061705429237,0.0008092098102608083,-0.03599958017052876,-28.871857454274995
241770000.0,-0.9990985851089842,-0.022335330592641863,0.0008068128179156029,-0.03609015507891465,-28.850055114727677
241892500.0,-0.9990980374955839,-0.022211991455654865,0.0008043859104456055,-0.036181374647103165,-28.82815270829545
242015000.0,-0.9990974562936853,-0.022088037828041834,0.0008019285894275704,-0.03627324527709294,-28.80614959530023
242137500.0,-0.999096841002981,-0.02196346315734168,0.0007994403472548311,-0.03636577345707168,-28.784045129577184
242260000.0,-0.9990961911137618,-0.021838260803607876,0.0007969206669396972,-0.03645896576286656,-28.761838658387617
242382500.0,-0.9990955061067125,-0.021712424037928488,0.0007943690219109691,-0.03655282885942354,-28.739529522330514
242505000.0,-0.9990947854527067,-0.021585946040916345,0.0007917848758064451,-0.036647369502317007,-28.717117055252537
242627500.0,-0.9990940286125926,-0.021458819901167978,0.0007891676822602581,-0.03674259453929007,-28.694600584156493
242750000.0,-0.9990932350369763,-0.02133103861369152,0.0007865168846849256,-0.03683851091182646,-28.671979429108262
242872500.0,-0.9990924041659974,-0.02120259507830198,0.0007838319160479334,-0.03693512565675459,-28.64925290314213
242995000.0,-0.999091535429101,-0.021073482097983733,0.0007811121986427237,-0.03703244590788473,-28.62642031216449
243117500.0,-0.9990906282448024,-0.020943692377218992,0.0007783571438539093,-0.03713047889768005,-28.603480954855883
243240000.0,-0.9990896820204466,-0.020813218520281725,0.0007755661519165592,-0.0372292319589622,-28.580434122571383
243362500.0,-0.999088696151961,-0.020682053029496182,0.0007727386116693856,-0.03732871252665239,-28.557279099239224
243485000.0,-0.9990876700236042,-0.020550188303458707,0.0007698739003016471,-0.03742892813954904,-28.53401516125768
243607500.0,-0.9990866030077042,-0.020417616635222815,0.0007669713830936046,-0.037529886442142404,-28.510641577390132
243730000.0,-0.9990854944643942,-0.02028433021044572,0.0007640304131503222,-0.03763159518646743,-28.487157608658336
243852500.0,-0.999084343741338,-0.020150321105495902,0.000761050331128637,-0.037734062233995835,-28.463562508233792
243975000.0,-0.9990831501734508,-0.020015581285520563,0.0007580304649570856,-0.03783729555756812,-28.439855521327164
244097500.0,-0.9990819130826128,-0.019880102602472267,0.0007549701295485993,-0.037941303243366635,-28.416035885075836
244220000.0,-0.9990806317773729,-0.019743876793093095,0.0007518686265057269,-0.03804609349293083,-28.392102828429394
244342500.0,-0.9990793055526478,-0.019606895476856026,0.0007487252438181969,-0.03815167462521552,-28.36805557203307
244465000.0,-0.9990779336894096,-0.01946915015386196,0.0007455392555525696,-0.03825805507869335,-28.3438933281092
244587500.0,-0.9990765154543707,-0.01933063220269155,0.000742309921533758,-0.03836524341350265,-28.319615300336416
244710000.0,-0.9990750500996536,-0.0191913328782104,0.0007390364870181628,-0.038473248313641614,-28.29522068372679
244832500.0,-0.9990735368624578,-0.019051243309326792,0.0007357181823581877,-0.038582078589210304,-28.270708664500674
244955000.0,-0.9990719749647144,-0.018910354496700487,0.0007323542226578593,-0.03869174317870137,-28.246078419959307
245077500.0,-0.9990703636127332,-0.018768657310401497,0.0007289438074192965,-0.038802251151340755,-28.221329118355115
245200000.0,-0.9990687019968386,-0.018626142487517535,0.0007254861201797495,-0.038913611709479975,-28.196459918759622
245322500.0,-0.9990669892909995,-0.018482800629708588,0.0007219803281389162,-0.03902583419104096,-28.17146997092896
245445000.0,-0.9990652246524431,-0.018338622200707772,0.0007184255817762546,-0.03913892807201484,-28.146358415166898
245567500.0,-0.999063407221266,-0.018193597523766415,0.0007148210144579712,-0.03925290296901653,-28.121124382185307
245690000.0,-0.9990615361200275,-0.018047716779042575,0.0007111657420333781,-0.03936776864189564,-28.095766992962137
245812500.0,-0.999059610453336,-0.017900970000930848,0.0007074588624202858,-0.039483534996406215,-28.070285358596646
245935000.0,-0.9990576293074235,-0.01775334707533271,0.0007036994551791063,-0.039600212086936176,-28.044678580161992
246057500.0,-0.9990555917497081,-0.017604837736865185,0.0006998865810753003,-0.03971781011929806,-28.01894574855507
246180000.0,-0.9990534968283444,-0.017455431566006315,0.0006960192816298151,-0.03983633945358321,-27.993085944343456
246302500.0,-0.9990513435717614,-0.017305117986176167,0.0006920965786571387,-0.03995581060708029,-27.967098237609562
246425000.0,-0.9990491309881876,-0.01715388626075126,0.000688117473790584,-0.0400762342572605,-27.94098168779177
246547500.0,-0.999046858065164,-0.01700172549001056,0.0006840809479943913,-0.04019762124483114,-27.914735343522526
246670000.0,-0.9990445237690424,-0.016848624608012105,0.0006799859610622587,-0.04031998257685858,-27.888358242463497
246792500.0,-0.9990421270444697,-0.01669457237939674,0.0006758314511018294,-0.04044332942996411,-27.861849411137328
246915000.0,-0.9990396668138579,-0.016539557396118777,0.0006716163340047365,-0.04056767315359291,-27.835207864756374
247037500.0,-0.9990371419768391,-0.016383568074100345,0.0006673395029017064,-0.04069302527335914,-27.808432607048047
247160000.0,-0.9990345514097069,-0.016226592649808073,0.0006629998276022702,-0.04081939749446913,-27.78152263007673
247282500.0,-0.999031893964838,-0.01606861917674964,0.0006585961540185693,-0.040946801705224134,-27.754476914062334
247405000.0,-0.9990291684701016,-0.015909635521887976,0.0006541273035727526,-0.04107524998060594,-27.72729442719522
247527500.0,-0.9990263737282472,-0.01574962936197114,0.0006495920725874297,-0.041204754585946385,-27.69997412544756
247650000.0,-0.9990235085162821,-0.015588588179775266,0.0006449892316586334,-0.04133532798068429,-27.672514952380915
247772500.0,-0.9990205715848212,-0.015426499260258419,0.0006403175250107175,-0.041466982822210896,-27.644915838950087
247895000.0,-0.9990175616574276,-0.015263349686622515,0.0006355756698325962,-0.0415997319698078,-27.617175703303044
248017500.0,-0.9990144774299264,-0.015099126336281202,0.0006307623555947182,-0.041733588488678454,-27.589293450576843
248140000.0,-0.9990113175697051,-0.014933815876730783,0.0006258762433461369,-0.04186856565407709,-27.56126797268952
248262500.0,-0.9990080807149864,-0.014767404761321344,0.0006209159649910089,-0.04200467695553696,-27.53309814812777
248385000.0,-0.9990047654740865,-0.014599879224925784,0.0006158801225438558,-0.04214193610120113,-27.504782841730353
248507500.0,-0.9990013704246472,-0.014431225279502998,0.0006107672873628505,-0.042280357022258706,-27.476320904467116
248630000.0,-0.9989978941128468,-0.014261428709553443,0.0006055759993604329,-0.042419953877489036,-27.44771117321359
248752500.0,-0.9989943350525878,-0.01409047506746237,0.0006003047661904383,-0.04256074105791803,-27.418952470520836
248875000.0,-0.9989906917246579,-0.013918349668729228,0.0005949520624109992,-0.04270273319158832,-27.39004360438077
248997500.0,-0.9989869625758708,-0.013745037587078688,0.0005895163286223585,-0.042845945148447945,-27.36098336798653
249120000.0,-0.9989831460181762,-0.013570523649450383,0.0005839959705787557,-0.04299039204536016,-27.33177053948793
249242500.0,-0.9989792404277446,-0.013394792430863934,0.000578389358273503,-0.043136089251238054,-27.302403881741878
249365000.0,-0.9989752441440267,-0.013217828249155277,0.0005726948249963154,-0.04328305239230786,-27.272882142057547
249487500.0,-0.9989711554687805,-0.013039615159580898,0.0005669106663619554,-0.043431297357504305,-27.243204051936274
249610000.0,-0.9989669726650701,-0.012860136949285544,0.0005610351393091778,-0.043580840304002506,-27.21336832680594
249732500.0,-0.9989626939562356,-0.012679377131630287,0.00055506646106897,-0.04373169766288962,-27.1833736657498
249855000.0,-0.9989583175248272,-0.012497318940375955,0.0005490028081009909,-0.04388388614498087,-27.153218751229602
249977500.0,-0.9989538415115118,-0.012313945323717768,0.0005428423149970977,-0.04403742274678478,-27.122902248802696
250100000.0,-0.9989492640139396,-0.012129238938167157,0.0005365830733508134,-0.04419232475662074,-27.09242280683324
250222500.0,-0.9989445830855802,-0.011943182142275811,0.0005302231305915193,-0.044348609760894706,-27.061779056197196
250345000.0,-0.9989397967345202,-0.011755756990197274,0.0005237604887821262,-0.04450629565053728,-27.030969609980843
250467500.0,-0.998934902922222,-0.011566945225081256,0.0005171931033789178,-0.04466540062760889,-26.99999306317299
250590000.0,-0.9989298995622449,-0.011376728272295406,0.0005105188819522125,-0.044825943212077744,-26.96884799235033
250712500.0,-0.9989247845189272,-0.011185087232469451,0.0005037356828664372,-0.04498794224877537,-26.93753295535601
250835000.0,-0.9989195556060203,-0.010992002874356083,0.0004968413139181413,-0.04515141691453521,-26.906046490971143
250957500.0,-0.9989142105852868,-0.010797455627503156,0.0004898335309304333,-0.04531638672552021,-26.874387118579097
251080000.0,-0.9989087471650494,-0.010601425574731227,0.0004827100363022471,-0.04548287154474484,-26.8425533378224
251202500.0,-0.9989031629986904,-0.010403892444410359,0.00047546847751078547,-0.045650891589797946,-26.810543628252
251325000.0,-0.9988974556831096,-0.010204835602529902,0.00046810644556541695,-0.045820467440772665,-26.778356448968665
251447500.0,-0.9988916227571252,-0.010004234044554888,0.00046062147341124004,-0.04599162004840951,-26.745990238256482
251570000.0,-0.9988856616998262,-0.009802066387062346,0.0004530110342804505,-0.04616437074245988,-26.713443413208
251692500.0,-0.9988795699288693,-0.009598310859150352,0.00044527253998955776,-0.04633874124027656,-26.680714369340937
251815000.0,-0.9988733447987213,-0.009392945293612672,0.0004374033391804293,-0.046514753655638764,-26.647801480206223
251937500.0,-0.9988669835988402,-0.009185947117871933,0.00042940071550306606,-0.04669243050781855,-26.614703096987114
252060000.0,-0.9988604835517984,-0.008977293344662551,0.00042126188573787506,-0.04687179473089761,-26.581417548089053
252182500.0,-0.9988538418113414,-0.008766960562456752,0.00041298399785519275,-0.04705286968334084,-26.547943138720207
252305000.0,-0.9988470554603847,-0.008554924925624069,0.000404564129009623,-0.04723567915783654,-26.51427815046222
252427500.0,-0.9988401215089364,-0.008341162144316678,0.0003959992834667363,-0.04742024739141071,-26.480420840831094
252550000.0,-0.9988330368919585,-0.008125647474070682,0.000387286390459489,-0.04760659907582539,-26.446369442827745
252672500.0,-0.9988257984671461,-0.007908355705114872,0.00037842230197168865,-0.04779475936826961,-26.412122164478067
252795000.0,-0.9988184030126376,-0.007689261151377036,0.0003694037904456589,-0.04798475390235268,-26.377677188362263
252917500.0,-0.9988108472246436,-0.007468337639177334,0.00036022754641113435,-0.04817660879941055,-26.343032671132857
253040000.0,-0.9988031277149928,-0.007245558495598822,0.0003508901760323195,-0.04837035068013482,-26.30818674302143
253162500.0,-0.9987952410085944,-0.007020896536524879,0.00034138819856991635,-0.0485660066765351,-26.273137507333566
253285000.0,-0.9987871835408128,-0.006794324054330484,0.0003317180437546812,-0.04876360444424727,-26.23788303993152
253407500.0,-0.998778951654748,-0.006565812805218127,0.0003218760490691029,-0.04896317217519737,-26.202421388704696
253530000.0,-0.9987705415984233,-0.006335333996184228,0.0003118584569334452,-0.049164738610634744,-26.166750573027045
253652500.0,-0.9987619495218693,-0.006102858271604669,0.00030166141179237456,-0.04936833305454618,-26.13086858320145
253775000.0,-0.9987531714741097,-0.005868355699426165,0.00029128095709815354,-0.0495739853874642,-26.09477337989047
253897500.0,-0.9987442034000366,-0.005631795756949388,0.00028071303218619596,-0.049781726080683694,-26.058462893533036
254020000.0,-0.9987350411371718,-0.005393147316190538,0.00026995346903863407,-0.04999158621089985,-26.02193502374689
254142500.0,-0.9987256804123176,-0.0051523786288060645,0.0002589979889312971,-0.050203597475283274,-25.985187638716063
254265000.0,-0.9987161168380787,-0.0049094573105660224,0.0002478421989593425,-0.050417792207006165,-25.94821857456324
254387500.0,-0.9987063459092644,-0.004664350325358916,0.00023648158843647156,-0.05063420339123726,-25.911025634706206
254510000.0,-0.9986963629991542,-0.004417023968713458,0.00022491152516257453,-0.05085286468161962,-25.87360658919833
254632500.0,-0.9986861633556298,-0.004167443850818063,0.00021312725155422577,-0.05107381041725092,-25.835959174052178
254755000.0,-0.9986757420971618,-0.0039155748790218395,0.00020112388063235688,-0.05129707564018205,-25.798081090546003
254877500.0,-0.9986650942086495,-0.0036613812397976774,0.00018889639186105698,-0.051522696113453795,-25.759970004512546
255000000.0,-0.9986542145371037,-0.003404826380148019,0.00017643962683119299,-0.051750708339690615,-25.7216235456095
255122500.0,-0.9986430977871689,-0.003145872988434143,0.00016374828478229819,-0.05198114958027115,-25.68303930657125
255245000.0,-0.9986317385164775,-0.00288448297460633,0.00015081691795573122,-0.052214057875097676,-25.644214842441045
255367500.0,-0.998620131130825,-0.002620617449814939,0.00013763992677194706,-0.052449472062984726,-25.605147669783324
255490000.0,-0.9986082698791662,-0.0023542367053783664,0.00012421155482421868,-0.05268743180269082,-25.56583526587527
255612500.0,-0.9985961488484151,-0.002085300191084169,0.00011052588368083859,-0.05292797759461694,-25.526275067877087
255735000.0,-0.9985837619580492,-0.0018137664928001643,9.657682748751891e-05,-0.053171150803195295,-25.486464471980405
255857500.0,-0.9985711029545027,-0.0015395933093673559,8.235812736109895e-05,-0.053416993679995875,-25.446400832533833
255980000.0,-0.9985581654053417,-0.001262737428749793,6.786334556545879e-05,-0.0536655493875764,-25.406081461145256
256102500.0,-0.9985449426932144,-0.0009831547034125357,5.308585945993676e-05,-0.05391686202410401,-25.365503625759906
256225000.0,-0.9985314280095594,-0.0007008000248984399,3.801885521010674e-05,-0.054170976648778194,-25.324664549713525
256347500.0,-0.9985176143480704,-0.0004156272975738268,2.26553212502928e-05,-0.054427939308084705,-25.283561410759777
256470000.0,-0.9985034944978984,-0.00012758941151015579,6.988041486577565e-06,-0.05468779706291372,-25.242191340071024
256592500.0,-0.9984890610365847,0.00016336178553019625,-8.990411771382064e-06,-0.054950598016573676,-25.200551421211685
256715000.0,-0.9984743063227065,0.0004572755170395775,-2.528768516213204e-05,-0.055216391343736564,-25.158638689083244
256837500.0,-0.9984592224882309,0.0007542021076785071,-4.1911651920790584e-05,-0.05548522732035117,-25.11645012883981
256960000.0,-0.9984438014305571,0.001054193014193778,-5.8870419837615015e-05,-0.055757157354560785,-25.073982674773557
257082500.0,-0.998428034804229,0.0013573008573820064,-7.617233954120447e-05,-0.056032234018666485,-25.031233209168676
257205000.0,-0.998411914012318,0.001663579455138796,-9.382601312139159e-05,-0.05631051108217598,-24.988198561123088
257327500.0,-0.9983954301974396,0.0019730838566376966,-0.0001118403031077911,-0.05659204354598226,-24.944875505336547
257450000.0,-0.9983785742324068,0.0022858703776833097,-0.0001302243418207089,-0.056876887677716474,-24.90126076086419
257572500.0,-0.9983613367104853,0.002601996637286003,-0.0001489875411120644,-0.057165101048322224,-24.857350989834337
257695000.0,-0.9983437079352466,0.0029215215955082255,-0.00016813960251494067,-0.057456742569901624,-24.813142796129082
257817500.0,-0.9983256779099894,0.0032445055926330147,-0.00018769052782127566,-0.05775187253488357,-24.76863272402664
257940000.0,-0.9983072363267128,0.0035710103897099144,-0.00020765063010839412,-0.058050552656569304,-24.72381725680402
258062500.0,-0.9982883725546204,0.003901099210533956,-0.0002280305452360756,-0.05835284611111104,-24.678692815298557
258185000.0,-0.9982690756281293,0.004234836785117839,-0.0002488412438371525,-0.05865881758098401,-24.63325575642696
258307500.0,-0.9982493342343605,0.004572289394718936,-0.00027009404382580894,-0.058968533300013025,-24.58750237166027
258430000.0,-0.9982291367000894,0.00491352491848577,-0.00029180062344909475,-0.059282061100018685,-24.541428885453307
258552500.0,-0.9982084709781226,0.0052586128817939375,-0.0003139730349087256,-0.059599470459153085,-24.495031453626638
258675000.0,-0.9981873246330789,0.005607624506340766,-0.00033662371858149767,-0.0599208325519941,-24.448306161699733
258797500.0,-0.9981656848265396,0.005960632762074526,-0.00035976551786844144,-0.060246220301474356,-24.40124902317338
258920000.0,-0.9981435383015366,0.0063177124210375525,-0.0003834116947045314,-0.060575708432723974,-24.353855977759356
259042500.0,-0.9981208713663532,0.006678940113204856,-0.00040757594576247666,-0.06090937352890906,-24.306122889555574
259165000.0,-0.9980976698775871,0.007044394384405023,-0.0004322724193861128,-0.06124729408915213,-24.2580455451647
259287500.0,-0.9980739192224513,0.007414155756414152,-0.0004575157332909393,-0.06158955058862591,-24.209619651754007
259410000.0,-0.9980496043002662,0.007788306789318693,-0.0004833209930715658,-0.06193622554091576,-24.160840835054334
259532500.0,-0.9980247095031032,0.008166932146246636,-0.0005097038115580683,-0.06228740356275065,-24.111704637295883
259655000.0,-0.9979992186955365,0.008550118660572833,-0.0005366803290658062,-0.06264317144120826,-24.06220651507837
259777500.0,-0.9979731151934508,0.00893795540570937,-0.0005642672345858817,-0.06300361820350492,-24.012341837173032
259900000.0,-0.9979463817418601,0.00933053376759612,-0.0005924817879661144,-0.06336883518948594,-23.96210588225401
260022500.0,-0.9979190004916856,0.00972794752001535,-0.000621341843135593,-0.06373891612694003,-23.911493836556073
260145000.0,-0.9978909529754292,0.010130292902857378,-0.0006508658724288333,-0.06411395720986456,-23.860500791456193
260267500.0,-0.9978622200816913,0.010537668703474041,-0.0006810729920691892,-0.06449405717981875,-23.80912174097565
260390000.0,-0.9978327820284648,0.010950176341261653,-0.0007119829888746496,-0.06487931741050645,-23.75735157919972
260512500.0,-0.9978026183351396,0.011367919955623263,-0.0007436163482530691,-0.065269841995738,-23.705185097611636
260635000.0,-0.9977717077931476,0.01179100649746921,-0.0007759942835581373,-0.06566573784093062,-23.652616982337314
260757500.0,-0.9977400284351694,0.012219545824421049,-0.0008091387668816317,-0.06606711475831195,-23.599641811297403
260880000.0,-0.9977075575028257,0.012653650799895466,-0.0008430725613624523,-0.06647408556600379,-23.546254051262725
261002500.0,-0.997674271412766,0.013093437396252034,-0.0008778192550978303,-0.06688676619116948,-23.492448054809355
261125000.0,-0.9976401457210653,0.013539024802200768,-0.0009134032967476931,-0.06730527577742133,-23.43821805716904
261247500.0,-0.9976051550858278,0.013990535534674726,-0.0009498500329288823,-0.06772973679669275,-23.383558172970762
261370000.0,-0.9975692732279025,0.014448095555384602,-0.0009871857475021685,-0.06816027516579276,-23.328462392868854
261492500.0,-0.9975324728895918,0.014911834392284827,-0.0010254377028617381,-0.0685970203678717,-23.27292458005295
261615000.0,-0.9974947257912437,0.015381885266192927,-0.001064634183343937,-0.06904010557904038,-23.216938466634804
261737500.0,-0.9974560025855984,0.015858385222819103,-0.0011048045408798782,-0.06948966780039931,-23.16049764990656
261860000.0,-0.9974162728097606,0.016341475270473582,-0.0011459792430244386,-0.06994584799574594,-23.103595588465353
261982500.0,-0.9973755048346519,0.01683130052374018,-0.0011881899235034893,-0.07040879123524779,-23.04622559819817
262105000.0,-0.9973336658117927,0.01732801035341733,-0.001231469435430433,-0.07087864684538331,-22.98838084812092
262227500.0,-0.9972907216172583,0.01783175854304547,-0.0012758519073533398,-0.07135556856546894,-22.930054356065618
262350000.0,-0.9972466367926252,0.018342703452360064,-0.0013213728023051682,-0.07183971471111196,-22.871238984208713
262472500.0,-0.9972013744827363,0.018861008188028792,-0.0013680689800413155,-0.0723312483449473,-22.811927434433642
262595000.0,-0.9971548963700779,0.019386840782051076,-0.0014159787626613913,-0.07283033745503688,-22.752112243520287
262717500.0,-0.9971071626055625,0.019920374378223873,-0.0014651420038261109,-0.07333715514133514,-22.691785778153424
262840000.0,-0.9970581317354932,0.020461787427097672,-0.0015156001617946443,-0.07385187981064475,-22.630940229742144
262962500.0,-0.9970077606244617,0.02101126388987838,-0.0015673963765242993,-0.07437469538051825,-22.569567609041357
263085000.0,-0.9969560043739301,0.02156899345175057,-0.0016205755510909099,-0.07490579149258099,-22.50765974056666
263207500.0,-0.9969028162362107,0.02213517174513388,-0.00167518443770757,-0.07544536373578739,-22.445208256792707
263330000.0,-0.9968481475235521,0.02271000058341291,-0.0017312717286391876,-0.07599361388015045,-22.38220459212517
263452500.0,-0.9967919475120102,0.023293688205713904,-0.001788888152331986,-0.07655075012151825,-22.318639976635527
263575000.0,-0.9967341633397602,0.023886449533338946,-0.0018480865751007256,-0.07711698733800793,-22.254505429547645
263697500.0,-0.9966747398994836,0.024488506438506672,-0.0019089221087418271,-0.07769254735874594,-22.189791752464156
263820000.0,-0.9966136197244337,0.025100088026089998,-0.0019714522244681436,-0.07827765924560581,-22.124489522320143
263942500.0,-0.9965507428677541,0.025721430929083994,-0.002035736873590788,-0.07887255958867555,-22.05858908405115
264065000.0,-0.9964860467745917,0.02635277961858731,-0.0021018386154060945,-0.07947749281623893,-21.992080542961283
264187500.0,-0.9964194661465106,0.026994386729129266,-0.0021698227527806304,-0.08009271152010229,-21.9249537567769
264310000.0,-0.9963509327976801,0.027646513400230208,-0.0022397574759654023,-0.0807184767971546,-21.857198327370217
264432500.0,-0.996280375502256,0.028309429635141842,-0.0023117140152118243,-0.08135505860810766,-21.788803592136286
264555000.0,-0.9962077198323486,0.028983414677775522,-0.0023857668028068107,-0.08200273615442398,-21.71975861500613
264677500.0,-0.9961328879858987,0.02966875740889851,-0.0024619936451938,-0.08266179827451293,-21.65005217707718
264800000.0,-0.996055798603754,0.030365756762743067,-0.0025404759058988645,-0.08333254386033954,-21.579672766842055
264922500.0,-0.9959763665751581,0.03107472216526285,-0.0026212987000403796,-0.08401528229568063,-21.50860856999428
265045000.0,-0.9958945028308174,0.03179597399534609,-0.002704551101262899,-0.08471033391733773,-21.436847458789426
265167500.0,-0.995810114122632,0.03252984407038905,-0.0027903263620052583,-0.08541803050071038,-21.364376980938253
265290000.0,-0.9957231027891087,0.03327667615773427,-0.002878722148088563,-0.08613871577123401,-21.291184348007096
265412500.0,-0.9956333665053854,0.03403682651357923,-0.002969840788691526,-0.08687274594328845,-21.217256423299254
265535000.0,-0.9955407980167108,0.03481066445107941,-0.0030637895428710497,-0.08762049028830071,-21.142579709189455
265657500.0,-0.9954452848541219,0.03559857293948919,-0.0031606808838839733,-0.08838233173388567,-21.06714033388185
265780000.0,-0.9953467090309577,0.03640094923631983,-0.0032606328026739957,-0.08915866749600372,-20.990924037560006
265902500.0,-0.9952449467187258,0.03721820555463791,-0.0033637691320059964,-0.08994990974625917,-20.913916157895308
266025000.0,-0.995139867900707,0.038050769767781115,-0.0034702198928592046,-0.09075648631661552,-20.836101614878118
266147500.0,-0.9950313360015517,0.038899086153936856,-0.0035801216648329915,-0.09157884144397409,-20.757464894933975
266270000.0,-0.9949192074909501,0.03976361618321753,-0.0036936179824759554,-0.09241743655724885,-20.677990034283784
266392500.0,-0.9948033314592981,0.04064483935005299,-0.0038108597596194656,-0.09327275110975883,-20.59766060150558
266515000.0,-0.9946835491630884,0.04154325405394675,-0.003932005743987305,-0.09414528345998391,-20.516459679251277
266637500.0,-0.9945596935375456,0.04245937853186611,-0.00405722300456022,-0.0950355518039549,-20.43436984506975
266760000.0,-0.9944315886737984,0.04339375184579565,-0.004186687454404604,-0.09594409516280658,-20.35137315128351
266882500.0,-0.9942990492576237,0.04434693492925302,-0.004320584411927353,-0.09687147442929349,-20.267451103863223
267005000.0,-0.9941618799665243,0.045319511696865135,-0.004459109203798781,-0.0978182734773657,-20.182584640240236
267127500.0,-0.994019874821585,0.04631209022143182,-0.004602467813095659,-0.09878510033923231,-20.096754105992886
267250000.0,-0.9938728164902176,0.04732530398324791,-0.004750877576557459,-0.09977258845468337,-20.009939230338496
267372500.0,-0.9937204755355181,0.04835981319685046,-0.0049045679352298106,-0.1007813979978367,-19.922119100357374
267495000.0,-0.9935626096075403,0.04941630622076445,-0.005063781243188061,-0.10181221728688353,-19.833272133870643
267617500.0,-0.9933989625713331,0.05049550105629095,-0.005228773639502544,-0.10286576428287639,-19.7433760508873
267740000.0,-0.9932292635660542,0.05159814694186787,-0.005399815989124265,-0.10394278818408952,-19.65240784353054
267862500.0,-0.9930532259889079,0.05272502605008362,-0.005577194898947528,-0.10504407112303248,-19.560343744346422
267985000.0,-0.9928705463970036,0.0538769552950228,-0.005761213815949281,-0.10617042997379549,-19.467159192890463
268107500.0,-0.9926809033195283,0.05505478825826639,-0.005952194215020262,-0.10732271827804939,-19.37282880048059
268230000.0,-0.9924839559718055,0.05625941724258358,-0.006150476884903154,-0.10850182829873739,-19.277326312996177
268352500.0,-0.992279342861942,0.05749177546313627,-0.006356423321546984,-0.10970869321127916,-19.180624571593473
268475000.0,-0.9920666802797496,0.05875283938686124,-0.006570417239185153,-0.11094428944295283,-19.082695471198544
268597500.0,-0.9918455606565156,0.06004363123164433,-0.006792866210566051,-0.11220963917206907,-18.983509916627003
268720000.0,-0.9916155507829355,0.06136522163791395,-0.007024203449018495,-0.11350581299956419,-18.88303777616932
268842500.0,-0.9913761898711195,0.06271873252642263,-0.007264889746446327,-0.11483393280678161,-18.781247832466413
268965000.0,-0.9911269874449928,0.06410534015721016,-0.007515415582929263,-0.1161951748144347,-18.67810773048762
269087500.0,-0.9908674210416231,0.06552627840611172,-0.0077763034253929,-0.11759077285911478,-18.573583922407128
269210000.0,-0.9905969337040087,0.06698284227667031,-0.008048110234822098,-0.11902202190520311,-18.467641609158612
269332500.0,-0.9903149312435789,0.06847639166695163,-0.008331430203761134,-0.12049028181168593,-18.360244678430288
269455000.0,-0.9900207792480944,0.0700083554125845,-0.008626897748412575,-0.1219969813751942,-18.251355638842192
269577500.0,-0.9897137998077349,0.07158023562933265,-0.008935190782549715,-0.12354362267257561,-18.14093555002685
269700000.0,-0.9893932679288631,0.0731936123807121,-0.009257034303752213,-0.12513178572851147,-18.028943948310573
269822500.0,-0.9890584076012181,0.07485014869859544,-0.009593204326214222,-0.12676313353612084,-17.915338767666736
269945000.0,-0.9887083874800353,0.07655159598740467,-0.00994453219862297,-0.12843941746115317,-17.80007625558532
270067500.0,-0.9883423161397549,0.07829979984546058,-0.010311909350450534,-0.13016248306333747,-17.68311088347117
270190000.0,-0.9879592368504558,0.08009670634029875,-0.010696292515521353,-0.13193427637169808,-17.564395251150515
270312500.0,-0.9875581218218376,0.08194436877835778,-0.011098709488027846,-0.13375685065424267,-17.44387998502827
270435000.0,-0.9871378658523685,0.08384495501340324,-0.011520265473384934,-0.135632373726386,-17.32151362939838
270557500.0,-0.9866972793129235,0.08580075534242752,-0.011962150104590927,-0.13756313584684968,-17.19724253036485
270680000.0,-0.9862350803847476,0.0878141910425814,-0.012425645204263099,-0.13955155825459317,-17.071010711783153
270802500.0,-0.9857498864606472,0.08988782360801703,-0.012912133383448612,-0.141600202405657,-16.94275974257746
270925000.0,-0.9852402046057114,0.09202436475135649,-0.013423107580901747,-0.1437117799746308,-16.81242859473263
271047500.0,-0.9847044209593276,0.09422668724098386,-0.013960181661068646,-0.1458891636919453,-16.679953491193075
271170000.0,-0.9841407889434366,0.09649783665240932,-0.014525102205832013,-0.14813539909523618,-16.545267742832884
271292500.0,-0.9835474161224799,0.09884104411975368,-0.015119761654565144,-0.15045371728082832,-16.408301573583145
271415000.0,-0.9829222495378502,0.10125974018192044,-0.015746212969679138,-0.1528475487499079,-16.268981932717985
271537500.0,-0.9822630593133378,0.10375756982731837,-0.016406686031178914,-0.1553205384532445,-16.127232293209403
271660000.0,-0.9815674202973349,0.10633840885115785,-0.017103605994456886,-0.15787656214848733,-15.982972434957743
271782500.0,-0.9808326914717136,0.10900638165028595,-0.017839613881417075,-0.16051974419500012,-15.83611821159684
271905000.0,-0.9800559928152613,0.11176588059239824,-0.0186175897170377,-0.16325447692307277,-15.686581299449953
272027500.0,-0.9792341792602873,0.11462158710911052,-0.019440678572766042,-0.16608544172699283,-15.534268927082554
272150000.0,-0.9783638113230362,0.11757849467577897,-0.020312319936104363,-0.16901763204486525,-15.379083583756337
272272500.0,-0.9774411219202167,0.12064193385501787,-0.021236280894081354,-0.17205637840213042,-15.22092270493366
272395000.0,-0.9764619788032339,0.12381759959525358,-0.022216693699020067,-0.17520737571011738,-15.05967833281832
272517500.0,-0.9754218419461103,0.12711158099012312,-0.023258098380616196,-0.17847671302544246,-14.895236749741091
272640000.0,-0.9743157151096069,0.13053039371847003,-0.024365491181818383,-0.18187090599000497,-14.727478082012059
272762500.0,-0.9731380906690176,0.1340810153973419,-0.02554437973103195,-0.18539693218398454,-14.556275871666774
272885000.0,-0.971882886632049,0.13777092409065064,-0.02680084602424154,-0.18906226963450087,-14.381496613331171
273007500.0,-0.9705433745805788,0.14160814022237606,-0.028141618483249965,-0.19287493872881772,-14.20299925322822
273130000.0,-0.969112097039208,0.14560127214320803,-0.02957415458712834,-0.19684354778098423,-14.020634647149723
273252500.0,-0.9675807724960328,0.14975956559011772,-0.03110673585144308,-0.20097734249140642,-13.834244974033432
273375000.0,-0.9659401859667804,0.15409295725525796,-0.03274857726412026,-0.20528625951574708,-13.643663101628505
273497500.0,-0.9641800625897067,0.1586121326377525,-0.03450995369054866,-0.20978098431671505,-13.448711900621895
273620000.0,-0.9622889212498685,0.16332858828097557,-0.03640234624930544,-0.21447301340134434,-13.249203503563557
273742500.0,-0.9602539046381823,0.16825469838748564,-0.038438612253101065,-0.21937472093592789,-13.044938504999553
273865000.0,-0.9580605814291732,0.17340378563770603,-0.04063318303102745,-0.22449942956469793,-12.835705099462448
273987500.0,-0.9556927153817968,0.17879019579505692,-0.0430022948277352,-0.22986148501495782,-12.621278154436093
274110000.0,-0.9531319950935095,0.1844293753287978,-0.04556425904936752,-0.2354763337199243,-12.401418216219453
274232500.0,-0.950357716823373,0.19033795078442858,-0.048339779440452965,-0.2413606021891281,-12.175870447887487
274355000.0,-0.9473464111895413,0.19653380792138003,-0.05135232538641708,-0.24753217614610493,-11.944363500481991
274477500.0,-0.9440714025712158,0.20303616763746385,-0.054628572511630405,-0.2540102764528445,-11.706608321421495
274600000.0,-0.9405022876213635,0.20986565429550683,-0.05819892416668881,-0.26081552743642517,-11.462296908255162
274722500.0,-0.9366043163234222,0.2170443501006418,-0.06209813037170837,-0.2679700112663042,-11.211101021808467
274845000.0,-0.9323376553831794,0.22459582642413223,-0.06636602442444613,-0.2754972992781426,-10.952670881165073
274967500.0,-0.9276565092980956,0.2325451391177695,-0.0710484018309781,-0.28342244728820176,-10.686633874775588
275090000.0,-0.9225080690376205,0.2409187694702692,-0.07619807162538134,-0.2917719365497401,-10.412593338623438
275212500.0,-0.9168312517426223,0.24974448489988696,-0.08187611667030621,-0.3005735344456281,-10.13012747569837
275335000.0,-0.9105551870724231,0.25905108287321243,-0.0881534073099401,-0.3098560384071427,-9.838788523669942
275457500.0,-0.9035973967234084,0.2688679666389106,-0.09511242185139816,-0.3196488516477079,-9.538102323329314
275580000.0,-0.895861603297775,0.2792244803979422,-0.10284943769597643,-0.3299813183331153,-9.22756850427752
275702500.0,-0.8872350935158946,0.2901489019967202,-0.11147716812678599,-0.3408817162746805,-8.906661593831315
275825000.0,-0.8775855497451914,0.30166694960631485,-0.1211279307798774,-0.3523757636084473,-8.574833480481486
275947500.0,-0.8667572550743676,0.3137996002196282,-0.131957442570015,-0.36448443729236313,-8.231517838945676
276070000.0,-0.8545665747844058,0.3265599353758999,-0.14414933821967293,-0.3772208188307836,-7.876137370096906
276192500.0,-0.8407966286139456,0.3399486141551971,-0.15792049799366095,-0.390585567268963,-7.50811505376352
276315000.0,-0.825191107221644,0.35394741327296536,-0.17352723123676259,-0.4045604592876043,-7.126891093722605
276437500.0,-0.8074472763884535,0.3685100545696874,-0.19127227217145615,-0.4190992166925186,-6.7319479029098614
276560000.0,-0.7872083943319355,0.3835492459956672,-0.21151236258360434,-0.43411454739940813,-6.322846397750918
276682500.0,-0.7640561089463368,0.3989184825272741,-0.23466585458237488,-0.4494599463501109,-5.899278120218411
276805000.0,-0.7375040134472043,0.41438669548280127,-0.2612191549556264,-0.4649043448284585,-5.461139361486557
276927500.0,-0.7069945938020491,0.42960335753763496,-0.29172977773924674,-0.48009721547544554,-5.00863556550372
277050000.0,-0.6719035531268714,0.44405131112694285,-0.32682201982062425,-0.4945214006919175,-4.54242677638985
277172500.0,-0.6315582769220256,0.4569847818992428,-0.36716849570278576,-0.5074311260921395,-4.06382741392246
277295000.0,-0.5852813306776325,0.46735158840064894,-0.4134466398989834,-0.5177742101880421,-3.575075267543832
277417500.0,-0.5324753759729524,0.4737030096879779,-0.46625379083332047,-0.5241019320023278,-3.0796831705240257
277540000.0,-0.4727717067518621,0.4741046634170131,-0.5259586545652767,-0.5244799091567339,-2.58287820604435
277662500.0,-0.4062670668011579,0.4660803796704196,-0.5924644873114032,-0.516431971699949,-2.092110439336345
277785000.0,-0.3338637767546288,0.446650485893747,-0.6648689684412507,-0.49697844704361416,-1.617566234046056
277907500.0,-0.2576909804327752,0.4125608771660064,-0.7410429541376494,-0.46286523023290055,-1.1725416984301866
278030000.0,-0.18150273305584755,0.3608155087877753,-0.8172323891836722,-0.41109627653461367,-0.7734255747916359
278152500.0,-0.11082562126602435,0.2895691892420931,-0.8879106869404553,-0.3398263943980891,-0.43895293312892075
278275000.0,-0.05253453620953639,0.1992471322767908,-0.9462029562650742,-0.24948079753752203,-0.18842756138352956
278397500.0,-0.01362801811464839,0.09345027432131374,-0.9851106569325628,-0.1436604223487892,-0.03890707942818349
278520000.0,0.0006133205383717308,-0.021000501619858142,-0.9993531764659435,-0.029186151802869747,-0.00191738701056113
278642500.0,-0.011666178703665778,-0.13528357735470906,-0.9870748564153089,0.08512039594165416,-0.08082150776792649
278765000.0,-0.048265835196099616,-0.2407178067822129,-0.9504763774285941,0.19057807481712288,-0.26999059020873356
278887500.0,-0.10375432184922641,-0.33081441930283084,-0.8949890665987688,0.280698114257297,-0.5561759202072282
279010000.0,-0.1712329648736841,-0.40230576300921683,-0.8275115977184531,0.3522128623880633,-0.921431006796138
279132500.0,-0.24408891854644416,-0.4549534788465428,-0.7546568165139254,0.40488396018775963,-1.3463663296127555
279255000.0,-0.31708384840569187,-0.4906092693096431,-0.6816630574502426,0.44056311018432026,-1.8127252995789398
279377500.0,-0.3866825391957991,-0.512146532096809,-0.6120655357862671,0.46212371010906944,-2.3048786890707165
279500000.0,-0.450873803230557,-0.5226418646203199,-0.5478754392114339,0.4726423574072542,-2.8103495534758776
279622500.0,-0.5087850218323634,-0.5248995548732632,-0.48996538640656334,0.4749233401048625,-3.319699975085632
279745000.0,-0.5602899981686371,-0.5212520598409944,-0.43846157420744686,0.47129911522008633,-3.8261021887226008
279867500.0,-0.6056968058209378,-0.5135300583255784,-0.3930559290357279,0.4636003615877598,-4.324816432229736
279990000.0,-0.6455311945558804,-0.5031152751986832,-0.3532227011279859,0.45320880411225534,-4.812696291618808
280112500.0,-0.680400217678077,-0.49102186898638744,-0.31835483718279556,0.4411386013522911,-5.287771536089584
280235000.0,-0.7109134203236548,-0.4779783969694725,-0.28784279206720953,0.4281183106212222,-5.748918695654154
280357500.0,-0.7376416038130725,-0.4644986964432889,-0.26111576446393936,0.4146617692469082,-6.195611294320454
280480000.0,-0.7610984840312263,-0.45093864087686897,-0.23766003849125322,0.4011248507308262,-6.627735434634555
280602500.0,-0.7817354614052776,-0.4375396174239005,-0.2170242137251451,0.38774894225904327,-7.0454560788692415
280725000.0,-0.7999433850233352,-0.424460942458721,-0.1988174410806549,0.37469336023821215,-7.449121356324704
280847500.0,-0.8160576669862479,-0.4118036201107454,-0.18270430846007407,0.3620591088299988,-7.8391947964536755
280970000.0,-0.8303646727083478,-0.39962756553239026,-0.16839845045220345,0.34990610321900656,-8.216207792931193
281092500.0,-0.8431082671957678,-0.38796400085621946,-0.15565600205403557,0.33826556556992204,-8.58072659274114
281215000.0,-0.8544959577585353,-0.3768243327771688,-0.14426945595866034,0.3271489026097401,-8.933329648928952
281337500.0,-0.8647043917532526,-0.36620648658959026,-0.1340621648125856,0.31655403966480805,-9.274592333130247
281460000.0,-0.8738841413715316,-0.35609941028994974,-0.12488355642730202,0.3064699247635237,-9.605076853073289
281582500.0,-0.8821637966141734,-0.346486265761312,-0.11660504080510334,0.2968797198208203,-9.925325835136174
281705000.0,-0.8896534288761292,-0.33734667938528073,-0.10911654655412593,0.2877630512501069,-10.235858473934831
281827500.0,-0.8964475025543741,-0.3286583193905024,-0.10232360928047467,0.2790975873117723,-10.537168467115785
281950000.0,-0.9026273132751808,-0.3203979915851122,-0.09614493336094924,0.27086013384563123,-10.82972317930713
282072500.0,-0.9082630258208767,-0.31254239085206165,-0.09051035401628739,0.26302738576625195,-11.113963640277909
282195000.0,-0.9134153765532328,-0.3050686069370765,-0.08535913488777556,0.25557643285091436,-11.390305097301317
282317500.0,-0.9181370961814693,-0.2979544552571821,-0.08063854526924376,0.24848509054813595,-11.659137923783849
282440000.0,-0.9224741001617252,-0.29117868354820414,-0.07630266970759571,0.24173210662517192,-11.920828744841698
282562500.0,-0.9264664863130512,-0.2847210908925838,-0.0723114103868165,0.235297280195831,-12.175721682400269
282685000.0,-0.930149372547846,-0.2785625854132633,-0.06862964939753531,0.22916151941436097,-12.424139652331785
282807500.0,-0.9335536019349331,-0.2726851995385954,-0.06522654367394895,0.2233068567403588,-12.666385667532063
282930000.0,-0.9367063375570122,-0.26707207642154107,-0.062074930136372206,0.21771643535796753,-12.902744116088225
283052500.0,-0.9396315656773703,-0.2617074372527555,-0.059150822524523375,0.21237447648896327,-13.1334819945367
283175000.0,-0.9423505224749196,-0.25657653642712713,-0.056432984662489576,0.207266234559294,-13.35885008389222
283297500.0,-0.9448820569305341,-0.251665609510503,-0.053902567572388455,0.20237794516580515,-13.579084061533319
283420000.0,-0.9472429402525308,-0.24696181749533103,-0.051542800048887866,0.19769676933188213,-13.7944055457961
283542500.0,-0.9494481304300144,-0.2424531897780397,-0.049338724105860196,0.19321073648482978,-14.00502307271682
283665000.0,-0.9515109990282541,-0.23812856752709538,-0.047276968181005886,0.1889086878239308,-14.211133006107133
283787500.0,-0.9534435261309144,-0.2339775485592606,-0.04534555219362414,0.1847802211967027,-14.412920383283648
283910000.0,-0.9552564683410257,-0.22999043444487433,-0.043533719543640235,0.1808156382041795,-14.610559699482044
284032500.0,-0.9569595039360966,-0.2261581802791634,-0.04183179195649398,0.17700589397222294,-14.804215634387951
284155000.0,-0.9585613586001952,-0.2224723473550274,-0.0402310437510594,0.17334254982430708,-14.994043724406279
284277500.0,-0.9600699146007063,-0.2189250588311995,-0.03872359266288585,0.1698177289496799,-15.180190984331137
284400000.0,-0.9614923058183646,-0.21550895839175965,-0.03730230481416655,0.16642407506287624,-15.362796482021913
284522500.0,-0.9628350006585392,-0.2122171718268535,-0.03596071180245305,0.16315471398443707,-15.541991869564356
284645000.0,-0.9641038745555628,-0.2090432714212144,-0.034692938196325615,0.16000321802943154,-15.71790187423277
284767500.0,-0.9653042735185421,-0.20598124301044313,-0.033493637989584636,0.15696357306373693,-15.890644752378147
284890000.0,-0.9664410699472653,-0.2030254555500899,-0.03235793878534108,0.15403014807312077,-16.06033270916852
285012500.0,-0.9675187117628887,-0.20017063303606453,-0.03128139266533144,0.15119766708365098,-16.22707228690395
285135000.0,-0.9685412657437829,-0.1974118286141902,-0.03025993285407112,0.14846118327125016,-16.390964724427874
285257500.0,-0.9695124558272203,-0.1947444007199323,-0.02928983541716578,0.14581605510142423,-16.55210628996468
285380000.0,-0.970435697028257,-0.19216399109522234,-0.028367685342432152,0.14325792434608658,-16.710588589527426
285502500.0,-0.971314125534816,-0.18966650453676182,-0.02749034644481178,0.14078269583186243,-16.866498852867878
285625000.0,-0.9721506254598024,-0.1872480902386561,-0.026654934614257577,0.13838651878272218,-17.01992019877744
285747500.0,-0.9729478526647223,-0.1849051246010832,-0.025858793992115253,0.1360657696286508,-17.170931881398094
285870000.0,-0.9737082560128479,-0.1826341953856852,-0.025099475717956853,0.13381703616103952,-17.31960951906274
285992500.0,-0.9744340963618658,-0.18043208710721928,-0.02437471893693411,0.13163710292433636,-17.466025307054633
286115000.0,-0.9751274635648588,-0.17829576755947438,-0.02368243379879478,0.12952293774196375,-17.610248215560745
286237500.0,-0.9757902917132903,-0.17622237538162513,-0.023020686214899767,0.12747167928267206,-17.75234417398303
286360000.0,-0.9764243728254761,-0.17420920857882147,-0.022387684169751024,0.12548062558112946,-17.89237624267366
286482500.0,-0.9770313691580939,-0.17225371391796274,-0.02178176540948192,0.1235472234336962,-18.03040477307031
286605000.0,-0.9776128242959297,-0.17035347712626023,-0.02120138635211009,0.12166905859698747,-18.166487557124526
286727500.0,-0.9781701731557798,-0.1685062138263359,-0.020645112083637025,0.1198438467229718,-18.300679966841425
286850000.0,-0.9787047510237392,-0.1667097611472799,-0.020111607320758614,0.1180694249700293,-18.43303508467972
286972500.0,-0.9792178017306693,-0.1649620699562938,-0.019599628235397563,0.11634374423459465,-18.563603825498948
287095000.0,-0.9797104850580928,-0.16326119766031605,-0.019108015048809084,0.11466486195278255,-18.692435050683876
287217500.0,-0.9801838834558538,-0.16160530153140626,-0.018635685313919594,0.11303093542577285,-18.819575675023316
287340000.0,-0.9806390081433931,-0.15999263251364393,-0.01818162781405297,0.11144021562670862,-18.94507076687422
287462500.0,-0.9810768046581869,-0.15842152947294855,-0.01774489701449163,0.10989104145051672,-19.06896364209784
287585000.0,-0.9814981579076573,-0.1568904138545482,-0.017324608010563552,0.10838183437137659,-19.191295952215633
287707500.0,-0.9819038967745293,-0.15539778471584959,-0.016919931922289584,0.10691109347559057,-19.31210776719677
287830000.0,-0.9822947983200202,-0.1539422141052254,-0.016530091691189974,0.10547739084037078,-19.431437653255877
287952500.0,-0.982671591624395,-0.1525223427597357,-0.016154358239732526,0.10407936723156146,-19.5493227460104
288075000.0,-0.9830349613000876,-0.15113687609710674,-0.01579204695820825,0.10271572809561726,-19.66579881931837
288197500.0,-0.9833855507088306,-0.1497845804793553,-0.015442514487603481,0.10138523982322808,-19.780900350093418
288320000.0,-0.9837239649108742,-0.14846427972734952,-0.015105155770380766,0.10008672626387999,-19.8946605793708
288442500.0,-0.9840507733714278,-0.1471748518673355,-0.01477940134403699,0.09881906547238178,-20.007111569876194
288565000.0,-0.9843665124468474,-0.1459152260920125,-0.01446471485491546,0.09758118666994046,-20.118284260331624
288687500.0,-0.9846716876707725,-0.14468437992019612,-0.014160590772070394,0.0963720674038247,-20.228208516713423
288810000.0,-0.9849667758583577,-0.14348133654040301,-0.01386655228303389,0.09519073089094933,-20.33691318066222
288932500.0,-0.9852522270449281,-0.1423051623248834,-0.013582149355162264,0.09403624353190813,-20.444426115230016
289055000.0,-0.9855284662737464,-0.1411549645017291,-0.013306956947866683,0.09290771258308224,-20.550774248134886
289177500.0,-0.985795895246152,-0.14002988897365912,-0.013040573362475954,0.09180428397542549,-20.655983612682896
289300000.0,-0.9860548938460204,-0.13892911827301155,-0.01278261871777616,0.09072514026945679,-20.76007938650365
289422500.0,-0.986305821549355,-0.13785186964328103,-0.012532733540420246,0.08966949873679739,-20.863085928237123
289545000.0,-0.9865490187287755,-0.13679739323831705,-0.012290577460437125,0.08863660955936958,-20.965026812297808
289667500.0,-0.986784807861763,-0.13576497043097663,-0.012055828002989336,0.08762575413804932,-21.065924861835015
289790000.0,-0.9870134946506719,-0.13475391222366923,-0.011828179468358853,0.08663624350321152,-21.165802179998554
289912500.0,-0.9872353690617972,-0.13376355775380835,-0.011607341892882084,0.08566741682018138,-21.264680179612355
290035000.0,-0.9874507062900987,-0.13279327288771603,-0.011393040084222799,0.08471863998313946,-21.362579611351112
290157500.0,-0.9876597676556044,-0.13184244889701963,-0.011185012724972491,0.08378930429151815,-21.459520590508497
290280000.0,-0.9878628014369493,-0.130910501212023,-0.010983011539107692,0.08287882520337346,-21.555522622439728
290402500.0,-0.9880600436470479,-0.12999686824694606,-0.010786800516320185,0.08198664116062429,-21.650604626755804
290525000.0,-0.9882517187554332,-0.1291010102923087,-0.01059615518967728,0.08111221248143659,-21.744784960341033
290647500.0,-0.9884380403614138,-0.1282224084700738,-0.010410861962463939,0.08025502031536684,-21.838081439261646
290770000.0,-0.9886192118218388,-0.1273605637474935,-0.010230717480419581,0.07941456565720774,-21.930511359627953
290892500.0,-0.9887954268369282,-0.1265149960058852,-0.010055528045905237,0.07859036841576514,-22.022091517469104
291015000.0,-0.988966869997347,-0.12568524316084592,-0.009885109070832506,0.0777819665340719,-22.11283822767531
291137500.0,-0.9891337172954152,-0.12487086033065038,-0.009719284565450747,0.0769889151577865,-22.202767342059303
291260000.0,-0.9892961366031241,-0.12407141904981889,-0.00955788666033262,0.0762107858487607,-22.291894266584986
291382500.0,-0.9894542881193926,-0.1232865065250449,-0.009400755159116784,0.07544716584096767,-22.380233977808732
291505000.0,-0.9896083247888093,-0.12251572493087133,-0.009247737119766748,0.07469765733617795,-22.467801038575722
291627500.0,-0.9897583926939159,-0.12175869074268467,-0.009098686462287151,0.07396187683695406,-22.55460961301098
291750000.0,-0.9899046314229261,-0.12101503410476043,-0.008953463601003518,0.07323945451469588,-22.640673480842736
291872500.0,-0.9900471744146268,-0.12028439823125008,-0.008811935099663281,0.07253003361062776,-22.7260060510931
291995000.0,-0.990186149282059,-0.11956643883814473,-0.008673973347754004,0.07183326986776231,-22.810620375168607
292117500.0,-0.9903216781164618,-0.11886082360437128,-0.008539456256558315,0.07114883099199674,-22.894529159382632
292240000.0,-0.9904538777728454,-0.11816723166031523,-0.008408266973583014,0.0704763961406357,-22.977744776937826
292362500.0,-0.9905828601384454,-0.11748535310216443,-0.008280293614102627,0.06981565543673524,-23.060279279396667
292485000.0,-0.9907087323852293,-0.11681488853058035,-0.008155429008654924,0.06916630950777405,-23.14214440766559
292607500.0,-0.9908315972075217,-0.11615554861229598,-0.008033570465413496,0.06852806904725176,-23.223351602517436
292730000.0,-0.9909515530457513,-0.11550705366333436,-0.007914619546443645,0.06790065439790723,-23.3039120146748
292852500.0,-0.9910686942972289,-0.11486913325262149,-0.00779848185692159,0.06728379515533191,-23.383836514476247
292975000.0,-0.9911831115148181,-0.11424152582484913,-0.007685066846465258,0.06667722979083263,-23.463135701145482
293097500.0,-0.9912948915942823,-0.11362397834151289,-0.0075742876217872205,0.06608070529246973,-23.541819911682982
293220000.0,-0.9914041179510416,-0.11301624593911694,-0.007466060769937345,0.06549397682326204,-23.619899229398328
293342500.0,-0.9915108706870196,-0.11241809160360598,-0.007360306191456723,0.06491680739561877,-23.69738349210013
293465000.0,-0.9916152267482082,-0.1118292858601345,-0.007256946942811559,0.06434896756110918,-23.77428229996007
293587500.0,-0.9917172600735417,-0.11124960647734557,-0.007155909087521628,0.06379023511474118,-23.850605023066358
293710000.0,-0.9918170417356151,-0.11067883818537716,-0.007057121555438695,0.06324039481296799,-23.926360808680897
293832500.0,-0.9919146400737646,-0.11011677240686311,-0.0069605160096682704,0.06269923810468918,-24.001558588214337
293955000.0,-0.992010120819973,-0.1095632070002404,-0.006866026720663591,0.06216656287455795,-24.076207083931607
294077500.0,-0.9921035472180423,-0.10901794601471454,-0.006773590447052924,0.06164217319794682,-24.1503148154004
294200000.0,-0.9921949801364434,-0.10848079945627356,-0.00668314632279115,0.06112587910696147,-24.223890105694398
294322500.0,-0.9922844781752178,-0.10795158306417713,-0.006594635750254717,0.060617496366930354,-24.29694108736207
294445000.0,-0.9923720977672998,-0.10743011809738114,-0.006508002298924209,0.06011684626282902,-24.369475708171752
294567500.0,-0.9924578932745737,-0.1069162311303891,-0.006423191609323078,0.059623755395131844,-24.441501736642763
294690000.0,-0.9925419170789903,-0.10640975385805078,-0.0063401513019025225,0.059138055484610805,-24.513026767372136
294812500.0,-0.9926242196690264,-0.1059105229088575,-0.006258830890583434,0.058659583185630755,-24.58405822616578
294935000.0,-0.9927048497217544,-0.10541837966630556,-0.006179181700684575,0.05818817990751298,-24.654603374982887
295057500.0,-0.9927838541807825,-0.10493317009792964,-0.006101156790984705,0.05772369164356885,-24.72466931670111
295180000.0,-0.9928612783302925,-0.10445474459162393,-0.006024710879681567,0.057265968807420985,-24.794262999710696
295302500.0,-0.9929371658654087,-0.10398295779889331,-0.005949800274026338,0.056814866076254474,-24.863391222344738
295425000.0,-0.9930115589590934,-0.10351766848469719,-0.0058763828034263605,0.056370242240660985,-24.932060637152354
295547500.0,-0.9930844983257707,-0.10305873938356629,-0.005804417755821748,0.05593196006075547,-25.000277755021468
295670000.0,-0.9931560232818589,-0.10260603706168928,-0.00573386581715364,0.05549988612826308,-25.068048949157497
295792500.0,-0.9932261718033791,-0.10215943178468462,-0.0056646890137534425,0.05507389073429114,-25.135380458923894
295915000.0,-0.9932949805808079,-0.10171879739078671,-0.005596850657492615,0.0546538477425152,-25.202278393550284
296037500.0,-0.9933624850713172,-0.10128401116919096,-0.005530315293542789,0.054239634467524396,-25.2687487357135
296160000.0,-0.9934287195485425,-0.10085495374331521,-0.005465048650604756,0.05383113155808296,-25.334797344996865
296282500.0,-0.9934937171500208,-0.10043150895874899,-0.005401017593473759,0.053428222885079556,-25.400429961232422
296405000.0,-0.9935575099224128,-0.10001356377567304,-0.005338190077816323,0.053030795433946884,-25.465652207730976
296527500.0,-0.9936201288646301,-0.09960100816554263,-0.005276535107041232,0.05263873920134522,-25.530469594404387
296650000.0,-0.9936816039689836,-0.09919373501184085,-0.005216022691154473,0.05225194709591572,-25.594887520784347
296772500.0,-0.9937419642604447,-0.09879164001471605,-0.005156623807494279,0.05187031484291801,-25.65891127894169
296895000.0,-0.9938012378341323,-0.09839462159932807,-0.005098310363248462,0.05149374089257645,-25.72254605631025
297017500.0,-0.9938594518911005,-0.09800258082773698,-0.005041055159662111,0.051122126331969164,-25.78579693841876
297140000.0,-0.9939166327725308,-0.09761542131417537,-0.004984831857848669,0.05075537480030025,-25.84866891153467
297262500.0,-0.9939728059923986,-0.09723304914355586,-0.004929614946122997,0.05039339240740744,-25.911166865222892
297385000.0,-0.9940279962686945,-0.09685537279306881,-0.004875379708778927,0.050036087655360065,-25.973295594823057
297507500.0,-0.9940822275532754,-0.09648230305673786,-0.004822102196239003,0.04968337136301443,-26.035059803848
297630000.0,-0.9941355230604106,-0.0961137529728008,-0.0047697591965073375,0.04933515659339515,-26.096464106306946
297752500.0,-0.9941879052940921,-0.09574963775379687,-0.004718328207861169,0.048991358583782306,-26.157513028955705
297875000.0,-0.9942393960741647,-0.09538987471924268,-0.004667787412719838,0.048651894678387354,-26.21821101347684
297997500.0,-0.9942900165613369,-0.09503438323078432,-0.004618115652633179,0.04831668426350576,-26.27856241859252
298120000.0,-0.9943397872811289,-0.0946830846297239,-0.004569292404335068,0.04798564870504324,-26.338571522112254
298242500.0,-0.9943887281468036,-0.09433590217681687,-0.00452129775681021,0.0476587112883135,-26.39824252291802
298365000.0,-0.9944368584813379,-0.09399276099424657,-0.004474112389325418,0.04733579716001261,-26.457579542889196
298487500.0,-0.9944841970384715,-0.09365358800968465,-0.00442771755037931,0.04701683327227969,-26.516586628769115
298610000.0,-0.9945307620228825,-0.0933183119023492,-0.004382095037526377,0.04670174832875527,-26.5752677539759
298732500.0,-0.994576571109532,-0.09298686305098128,-0.004337227178034482,0.04639047273255751,-26.63362682035889
298855000.0,-0.9946216414622102,-0.09265917348365763,-0.004293096810336233,0.046082938536095484,-26.691667659903125
298977500.0,-0.9946659897513288,-0.09233517682936644,-0.004249687266237227,0.04577907939264488,-26.749394036383535
299100000.0,-0.994709632170993,-0.09201480827127508,-0.0042069823538460885,0.04547883050961567,-26.806809646970457
299222500.0,-0.9947525844553808,-0.0916980045016191,-0.00416496634119269,0.04518212860344139,-26.86391812378849
299345000.0,-0.994794861894469,-0.09138470367814984,-0.0041236239405031995,0.04488891185602691,-26.920723035430072
299467500.0,-0.9948364793491317,-0.09107484538207741,-0.00408294029310179,0.04459911987269131,-26.97722788842533
299590000.0,-0.9948774512656392,-0.09076837057744959,-0.004042900954910664,0.044312693641547087,-27.033436128669845
299712500.0,-0.9949177916895882,-0.09046522157190974,-0.004003491882521198,0.04402957549425806,-27.089351142811744
299835000.0,-0.9949575142792854,-0.09016534197878044,-0.0039646994198107915,0.04374970906812308,-27.14497625959934
299957500.0,-0.9949966323186072,-0.08986867668041985,-0.003926510285080863,0.04347303926943258,-27.2003147511909
300080000.0,-0.9950351587293653,-0.08957517179280247,-0.003888911558693,0.04319951223804945,-27.255369834427565
300202500.0,-0.9950731060831942,-0.08928477463127639,-0.003851890671181187,0.042929075313166296,-27.310144672070823
300325000.0,-0.9951104866129838,-0.08899743367745172,-0.003815435391819231,0.042661677000194034,-27.364642374005665
300447500.0,-0.9951473122238765,-0.08871309854717734,-0.003779533817623539,0.04239726693873872,-27.418865998410503
300570000.0,-0.995183594503848,-0.08843171995956423,-0.003744174362772313,0.042135795871625005,-27.47281855289505
300692500.0,-0.9952193447338893,-0.08815324970701616,-0.0037093457484232307,0.04187721561492688,-27.52650299560708
300815000.0,-0.9952545738978091,-0.08787764062622958,-0.003675036992912459,0.04162147902896771,-27.579922236309127
300937500.0,-0.9952892926916674,-0.08760484657012568,-0.00364123740231865,0.041368539990252445,-27.63307913742633
301060000.0,-0.9953235115328646,-0.08733482238068248,-0.00360793656137668,0.04111835336429963,-27.685976515065725
301182500.0,-0.9953572405688906,-0.0870675238626301,-0.0035751243247260016,0.04087087497933696,-27.738617140008675
301305000.0,-0.9953904896857577,-0.08680290775797966,-0.0035427908084797568,0.04062606160083024,-27.791003738676796
301427500.0,-0.9954232685161227,-0.0865409317213552,-0.003510926382101259,0.04038387090681526,-27.843138994072273
301550000.0,-0.9954555864471165,-0.086281554296098,-0.0034795216605749556,0.04014426146400251,-27.895025546693585
301672500.0,-0.9954874526278914,-0.08602473489111709,-0.0034485674968597873,0.03990719270462739,-27.9466659954271
301795000.0,-0.9955188759768956,-0.08577043375845697,-0.0034180549746132553,0.03967262490401845,-27.998062898415608
301917500.0,-0.9955498651888908,-0.0855186119715585,-0.0033879754011751496,0.03944051915885803,-28.04921877390433
302040000.0,-0.9955804287417189,-0.0852692314041873,-0.00335832030080039,0.03921083736611098,-28.100136101065054
302162500.0,-0.9956105749028298,-0.08502225471000607,-0.003329081408130847,0.03898354220259702,-28.150817320799213
302285000.0,-0.9956403117355809,-0.08477764530276835,-0.0033002506618965448,0.03875859710518447,-28.201264836520433
302407500.0,-0.9956696471053154,-0.08453536733711103,-0.003271820198837012,0.03853596625158309,-28.25148101491729
302530000.0,-0.9956985886852292,-0.0842953856899257,-0.0032437823478340473,0.03831561454171534,-28.30146818669671
302652500.0,-0.9957271439620361,-0.08405766594228783,-0.003216129624247476,0.03809750757964568,-28.35122864730877
302775000.0,-0.9957553202414366,-0.08382217436192466,-0.0031888547244458823,0.037881611656048655,-28.40076465765336
302897500.0,-0.9957831246533987,-0.08358887788620357,-0.003161950520524724,0.03766789373119737,-28.45007844476918
303020000.0,-0.9958105641572622,-0.08335774410562248,-0.003135410055204364,0.0374563214184537,-28.49917220250579
303142500.0,-0.9958376455466653,-0.08312874124778487,-0.0031092265369011426,0.03724686296824388,-28.548048092179098
303265000.0,-0.9958643754543088,-0.08290183816184456,-0.0030833933349648044,0.03703948725250294,-28.596708243210635
303387500.0,-0.9958907603565584,-0.08267700430340214,-0.0030579039750757565,0.03683416374957145,-28.6451547537514
303510000.0,-0.9959168065778932,-0.08245420971983898,-0.00303275213479611,0.03663086252952966,-28.69338969129047
303632500.0,-0.9959425202952067,-0.08223342503607453,-0.003007931639268671,0.03642955423995478,-28.74141509324893
303755000.0,-0.9959679075419666,-0.08201462144073174,-0.0029834364570581803,0.03623021009208651,-28.78923296755945
303877500.0,-0.9959929742122361,-0.08179777067269779,-0.0029592606961295034,0.03603280184738789,-28.836845293232102
304000000.0,-0.9960177260645632,-0.08158284500806645,-0.0029353985999575594,0.035837301804487826,-28.884254020906628
304122500.0,-0.9960421687257449,-0.0813698172474504,-0.0029118445437641355,0.03564368278649334,-28.931461073391564
304245000.0,-0.9960663076944681,-0.08115866070365023,-0.002888593030876781,0.03545191812865881,-28.978468346190773
304367500.0,-0.9960901483448326,-0.08094934918966971,-0.0028656386892053484,0.03526198166640126,-29.025277708017406
304490000.0,-0.9961136959297616,-0.08074185700706449,-0.002842976267831702,0.03507384772364918,-29.07189100129612
304612500.0,-0.9961369555843038,-0.08053615893461548,-0.0028206006337086332,0.034887491101516004,-29.11831004265331
304735000.0,-0.9961599323288277,-0.08033223021731452,-0.0027985067684638053,0.03470288706728581,-29.16453662339623
304857500.0,-0.9961826310721176,-0.08013004655565367,-0.002776689765305041,0.03452001134370278,-29.210572509980878
304980000.0,-0.9962050566143703,-0.07992958409520795,-0.0027551448260232365,0.034338840098553966,-29.256419444469213
305102500.0,-0.9962272136500981,-0.0797308194165015,-0.0027338672580893082,0.03415934993453567,-29.302079144976002
305225000.0,-0.9962491067709416,-0.07953372952515005,-0.002712852471841985,0.03398151787939583,-29.347553306105333
305347500.0,-0.9962707404683928,-0.07933829184226891,-0.0026920959777629993,0.03380532137634215,-29.392843599377386
305470000.0,-0.9962921191364383,-0.07914448419513942,-0.0026715933838367054,0.03363073827470878,-29.43795167364549
305592500.0,-0.9963132470741154,-0.07895228480812577,-0.0026513403929911096,0.03345774682087305,-29.48287915550383
305715000.0,-0.996334128487995,-0.07876167229383359,-0.0026313328006173724,0.03328632564941415,-29.527627649686117
305837500.0,-0.9963547674945841,-0.07857262564450347,-0.002611566492165139,0.03311645377450701,-29.5721987394553
305960000.0,-0.9963751681226592,-0.07838512422363256,-0.0025920374408109894,0.0329481105815436,-29.61659398698467
306082500.0,-0.9963953343155265,-0.07819914775781632,-0.0025727417051974993,0.03278127581897504,-29.66081493373052
306205000.0,-0.9964152699332143,-0.07801467632880393,-0.002553675427240381,0.03261592959036701,-29.704863100796768
306327500.0,-0.9964349787546011,-0.07783169036576167,-0.0025348348300015104,0.03245205234666318,-29.7487399892914
306450000.0,-0.9964544644794777,-0.07765017063773687,-0.0025162162156254528,0.03228962487864939,-29.792447080675288
306572500.0,-0.9964737307305507,-0.07747009824631722,-0.0024978159633373734,0.032128628309612856,-29.835985837103433
306695000.0,-0.9964927810553843,-0.07729145461847896,-0.0024796305275002336,0.03196904408819061,-29.879357701758785
306817500.0,-0.9965116189282861,-0.07711422149961888,-0.0024616564357292873,0.03181085398140148,-29.922564099178928
306940000.0,-0.9965302477521383,-0.07693838094676411,-0.002443890287061904,0.03165404006785605,-29.96560643557579
307062500.0,-0.9965486708601718,-0.07676391532195478,-0.002426328750180899,0.031498584731139326,-30.008486099148502
307185000.0,-0.9965668915176941,-0.07659080728579458,-0.0024089685616895946,0.03134447065336144,-30.051204460389616
307307500.0,-0.9965849129237627,-0.07641903979116348,-0.002391806524436809,0.031191680808870498,-30.093762872384907
307430000.0,-0.996602738212812,-0.07624859607708925,-0.002374839505890254,0.031040198458124033,-30.13616267110678
307552500.0,-0.9966203704562328,-0.07607945966277165,-0.0023580644365566094,0.03089000714171344,-30.1784051757016
307675000.0,-0.9966378126639085,-0.07591161434175583,-0.0023414783084468246,0.030741090674537425,-30.220491688770977
307797500.0,-0.9966550677857036,-0.07574504417625037,-0.00232507817358514,0.030593433140120082,-30.262423496647266
307920000.0,-0.996672138712916,-0.07557973349158592,-0.002308861142560418,0.03044701888506953,-30.304201869663267
308042500.0,-0.9966890282796798,-0.07541566687080949,-0.0022928243831183666,0.030301832513672657,-30.34582806241651
308165000.0,-0.9967057392643393,-0.07525282914941277,-0.00227696511879344,0.030157858882623012,-30.387303314027868
308287500.0,-0.9967222743907733,-0.07509120541018738,-0.0022612806275789754,0.030015083095876586,-30.428628848395224
308410000.0,-0.9967386363296918,-0.07493078097820673,-0.0022457682406345123,0.02987349049963347,-30.46980587444167
308532500.0,-0.9967548276998908,-0.07477154141592865,-0.002230425341028992,0.029733066677440672,-30.51083558635881
308655000.0,-0.9967708510694746,-0.0746134725184164,-0.002215249362518751,0.029593797445413295,-30.55171916384515
308777500.0,-0.9967867089570454,-0.07445656030867465,-0.002200237788359179,0.029455668847570393,-30.592457772339635
308900000.0,-0.9968024038328565,-0.07430079103309685,-0.0021853881501490095,0.02931866715128264,-30.633052563250565
309022500.0,-0.9968179381199396,-0.07414615115702132,-0.0021706980267061802,0.029182778842828373,-30.673504674179902
309145000.0,-0.996833314195195,-0.07399262736039292,-0.002156165042974329,0.029047990623055398,-30.71381522914312
309267500.0,-0.9968485343904585,-0.0738402065335271,-0.002141786868958902,0.02891428940314513,-30.753985338784755
309390000.0,-0.9968636009935348,-0.07368887577297435,-0.0021275612186920497,0.028781662300477014,-30.79401610058957
309512500.0,-0.9968785162492048,-0.07353862237748085,-0.002113485849225301,0.028650096634589454,-30.833908599089735
309635000.0,-0.9968932823602069,-0.07338943384404426,-0.0020995585596492693,0.028519579923235557,-30.87366390606787
309757500.0,-0.9969079014881904,-0.07324129786406125,-0.0020857771901395144,0.028390099878530722,-30.913283080756088
309880000.0,-0.9969223757546447,-0.07309420231956443,-0.0020721396210277693,0.028261644403189692,-30.95276717003121
310002500.0,-0.9969367072418029,-0.07294813527954558,-0.0020586437718976983,0.02813420158684996,-30.992117208606352
310125000.0,-0.9969508979935224,-0.07280308499636497,-0.002045287600704624,0.02800775970248102,-31.031334219218447
310247500.0,-0.9969649500161427,-0.07265903990224172,-0.002032069102918256,0.02788230720287487,-31.07041921281258
310370000.0,-0.99697886527932,-0.07251598860582496,-0.0020189863106879207,0.027757832717217282,-31.10937318872253
310492500.0,-0.996992645716839,-0.07237391988884295,-0.0020060372920295273,0.027634325047736972,-31.148197134847987
310615000.0,-0.997006293227407,-0.07223282270282837,-0.0019932201500336604,0.02751177316643092,-31.18689202782836
310737500.0,-0.9970198096754233,-0.07209268616591724,-0.0019805330220941347,0.027390166211863493,-31.225458833213313
310860000.0,-0.9970331968917323,-0.07195349955972032,-0.0019679740791564513,0.027269493486037837,-31.26389850563006
310982500.0,-0.9970464566743549,-0.0718152523262643,-0.001955541524985513,0.027149744451337127,-31.302211988947608
311105000.0,-0.9970595907892017,-0.07167793406500164,-0.0019432335954521053,0.02703090872753464,-31.3404002164378
311227500.0,-0.99707260097077,-0.07154153452988693,-0.0019310485578375187,0.026912976088869923,-31.378464110933464
311350000.0,-0.9970854889228196,-0.07140604362651781,-0.0019189847101558294,0.026795936461190106,-31.416404584983585
311472500.0,-0.9970982563190343,-0.07127145140933973,-0.0019070403804933396,0.026679779919154482,-31.45422254100554
311595000.0,-0.9971109048036667,-0.07113774807891146,-0.001895213926364602,0.026564496683500225,-31.49191887143468
311717500.0,-0.9971234359921641,-0.0710049239792311,-0.001883503734084646,0.02645007711836848,-31.529494458871078
311840000.0,-0.9971358514717824,-0.07087296959512056,-0.0018719082181568962,0.026336511728688894,-31.566950176223507
311962500.0,-0.9971481528021817,-0.07074187554966685,-0.0018604258206763164,0.026223791157620906,-31.60428688685097
312085000.0,-0.9971603415160084,-0.07061163260171874,-0.0018490550107473772,0.02611190618405078,-31.641505444701522
312207500.0,-0.9971724191194645,-0.07048223164343825,-0.0018377942839164175,0.026000847720142654,-31.678606694448646
312330000.0,-0.9971843870928586,-0.07035366369790381,-0.0018266421616179693,0.025890606808942354,-31.715591471625157
312452500.0,-0.9971962468911493,-0.07022591991676604,-0.001815597190634697,0.02578117462203277,-31.752460602754702
312575000.0,-0.9972079999444678,-0.07009899157795284,-0.0018046579425705363,0.02567254245723942,-31.78921490548084
312697500.0,-0.9972196476586361,-0.06997287008342377,-0.0017938230133366447,0.025564701736384653,-31.825855188693968
312820000.0,-0.9972311914156667,-0.06984754695697241,-0.0017830910226498782,0.025457644003090023,-31.86238225265583
312942500.0,-0.9972426325742517,-0.06972301384207447,-0.0017724606135433522,0.025351360920624757,-31.898796889121925
313065000.0,-0.9972539724702398,-0.06959926249978195,-0.0017619304518888266,0.025245844269799873,-31.93509988146172
313187500.0,-0.9972652124171061,-0.06947628480666164,-0.0017514992259305643,0.025141085946906592,-31.97129200477674
313310000.0,-0.9972763537064016,-0.06935407275277623,-0.001741165645830323,0.02503707796169775,-32.00737402601659
313432500.0,-0.9972873976082028,-0.06923261843970817,-0.0017309284432232173,0.024933812435411578,-32.043346704092976
313555000.0,-0.9972983453715415,-0.06911191407862428,-0.0017207863707841282,0.02483128159883648,-32.0792107899917
313677500.0,-0.9973091982248291,-0.06899195198838057,-0.0017107382018043673,0.02472947779041593,-32.114967026882745
313800000.0,-0.9973199573762707,-0.06887272459366633,-0.001700782729778344,0.024628393454392584,-32.15061615022847
313922500.0,-0.997330624014269,-0.06875422442318643,-0.0016909187679999423,0.024528021138990615,-32.186158887889896
314045000.0,-0.9973411993078166,-0.06863644410788075,-0.0016811451491683654,0.024428353494635395,-32.22159596023116
314167500.0,-0.997351684406883,-0.06851937637918035,-0.0016714607250031656,0.0243293832722095,-32.25692808022225
314290000.0,-0.9973620804427893,-0.06840301406729866,-0.0016618643658682338,0.02423110332134425,-32.292155953539975
314412500.0,-0.9973723885285757,-0.06828735009955823,-0.0016523549604045315,0.02413350658874621,-32.32728027866709
314535000.0,-0.9973826097593612,-0.06817237749875034,-0.0016429314151712663,0.02403658611655719,-32.36230174698995
314657500.0,-0.997392745212693,-0.06805808938152862,-0.001633592654295372,0.02394033504074773,-32.397221042894365
314780000.0,-0.9974027959488903,-0.06794447895683454,-0.0016243376191290076,0.023844746589542696,-32.432038843859864
314902500.0,-0.9974127630113772,-0.06783153952435428,-0.0016151652679148843,0.02374981408187833,-32.46675582055246
315025000.0,-0.997422647427011,-0.06771926447300695,-0.0016060745754592437,0.023655530925890466,-32.50137263691575
315147500.0,-0.9974324502064017,-0.06760764727946254,-0.001597064532812241,0.02356189061743252,-32.5358899502606
315270000.0,-0.9974421723442246,-0.06749668150668957,-0.0015881341469555852,0.023468886738623206,-32.57030841135324
315392500.0,-0.997451814819524,-0.06738636080253096,-0.0015792824404971982,0.023376512956422662,-32.60462866450199
315515000.0,-0.9974613785960149,-0.06727667889830873,-0.0015705084513727625,0.023284763021236905,-32.63885134764253
315637500.0,-0.9974708646223713,-0.06716762960745534,-0.0015618112325539466,0.023193630765549603,-32.67297709242175
315760000.0,-0.9974802738325131,-0.06705920682417256,-0.001553189851763153,0.023103110102580707,-32.70700652428023
315882500.0,-0.9974896071458852,-0.0669514045221161,-0.0015446433911946163,0.023013195024971338,-32.74094026253334
316005000.0,-0.9974988654677303,-0.06684421675310591,-0.001536170947241676,0.02292387960349406,-32.77477892045114
316127500.0,-0.9975080496893546,-0.06673763764586144,-0.0015277716302300871,0.022835157985788317,-32.80852310533686
316250000.0,-0.9975171606883891,-0.0666316614047617,-0.0015194445641572264,0.022747024395120496,-32.842173418604126
316372500.0,-0.9975261993290455,-0.06652628230862899,-0.0015111888864370044,0.02265947312916762,-32.87573045585299
316495000.0,-0.9975351664623646,-0.06642149470953568,-0.0015030037476503623,0.022572498558824483,-32.90919480694473
316617500.0,-0.997544062926461,-0.06631729303163458,-0.001494888311301235,0.022486095127033787,-32.94256705607543
316740000.0,-0.9975528895467612,-0.06621367177001099,-0.0014868417535778028,0.022400257347638473,-32.975847781848344
316862500.0,-0.9975616471362382,-0.06611062548955698,-0.0014788632631189313,0.02231497980425596,-33.00903755734522
316985000.0,-0.9975703364956388,-0.06600814882386681,-0.0014709520407856476,0.022230257149173677,-33.04213695019642
317107500.0,-0.9975789584137081,-0.06590623647415338,-0.0014631072994375517,0.022146084102265613,-33.0751465226499
317230000.0,-0.9975875136674085,-0.06580488320818517,-0.0014553282637140236,0.022062455449929203,-33.10806683163917
317352500.0,-0.9975960030221326,-0.06570408385924296,-0.0014476141698201187,0.02197936604404231,-33.140898428850114
317475000.0,-0.9976044272319142,-0.06560383332509626,-0.0014399642653170135,0.021896810800939515,-33.1736418607869
317597500.0,-0.9976127870396321,-0.06550412656699879,-0.0014323778089169353,0.021814784700407857,-33.20629766883664
317720000.0,-0.9976210831772115,-0.0654049586087027,-0.0014248540702824126,0.021733282784700988,-33.2388663893333
317842500.0,-0.9976293163658209,-0.06530632453549107,-0.0014173923298297884,0.021652300157571823,-33.271348553620385
317965000.0,-0.9976374873160636,-0.06520821949322848,-0.0014099918785368717,0.021571831983323127,-33.303744688112765
318087500.0,-0.9976455967281666,-0.06511063868742878,-0.0014026520177546054,0.02149187348587535,-33.33605531435761
318210000.0,-0.9976536452921646,-0.06501357738234023,-0.001395372059022705,0.021412419947851903,-33.368280949094256
318332500.0,-0.9976616336880813,-0.06491703090004741,-0.001388151323889127,0.021333466709681073,-33.40042210431322
318455000.0,-0.9976695625861051,-0.06482099461958965,-0.0013809891437333093,0.02125500916871449,-33.432479287314294
318577500.0,-0.9976774326467625,-0.06472546397609508,-0.0013738848595930538,0.021177042778361407,-33.46445300076381
318700000.0,-0.997685244521089,-0.06463043445993111,-0.0013668378219950108,0.021099563047239006,-33.49634374275093
318822500.0,-0.9976929988507923,-0.06453590161586965,-0.0013598473907886438,0.021022565538337916,-33.5281520068432
318945000.0,-0.9977006962684182,-0.06444186104226779,-0.001352912934983608,0.020946045868202843,-33.55987828214117
319067500.0,-0.9977083373975079,-0.06434830839026344,-0.00134603383259048,0.020869999706128177,-33.5915230533322
319190000.0,-0.9977159228527537,-0.06425523936298445,-0.0013392094704646885,0.02079442277336751,-33.62308680074359
319312500.0,-0.997723453240154,-0.06416264971477333,-0.0013324392441536894,0.02071931084235797,-33.654570000394706
319435000.0,-0.9977309291571603,-0.06407053525042454,-0.0013257225577471944,0.020644659735957974,-33.68597312404845
319557500.0,-0.9977383511928264,-0.06397889182443599,-0.0013190588237304447,0.020570465326698626,-33.71729663926203
319680000.0,-0.9977457199279505,-0.06388771534027379,-0.0013124474628404474,0.020496723536048464,-33.748541009436785
319802500.0,-0.9977530359352169,-0.06379700174964982,-0.0013058879039251055,0.020423430333691237,-33.77970669386746
319925000.0,-0.9977602997793341,-0.06370674705181216,-0.0012993795838051629,0.020350581736816326,-33.81079414779064
320047500.0,-0.9977675120171694,-0.06361694729284803,-0.0012929219471389216,0.02027817380942177,-33.8418038224325
320170000.0,-0.9977746731978823,-0.06352759856499887,-0.0012865144462896438,0.020206202661629393,-33.87273616505591
320292500.0,-0.997781783863054,-0.06343869700598752,-0.0012801565411955994,0.020134664449012022,-33.903591619006754
320415000.0,-0.9977888445468149,-0.06335023879835684,-0.001273847699242675,0.020063555371932315,-33.934370623759655
320537500.0,-0.9977958557759691,-0.06326222016882037,-0.001267587395139523,0.019992871674893293,-33.96507361496299
320660000.0,-0.9978028180701182,-0.0631746373876237,-0.0012613751107951419,0.019922609645899897,-33.99570102448326
320782500.0,-0.997809731941779,-0.06308748676791714,-0.0012552103351988787,0.019852765615831713,-34.02625328044885
320905000.0,-0.9978165978965037,-0.06300076466513932,-0.0012490925643027773,0.01978333595782652,-34.0567308072931
321027500.0,-0.9978234164329935,-0.06291446747641101,-0.0012430213009062196,0.019714317086674364,-34.08713402579685
321150000.0,-0.9978301880432121,-0.06282859163993969,-0.0012369960545428166,0.019645705458222095,-34.11746335313025
321272500.0,-0.9978369132124961,-0.0627431336344342,-0.0012310163413694986,0.01957749756878807,-34.14771920289406
321395000.0,-0.9978435924196667,-0.06265808997852934,-0.001225081684057737,0.01950968995458676,-34.17790198516036
321517500.0,-0.9978502261371317,-0.0625734572302201,-0.0012191916116868822,0.01944227919116321,-34.20801210651267
321640000.0,-0.9978568148309936,-0.062489231986305786,-0.001213345659639545,0.01937526189283709,-34.23804997008544
321762500.0,-0.9978633589611514,-0.06240541088184338,-0.0012075433694989878,0.019308634712156127,-34.268015975603085
321885000.0,-0.9978698589814002,-0.0623219905896099,-0.0012017842889484724,0.01924239433935868,-34.297910519418416
322007500.0,-0.9978763153395319,-0.062238967819574394,-0.0011960679716725424,0.01917653750184551,-34.327733994550506
322130000.0,-0.9978827284774302,-0.06215633931837801,-0.0011903939772601626,0.019111060963660192,-34.357486790722106
322252500.0,-0.997889098831166,-0.06207410186882331,-0.0011847618711097138,0.019045961524978394,-34.38716929439645
322375000.0,-0.9978954268310916,-0.061992252289372066,-0.0011791712243357808,0.018981236021605657,-34.41678188881358
322497500.0,-0.9979017129019314,-0.06191078743365103,-0.001173621613677685,0.018916881324483333,-34.44632495402621
322620000.0,-0.9979079574628714,-0.06182970418996629,-0.0011681126214097548,0.018852894339202956,-34.47579886693501
322742500.0,-0.9979141609276481,-0.06174899948082545,-0.0011626438352532673,0.01878927200552849,-34.5052040013235
322865000.0,-0.9979203237046338,-0.061668670262467695,-0.00115721484829004,0.018726011296926498,-34.53454072789236
322987500.0,-0.9979264461969233,-0.061588713524401796,-0.0011518252588776374,0.018663109220104074,-34.563809414293345
323110000.0,-0.9979325288024142,-0.06150912628895125,-0.0011464746705661443,0.018600562814554238,-34.59301042516272
323232500.0,-0.9979385719138919,-0.061429905610807425,-0.0011411626920164986,0.018538369152108953,-34.622144122154175
323355000.0,-0.9979445759191068,-0.06135104857658937,-0.0011358889369203126,0.018476525336499197,-34.651210863971436
323477500.0,-0.997950541200855,-0.06127255230441134,-0.0011306530239211922,0.018415028502922377,-34.680211006400256
323600000.0,-0.9979564681370547,-0.061194413943457045,-0.0011254545765374934,0.018353875817616685,-34.70914490234012
323722500.0,-0.9979623571008229,-0.06111663067356085,-0.0011202932230865,0.018293064477442385,-34.73801290183539
323845000.0,-0.9979682084605476,-0.06103919970479563,-0.0011151685966099812,0.018232591709469764,-34.76681535210615
323967500.0,-0.9979740225799639,-0.060962118277067455,-0.001110080334801111,0.018172454770573786,-34.795552597578606
324090000.0,-0.9979797998182239,-0.06088538365971662,-0.0011050280799327185,0.01811265094703525,-34.82422497991498
324212500.0,-0.9979855405299674,-0.06080899315112515,-0.0011000114787868371,0.0180531775541483,-34.85283283804317
324335000.0,-0.9979912450653913,-0.06073294407833044,-0.001095030182585526,0.01799403193583422,-34.88137650818586
324457500.0,-0.9979969137703172,-0.06065723379664531,-0.0010900838469229495,0.017935211464261424,-34.90985632388933
324580000.0,-0.998002546986259,-0.06058185968928363,-0.0010851721316986562,0.017876713539471296,-34.93827261605189
324702500.0,-0.9980081450504876,-0.060506819166992534,-0.001080294701052087,0.017818535589010254,-34.96662571295187
324825000.0,-0.9980137082960949,-0.06043210966768973,-0.001075451223298224,0.017760675067567337,-34.9949159402753
324947500.0,-0.9980192370520587,-0.060357728656107106,-0.0010706413708644097,0.017703129456617707,-35.023143621143205
325070000.0,-0.9980247316433021,-0.06028367362343954,-0.00106586482022828,0.017645896264071634,-35.05130907613855
325192500.0,-0.9980301923907574,-0.060209942086999375,-0.0010611212518567927,0.01758897302392895,-35.07941262333284
325315000.0,-0.9980356196114242,-0.06013653158987644,-0.001056410350146361,0.017532357295939143,-35.1074545783123
325437500.0,-0.9980410136184281,-0.06006343970060301,-0.0010517318033640111,0.017476046665266438,-35.13543525420384
325560000.0,-0.9980463747210794,-0.0599906640128243,-0.0010470853035895985,0.017420038742160273,-35.16335496170057
325682500.0,-0.9980517032249295,-0.05991820214497397,-0.0010424705466590305,0.017364331161630865,-35.19121400908705
325805000.0,-0.9980569994318267,-0.05984605173995448,-0.0010378872321084817,0.017308921583129706,-35.21901270226421
325927500.0,-0.9980622636399709,-0.05977421046482274,-0.001033335063119595,0.017253807690235188,-35.24675134477388
326050000.0,-0.9980674961439678,-0.05970267601048023,-0.0010288137464656182,0.01719898719034278,-35.2744302378231
326172500.0,-0.9980726972348812,-0.059631446091368036,-0.001024322992458494,0.017144457814360203,-35.30204968030807
326295000.0,-0.998077867200286,-0.05956051844516664,-0.001019862514896858,0.01709021731640718,-35.329609968837794
326417500.0,-0.998083006324318,-0.0594898908325001,-0.0010154320310149397,0.017036263473519754,-35.3571113977574
326540000.0,-0.9980881148877251,-0.05941956103664493,-0.0010110312614323414,0.016982594085359168,-35.38455425917124
326662500.0,-0.9980931931679168,-0.0593495268632433,-0.0010066599301046832,0.016929206973925127,-35.4119388429656
326785000.0,-0.9980982414390116,-0.05927978614002053,-0.001002317764275092,0.0168760999832734,-35.43926543683118
326907500.0,-0.9981032599718861,-0.059210336716506946,-0.0009980044944265186,0.016823270979237675,-35.466534326285334
327030000.0,-0.9981082490342205,-0.05914117646376401,-0.0009937198542348826,0.016770717849155792,-35.49374579469387
327152500.0,-0.9981132088905457,-0.05907230327411429,-0.0009894635805229885,0.016718438501599743,-35.52090012329277
327275000.0,-0.9981181398022886,-0.05900371506087585,-0.0009852354132152505,0.016666430866110072,-35.54799759120952
327397500.0,-0.9981230420278153,-0.058935409758100236,-0.0009810350952931678,0.016614692892934057,-35.575038475484185
327520000.0,-0.998127915822477,-0.058867385320314734,-0.0009768623727515575,0.016563222552767844,-35.602023051090256
327642500.0,-0.998132761438651,-0.05879963972226819,-0.0009727169945555246,0.016512017836502465,-35.62895159095522
327765000.0,-0.9981375791257843,-0.05873217095868071,-0.0009685987125981544,0.016461076754973575,-35.65582436598085
327887500.0,-0.9981423691304343,-0.05866497704399715,-0.0009645072816589117,0.016410397338714893,-35.682641645063306
328010000.0,-0.9981471316963112,-0.05859805601214411,-0.0009604424593627392,0.016359977637715347,-35.709403695112925
328132500.0,-0.9981518670643165,-0.05853140591629062,-0.0009564040061398395,0.016309815721179795,-35.7361107810738
328255000.0,-0.9981565754725827,-0.05846502482861214,-0.0009523916851861153,0.01625990967729315,-35.76276316594309
328377500.0,-0.9981612571565146,-0.05839891084005851,-0.000948405262424283,0.01621025761298818,-35.78936111079015
328500000.0,-0.9981659123488239,-0.058333062060124626,-0.000944444506465613,0.016160857653716477,-35.815904874775356
328622500.0,-0.9981705412795701,-0.058267476616625034,-0.0009405091885723141,0.016111707943222964,-35.84239471516876
328745000.0,-0.9981751441761947,-0.058202152655471504,-0.000936599082620531,0.016062806643323567,-35.86883088736845
328867500.0,-0.9981797212635601,-0.0581370883404539,-0.0009327139650639476,0.01601415193368613,-35.89521364491881
328990000.0,-0.9981842727639839,-0.05807228185302428,-0.0009288536148979957,0.01596574201161459,-35.9215432395284
329112500.0,-0.9981887988972747,-0.05800773139208414,-0.000925017813624641,0.0159175750918362,-35.94781992108772
329235000.0,-0.9981932998807663,-0.05794343517377453,-0.0009212063452177452,0.015869649406291854,-35.97404393768676
329357500.0,-0.9981977759293521,-0.05787939143126944,-0.0009174189960889904,0.015821963203929357,-36.00021553563229
329480000.0,-0.9982022272555185,-0.057815598414572025,-0.0009136555550543605,0.015774514750499808,-36.026334959465
329602500.0,-0.9982066540693784,-0.05775205439031377,-0.0009099158133011604,0.015727302328356767,-36.05240245197636
329725000.0,-0.9982110565787022,-0.057688757641556496,-0.000906199564355571,0.01568032423625838,-36.07841825422539
329847500.0,-0.998215434988952,-0.05762570646759726,-0.0009025066040507238,0.015633578789172257,-36.10438260555508
329970000.0,-0.998219789503311,-0.05756289918377598,-0.0008988367304952913,0.01558706431808318,-36.13029574360878
330092500.0,-0.9982241203227151,-0.05750033412128579,-0.00089518974404258,0.015540779169803525,-36.15615790434623
330215000.0,-0.9982284276458835,-0.057438009626986045,-0.0008915654472601147,0.015494721706786334,-36.1819693220596
330337500.0,-0.9982327116693487,-0.05737592406321815,-0.0008879636448997151,0.01544889030694113,-36.20773022938907
330460000.0,-0.9982369725874861,-0.05731407580762376,-0.0008843841438680398,0.015403283363452175,-36.233440857338536
330582500.0,-0.9982412105925416,-0.05725246325296546,-0.0008808267531976005,0.015357899284599382,-36.25910143529089
330705000.0,-0.9982454258746623,-0.057191084806950454,-0.0008772912840182435,0.015312736493581782,-36.2847121910232
330827500.0,-0.9982496186219224,-0.057129938892056094,-0.0008737775495290665,0.015267793428343304,-36.310273350721815
330950000.0,-0.998253789020353,-0.05706902394535838,-0.0008702853649707958,0.015223068541401215,-36.33578513899704
331072500.0,-0.9982579372539675,-0.05700833841836239,-0.0008668145475985806,0.015178560299676713,-36.361247778897955
331195000.0,-0.9982620635047901,-0.05694788077683543,-0.000863364916655221,0.015134267184327966,-36.38666149192686
331317500.0,-0.9982661679528795,-0.05688764950064226,-0.0008599362933448242,0.015090187690585616,-36.41202649805354
331440000.0,-0.9982702507763574,-0.05682764308358276,-0.000856528500806856,0.015046320327590299,-36.437343015729496
331562500.0,-0.9982743121514339,-0.05676786003323181,-0.0008531413640906076,0.015002663618232598,-36.46261126190191
331685000.0,-0.9982783522524307,-0.05670829887078118,-0.0008497747101300537,0.014959216098995125,-36.487831452027486
331807500.0,-0.9982823712518073,-0.05664895813088384,-0.0008464283677191024,0.014915976319796773,-36.51300380008612
331930000.0,-0.9982863693201854,-0.056589836361500286,-0.0008431021674872259,0.014872942843839105,-36.538128518594434
332052500.0,-0.9982903466263727,-0.0565309321237471,-0.0008397959418754747,0.014830114247454918,-36.563205818619124
332175000.0,-0.9982943033373866,-0.056472243991747245,-0.0008365095251128457,0.014787489119958716,-36.5882359097902
332297500.0,-0.9982982396184764,-0.056413770552482805,-0.0008332427531930306,0.014745066063499384,-36.61321900031403
332420000.0,-0.998302155633148,-0.05635551040564945,-0.0008299954638515098,0.014702843692914788,-36.638155296986234
332542500.0,-0.9983060515431855,-0.05629746216351303,-0.0008267674965429979,0.014660820635588321,-36.66304500520448
332665000.0,-0.9983099275086732,-0.05623962445076788,-0.0008235586924192333,0.014618995531307409,-36.68788832898114
332787500.0,-0.9983137836880176,-0.05618199590439744,-0.0008203688943071115,0.014577367032123983,-36.71268547095569
332910000.0,-0.99831762023797,-0.056124575173536306,-0.0008171979466871409,0.014535933802216757,-36.737436632407125
333032500.0,-0.9983214373136456,-0.056067360919334404,-0.0008140456956722313,0.01449469451775538,-36.76214201326613
333155000.0,-0.9983252350685468,-0.05601035181482295,-0.0008109119889868024,0.014453647866766417,-36.78680181212713
333277500.0,-0.9983290136545822,-0.05595354654478215,-0.0008077966759462036,0.014412792549001121,-36.81141622626028
333400000.0,-0.9983327732220869,-0.05589694380561056,-0.0008046996074364451,0.014372127275804928,-36.8359854516232
333522500.0,-0.998336513919843,-0.055840542305196535,-0.0008016206358942387,0.0143316507699888,-36.86050968287269
333645000.0,-0.9983402358950999,-0.05578434076279097,-0.0007985596152873266,0.014291361765702134,-36.88498911337623
333767500.0,-0.9983439392935918,-0.05572833790888198,-0.0007955164010951131,0.014251259008307456,-36.909423935223415
333890000.0,-0.9983476242595593,-0.055672532485071244,-0.0007924908502895812,0.014211341254256741,-36.93381433923725
334012500.0,-0.998351290935765,-0.0556169232439517,-0.000789482821316493,0.014171607270969359,-36.95816051498529
334135000.0,-0.9983549394635153,-0.05556150894898733,-0.0007864921740768719,0.014132055836711668,-36.98246265079065
334257500.0,-0.9983585699826772,-0.0555062883743941,-0.0007835187699087534,0.014092685740478105,-37.00672093374299
334380000.0,-0.9983621826316951,-0.055451260305022475,-0.0007805624715692076,0.014053495781873891,-37.030935549709284
334502500.0,-0.9983657775476101,-0.05539642353624196,-0.0007776231432166355,0.014014484770999348,-37.05510668334446
334625000.0,-0.9983693548660776,-0.055341776873826486,-0.0007747006503933085,0.01397565152833555,-37.07923451810202
334747500.0,-0.9983729147213845,-0.055287319133841835,-0.00077179486000818,0.01393699488463162,-37.10331923624443
334870000.0,-0.9983764572464633,-0.05523304914253399,-0.0007689056403199379,0.013898513680793402,-37.127361018853506
334992500.0,-0.9983799825729138,-0.05517896573621961,-0.0007660328609203101,0.0138602067677736,-37.15136004584063
335115000.0,-0.9983834908310149,-0.0551250677611772,-0.0007631763927176139,0.013822073006463395,-37.175316495956835
335237500.0,-0.9983869821497434,-0.055071354073540274,-0.00076033610792054,0.013784111267585362,-37.19923054680281
335360000.0,-0.99839045665679,-0.05501782353919159,-0.0007575118800221759,0.013746320431587841,-37.223102374838824
335482500.0,-0.9983939144785736,-0.05496447503365868,-0.0007547035837842579,0.013708699388540628,-37.24693215539449
335605000.0,-0.9983973557402579,-0.05491130744201108,-0.0007519110952216537,0.013671247038032033,-37.27072006267847
335727500.0,-0.998400780565766,-0.054858319658758405,-0.0007491342915870663,0.01363396228906726,-37.29446626978802
335850000.0,-0.9984041890777967,-0.05480551058775014,-0.0007463730513559566,0.013596844059968015,-37.31817094871852
335972500.0,-0.9984075813978384,-0.054752879142076466,-0.0007436272542116865,0.013559891278273496,-37.34183427037279
336095000.0,-0.9984109576461836,-0.05470042424397044,-0.0007408967810308726,0.013523102880642587,-37.365456404570445
336217500.0,-0.9984143179419434,-0.05464814482471128,-0.0007381815138689463,0.01348647781275728,-37.38903752005699
336340000.0,-0.9984176624030628,-0.05459603982452916,-0.0007354813359459253,0.013450015029227358,-37.412577784512955
336462500.0,-0.9984209911463339,-0.05454410819251097,-0.0007327961316323848,0.013413713493496269,-37.436077364562884
336585000.0,-0.9984243042874088,-0.054492348886507204,-0.0007301257864356232,0.013377572177748154,-37.459536425784215
336707500.0,-0.9984276019408154,-0.054440760873040346,-0.0007274701869860364,0.013341590062816142,-37.48295513271606
336830000.0,-0.998430884219969,-0.05438934312721405,-0.0007248292210236698,0.013305766138091675,-37.50633364886792
336952500.0,-0.9984341512371864,-0.05433809463262371,-0.0007222027773849688,0.013270099401435032,-37.52967213672835
337075000.0,-0.9984374031036983,-0.05428701438126796,-0.0007195907459897162,0.01323458885908701,-37.5529707577734
337197500.0,-0.9984406399296639,-0.05423610137346151,-0.0007169930178281471,0.013199233525581616,-37.576229672475115
337320000.0,-0.9984438618241814,-0.05418535461774875,-0.00071440948494825,0.013164032423659917,-37.599449040309864
337442500.0,-0.998447068895302,-0.054134773130818756,-0.0007118400404432432,0.013128984584184954,-37.62262901976659
337565000.0,-0.9984502612500408,-0.05408435593742112,-0.0007092845784392263,0.013094089046057682,-37.64576976835501
337687500.0,-0.9984534389943915,-0.05403410207028292,-0.000706742994083002,0.013059344856133952,-37.66887144261369
337810000.0,-0.9984566022333357,-0.05398401057002675,-0.0007042151835300729,0.013024751069142602,-37.69193419811804
337932500.0,-0.9984597510708559,-0.05393408048508956,-0.0007017010439327942,0.012990306747604395,-37.71495818948828
338055000.0,-0.9984628856099484,-0.05388431087164289,-0.0006992004734287026,0.012956010961752126,-37.737943570397256
338177500.0,-0.9984660059526322,-0.053834700793513504,-0.0006967133711289953,0.012921862789451583,-37.7608904935782
338300000.0,-0.9984691121999626,-0.05378524932210571,-0.0006942396371071787,0.012887861316123593,-37.78379911083243
338422500.0,-0.9984722044520413,-0.053735955536323876,-0.00069177917238786,0.012854005634666864,-37.80666957303696
338545000.0,-0.9984752828080274,-0.05368681852249655,-0.0006893318789357073,0.01282029484538196,-37.829502030152014
338667500.0,-0.9984783473661497,-0.0536378373743011,-0.0006868976596445486,0.012786728055896038,-37.85229663122846
338790000.0,-0.9984813982237156,-0.05358901119268935,-0.0006844764183266258,0.012753304381088584,-37.87505352441526
338912500.0,-0.9984844354771221,-0.05354033908581419,-0.000682068059701995,0.01272002294301805,-37.89777285696666
339035000.0,-0.9984874592218673,-0.053491820168957094,-0.000679672489388069,0.012686882870849334,-37.920454775249524
339157500.0,-0.9984904695525604,-0.053443453564456414,-0.0006772896138893035,0.012653883300782182,-37.94309942475044
339280000.0,-0.998493466562931,-0.05339523840163656,-0.0006749193405870215,0.012621023375980424,-37.9657069500828
339402500.0,-0.9984964503458394,-0.05334717381673805,-0.0006725615777293781,0.012588302246502096,-37.9882774949938
339525000.0,-0.9984994209932877,-0.05329925895284852,-0.0006702162344214576,0.012555719069230357,-38.01081120237144
339647500.0,-0.9985023785964279,-0.05325149295983431,-0.0006678832206155055,0.012523273007805265,-38.03330821425133
339770000.0,-0.9985053232455726,-0.053203874994273016,-0.0006655624471012901,0.012490963232556343,-38.055768671823515
339892500.0,-0.9985082550302047,-0.053156404219386943,-0.0006632538254965972,0.012458788920435993,-38.07819271543926
340015000.0,-0.9985111740389851,-0.053109079804977075,-0.0006609572682378472,0.012426749254953658,-38.100580484617616
340137500.0,-0.9985140803597647,-0.053061900927358296,-0.0006586726885708465,0.012394843426110856,-38.122932118052105
340260000.0,-0.9985169740795908,-0.0530148667692946,-0.0006564000005416409,0.012363070630336735,-38.14524775361728
340382500.0,-0.9985198552847182,-0.0529679765199361,-0.0006541391189875242,0.012331430070424818,-38.16752752837507
340505000.0,-0.9985227240606168,-0.05292122937475578,-0.0006518899595281328,0.012299920955470063,-38.18977157858132
340627500.0,-0.9985255804919804,-0.0528746245354877,-0.0006496524385566804,0.012268542500806934,-38.21198003969209
340750000.0,-0.9985284246627366,-0.052828161210065575,-0.0006474264732312977,0.012237293927948104,-38.23415304636989
340872500.0,-0.9985312566560536,-0.052781838612562186,-0.0006452119814664909,0.012206174464523888,-38.256290732490015
340995000.0,-0.9985340765543512,-0.052735655963129624,-0.0006430088819247144,0.01217518334422244,-38.27839323114656
341117500.0,-0.9985368844393052,-0.05268961248793973,-0.0006408170940080441,0.012144319806730511,-38.30046067465865
341240000.0,-0.99853968039186,-0.05264370741912607,-0.0006386365378499756,0.012113583097675096,-38.32249319457642
341362500.0,-0.9985424644922326,-0.05259793999472576,-0.0006364671343073164,0.012082972468565593,-38.34449092168696
341485000.0,-0.9985452368199248,-0.052552309458622486,-0.0006343088049521882,0.012052487176736699,-38.36645398602036
341607500.0,-0.998547997453727,-0.05250681506048997,-0.00063216147206414,0.012022126485292035,-38.38838251685543
341730000.0,-0.9985507464717287,-0.052461456055736135,-0.0006300250586223507,0.011991889663048264,-38.41027664272561
341852500.0,-0.9985534839513255,-0.052416231705447965,-0.0006278994882979459,0.011961775984480035,-38.432136491424714
341975000.0,-0.9985562099692268,-0.05237114127633702,-0.0006257846854464079,0.011931784729665445,-38.45396219001256
342097500.0,-0.9985589246014617,-0.05232618404068524,-0.0006236805751000819,0.011901915184232172,-38.47575386482069
342220000.0,-0.9985616279233896,-0.05228135927629211,-0.0006215870829607859,0.01187216663930422,-38.49751164145792
342342500.0,-0.9985643200097046,-0.052236666266421455,-0.000619504135392506,0.011842538391449244,-38.51923564481589
342465000.0,-0.998567000934444,-0.05219210429974982,-0.0006174316594141988,0.011813029742626588,-38.54092599907456
342587500.0,-0.998569670770995,-0.05214767267031461,-0.0006153695826926703,0.011783640000135738,-38.5625828277076
342710000.0,-0.9985723295921026,-0.05210337067746358,-0.0006133178335355654,0.011754368476565611,-38.58420625348777
342832500.0,-0.9985749774698756,-0.05205919762580415,-0.0006112763408844232,0.01172521448974411,-38.60579639849231
342955000.0,-0.9985776144757927,-0.052015152825153795,-0.0006092450343078423,0.01169617736268852,-38.62735338410816
343077500.0,-0.9985802406807117,-0.05197123559049097,-0.000607223843994723,0.011667256423556373,-38.6488773310372
343200000.0,-0.998582856154874,-0.05192744524190636,-0.0006052127007475943,0.0116384510055968,-38.67036835930143
343322500.0,-0.9985854609679125,-0.051883781104554876,-0.0006032115359760336,0.011609760447102593,-38.69182658824808
343445000.0,-0.998588055188857,-0.051840242508608074,-0.0006012202816901589,0.011581184091362627,-38.71325213655473
343567500.0,-0.9985906388861409,-0.05179682878920714,-0.0005992388704942091,0.011552721286614918,-38.734645122234326
343690000.0,-0.9985932121276093,-0.051753539286416524,-0.0005972672355802085,0.011524371386000242,-38.756005662640135
343812500.0,-0.9985957749805215,-0.05171037334517781,-0.0005953053107217034,0.011496133747516178,-38.777333874470735
343935000.0,-0.9985983275115617,-0.05166733031526453,-0.0005933530302675848,0.01146800773397176,-38.79862987377485
344057500.0,-0.9986008697868417,-0.051624409551237115,-0.0005914103291359838,0.011439992712942576,-38.81989377595624
344180000.0,-0.9986034018719078,-0.051581610412398296,-0.0005894771428082407,0.011412088056726338,-38.8411256957785
344302500.0,-0.9986059238317484,-0.05153893226274957,-0.0005875534073229602,0.01138429314229907,-38.862325747369795
344425000.0,-0.9986084357307969,-0.05149637447094737,-0.0005856390592701296,0.01135660735127167,-38.883494044227575
344547500.0,-0.9986109376329406,-0.05145393641026034,-0.0005837340357853148,0.011329030069846983,-38.904630699223276
344670000.0,-0.9986134296015242,-0.051411617458526786,-0.0005818382745439306,0.01130156068877739,-38.925735824606896
344792500.0,-0.9986159116993563,-0.05136941699811264,-0.0005799517137555744,0.01127419860332278,-38.94680953201163
344915000.0,-0.9986183839887153,-0.05132733441586995,-0.0005780742921584407,0.0112469432132091,-38.96785193245836
345037500.0,-0.9986208465313539,-0.051285369103095765,-0.0005762059490137966,0.011219793922587285,-38.98886313636021
345160000.0,-0.9986232993885065,-0.05124352045549155,-0.0005743466241005273,0.011192750139992644,-39.00984325352694
345282500.0,-0.9986257426208921,-0.051201787873122837,-0.0005724962577097492,0.0111658112783047,-39.03079239316941
345405000.0,-0.998628176288721,-0.051160170760379674,-0.0005706547906394897,0.011138976754707501,-39.05171066390396
345527500.0,-0.9986306004517007,-0.05111866852593718,-0.0005688221641894326,0.011112245990650338,-39.0725981737567
345650000.0,-0.9986330151690395,-0.05107728058271668,-0.0005669983201557239,0.011085618411808853,-39.09345503016787
345772500.0,-0.9986354204994531,-0.051036006347847274,-0.000565183200825847,0.011059093448046679,-39.11428133999601
345895000.0,-0.9986378165011682,-0.05099484524262774,-0.0005633767489735556,0.011032670533377371,-39.1350772095223
346017500.0,-0.9986402032319294,-0.050953796692488874,-0.0005615789078538688,0.01100634910592683,-39.15584274445464
346140000.0,-0.998642580749002,-0.05091286012695635,-0.0005597896211981307,0.010980128607896126,-39.17657804993183
346262500.0,-0.9986449491091789,-0.05087203497961393,-0.0005580088332091273,0.010954008485524715,-39.197283230527674
346385000.0,-0.9986473083687833,-0.050831320688066825,-0.0005562364885562597,0.010927988189054036,-39.217958390255056
346507500.0,-0.9986496585836758,-0.05079071669390587,-0.0005544725323707801,0.010902067172691507,-39.23860363256996
346630000.0,-0.9986519998092577,-0.05075022244267179,-0.0005527169102410822,0.010876244894574925,-39.25921906037548
346752500.0,-0.9986543321004756,-0.050709837383819956,-0.0005509695682080518,0.010850520816737253,-39.27980477602577
346875000.0,-0.9986566555118265,-0.05066956097068547,-0.0005492304527604689,0.010824894405071771,-39.30036088132996
346997500.0,-0.9986589700973622,-0.05062939266044872,-0.000547499510830468,0.01079936512929758,-39.320887477556056
347120000.0,-0.9986612759106934,-0.050589331914101136,-0.0005457766897890502,0.010773932462925507,-39.34138466543482
347242500.0,-0.9986635730049953,-0.050549378196411525,-0.0005440619374416528,0.010748595883224384,-39.361852545163536
347365000.0,-0.9986658614330105,-0.05050953097589248,-0.0005423552020237649,0.0107233548711876,-39.382291216409854
347487500.0,-0.9986681412470539,-0.0504697897247676,-0.0005406564321966069,0.010698208911500187,-39.402700778315484
347610000.0,-0.9986704124990181,-0.0504301539189384,-0.0005389655770428437,0.010673157492505997,-39.42308132949998
347732500.0,-0.9986726752403756,-0.050390623037952345,-0.0005372825860623705,0.010648200106175522,-39.443432968064364
347855000.0,-0.9986749295221841,-0.05035119656497043,-0.000535607409168126,0.010623336248073769,-39.463755791594856
347977500.0,-0.9986771753950908,-0.050311873986735776,-0.000533939996681973,0.010598565417328695,-39.484049897166415
348100000.0,-0.998679412909337,-0.05027265479354223,-0.00053228029933062,0.010573887116599885,-39.504315381346345
348222500.0,-0.9986816421147594,-0.050233538479203144,-0.0005306282682415861,0.010549300852047493,-39.52455234019796
348345000.0,-0.9986838630607977,-0.05019452454102092,-0.0005289838549392254,0.010524806133301673,-39.54476086928394
348467500.0,-0.9986860757964967,-0.05015561247975655,-0.0005273470113407867,0.010500402473432166,-39.56494106366998
348590000.0,-0.9986882803705097,-0.050116801799599514,-0.0005257176897525266,0.010476089388918336,-39.585093017928116
348712500.0,-0.9986904768311032,-0.05007809200813798,-0.0005240958428658605,0.01045186639961938,-39.60521682614032
348835000.0,-0.9986926652261612,-0.05003948261632955,-0.0005224814237535692,0.01042773302874501,-39.625312581901774
348957500.0,-0.9986948456031873,-0.05000097313847195,-0.0005208743858660398,0.010403688802826307,-39.64538037832432
349080000.0,-0.99869701800931,-0.0499625630921743,-0.0005192746830275547,0.010379733251686944,-39.66542030803977
349202500.0,-0.9986991824912856,-0.04992425199832861,-0.000517682269432626,0.010355865908414728,-39.68543246320321
349325000.0,-0.9987013390955022,-0.04988603938108137,-0.0005160970996423637,0.010332086309333313,-39.705416935496395
349447500.0,-0.998703487867983,-0.04984792476780586,-0.0005145191285808973,0.010308393993974393,-39.725373816130855
349570000.0,-0.9987056288543897,-0.04980990768907427,-0.0005129483115318297,0.010284788505050012,-39.74530319585125
349692500.0,-0.9987077621000263,-0.049771987678630454,-0.000511384604134736,0.010261269388425262,-39.765205164938536
349815000.0,-0.998709887649843,-0.049734164273362885,-0.0005098279623817045,0.010237836193091255,-39.7850798132131
349937500.0,-0.9987120055484388,-0.04969643701327769,-0.0005082783426139106,0.01021448847113829,-39.80492723003798
350060000.0,-0.9987141158400646,-0.049658805441472165,-0.0005067357015182354,0.010191225777729386,-39.82474750432197
350182500.0,-0.9987162185686284,-0.04962126910410864,-0.0005051999961239237,0.010168047671074053,-39.84454072452267
350305000.0,-0.9987183137776964,-0.04958382755038832,-0.0005036711837992751,0.010144953712402316,-39.86430697864964
350427500.0,-0.9987204015104975,-0.04954648033252567,-0.0005021492222483801,0.010121943465939058,-39.884046354267355
350550000.0,-0.9987224818099268,-0.04950922700572285,-0.0005006340695078846,0.010099016498878538,-39.903758938498285
350672500.0,-0.9987245547185476,-0.04947206712814455,-0.000499125683943798,0.010076172381359234,-39.923444818025864
350795000.0,-0.9987266202785955,-0.04943500026089305,-0.0004976240242483351,0.010053410686438932,-39.94310407909748
350917500.0,-0.9987286785319812,-0.049398025967983435,-0.0004961290494367917,0.010030730990070017,-39.9627368075274
351040000.0,-0.998730729520294,-0.049361143816319286,-0.0004946407188444618,0.01000813287107513,-39.98234308869967
351162500.0,-0.9987327732848043,-0.04932435337566836,-0.0004931589921235819,0.009985615911122929,-40.00192300757105
351285000.0,-0.9987348098664665,-0.049287654218638635,-0.0004916838292403147,0.00996317969470419,-40.02147664867384
351407500.0,-0.998736839305923,-0.04925104592065466,-0.000490215190471764,0.00994082380910811,-40.04100409611877
351530000.0,-0.9987388616435059,-0.04921452805993393,-0.0004887530364030255,0.009918547844398856,-40.06050543359778
351652500.0,-0.9987408769192405,-0.04917810021746383,-0.0004872973279242697,0.009896351393392372,-40.07998074438685
351775000.0,-0.9987428851728491,-0.04914176197697843,-0.00048584802622785494,0.00987423405163336,-40.09943011134875
351897500.0,-0.9987448864437519,-0.049105512924935826,-0.00048440509280547726,0.009852195417372554,-40.11885361693581
352020000.0,-0.9987468807710713,-0.049069352650495564,-0.00048296848944534966,0.009830235091544202,-40.13825134319262
352142500.0,-0.9987488681936342,-0.04903328074549621,-0.00048153817822941056,0.009808352677743739,-40.15762337175878
352265000.0,-0.9987508487499749,-0.04899729680443334,-0.0004801141215305672,0.009786547782205722,-40.176969783871535
352387500.0,-0.9987528224783375,-0.04896140042443763,-0.0004786962820099683,0.00976482001378198,-40.19629066036848
352510000.0,-0.9987547894166795,-0.04892559120525314,-0.0004772846226143046,0.00974316898391995,-40.21558608169016
352632500.0,-0.9987567496026735,-0.048889868749215824,-0.00047587910657314133,0.009721594306641256,-40.234856127882736
352755000.0,-0.9987587030737096,-0.04885423266123246,-0.0004744796973962834,0.009700095598520515,-40.25410087860049
352877500.0,-0.9987606498668995,-0.048818682548759325,-0.0004730863588711607,0.009678672478664293,-40.27332041310851
353000000.0,-0.9987625900190773,-0.048783218021781594,-0.00047169905506025156,0.00965732456869033,-40.29251481028518
353122500.0,-0.9987645235668039,-0.0487478386927926,-0.0004703177502985283,0.009636051492706929,-40.311684148624714
353245000.0,-0.998766450546368,-0.048712544176773426,-0.0004689424091909333,0.00961485287729256,-40.33082850623969
353367500.0,-0.9987683709937891,-0.048677334091172725,-0.0004675729966098836,0.009593728351475692,-40.349947960863524
353490000.0,-0.9987702849448202,-0.0486422080558866,-0.0004662094776928004,0.009572677546714772,-40.36904258985294
353612500.0,-0.99877219243495,-0.048607165693238814,-0.0004648518178396656,0.009551700096878423,-40.388112470190414
353735000.0,-0.9987740934994055,-0.04857220662796122,-0.0004634999827106082,0.009530795638225856,-40.407157678486655
353857500.0,-0.9987759881731539,-0.04853733048717417,-0.0004621539382235125,0.009509963809387427,-40.42617829098292
353980000.0,-0.9987778764909064,-0.048502536900367405,-0.0004608136505516554,0.009489204251345432,-40.44517438355351
354102500.0,-0.9987797584871182,-0.048467825499380744,-0.00045947908612136714,0.009468516607415042,-40.46414603170808
354225000.0,-0.9987816341959931,-0.048433195918385574,-0.00045815021160972133,0.009447900523225486,-40.48309331059397
354347500.0,-0.9987835036514838,-0.04839864779386573,-0.00045682699394224277,0.009427355646701318,-40.50201629499864
354470000.0,-0.9987853668872965,-0.04836418076459926,-0.0004555094002906468,0.009406881628043965,-40.52091505935188
354592500.0,-0.9987872239368909,-0.04832979447163995,-0.0004541973980706015,0.00938647811971342,-40.53978967772811
354715000.0,-0.9987890748334834,-0.048295488558299154,-0.000452890954939509,0.00936614477641005,-40.55864022384877
354837500.0,-0.9987909196100493,-0.04826126267012783,-0.0004515900387943178,0.009345881255056683,-40.577466771084445
354960000.0,-0.9987927582993255,-0.048227116454898716,-0.00045029461776935375,0.009325687214780791,-40.59626939245719
355082500.0,-0.9987945909338112,-0.048193049562588644,-0.000449004660234176,0.009305562316896882,-40.61504816064271
355205000.0,-0.9987964175457714,-0.048159061645361115,-0.00044772013479145467,0.009285506224889023,-40.633803147972586
355327500.0,-0.9987982381672381,-0.04812515235754884,-0.0004464410102748718,0.009265518604393569,-40.65253442643649
355450000.0,-0.9988000528300128,-0.04809132135563672,-0.00044516725574704475,0.00924559912318203,-40.671242067684304
355572500.0,-0.9988018615656696,-0.04805756829824491,-0.0004438988404974737,0.009225747451144151,-40.68992614302828
355695000.0,-0.998803664405554,-0.04802389284611177,-0.00044263573404050544,0.00920596326027106,-40.708586723445215
355817500.0,-0.9988054613807892,-0.04799029466207737,-0.00044137790611332333,0.00918624622463865,-40.727223879578546
355940000.0,-0.9988072525222749,-0.047956773411066925,-0.000440125326673958,0.009166596020391118,-40.74583768174045
356062500.0,-0.9988090378606902,-0.04792332876007441,-0.0004388779658993164,0.009147012325724603,-40.76442819991394
356185000.0,-0.9988108174264965,-0.04788996037814644,-0.0004376357941832355,0.00912749482087105,-40.78299550375494
356307500.0,-0.9988125912499379,-0.04785666793636616,-0.0004363987821345543,0.009108043188082192,-40.8015396625943
356430000.0,-0.9988143593610439,-0.04782345110783729,-0.00043516690057520313,0.00908865711161364,-40.820060745439896
356552500.0,-0.9988161217896318,-0.047790309567668506,-0.0004339401205383193,0.009069336277709207,-40.838558820978605
356675000.0,-0.9988178785653068,-0.047757242992957714,-0.00043271841326637784,0.009050080374585327,-40.857033957578324
356797500.0,-0.9988196297174665,-0.047724251062776724,-0.0004315017502093441,0.00903088909241564,-40.87548622328994
356920000.0,-0.9988213752753007,-0.047691333458155794,-0.00043029010302284113,0.009011762123315656,-40.89391568584938
357042500.0,-0.9988231152677931,-0.04765848986206855,-0.00042908344356634503,0.008992699161327711,-40.912322412679465
357165000.0,-0.9988248497237251,-0.047625719959416966,-0.00042788174390138956,0.008973699902405902,-40.93070647089192
357287500.0,-0.9988265786716749,-0.047593023437016414,-0.00042668497628979443,0.00895476404440124,-40.949067927289285
357410000.0,-0.9988283021400215,-0.047560399983581,-0.0004254931131919125,0.008935891287046964,-40.967406848366835
357532500.0,-0.9988300201569458,-0.047527849289708865,-0.00042430612726489166,0.008917081331943926,-40.985723300314476
357655000.0,-0.9988317327504308,-0.047495371047867725,-0.00042312399136095656,0.008898333882546145,-41.00401734901862
357777500.0,-0.9988334399482659,-0.04746296495238061,-0.0004219466785257106,0.008879648644146528,-41.02228906006406
357900000.0,-0.9988351417780467,-0.04743063069941156,-0.00042077416199645044,0.008861025323862657,-41.040538498735835
358022500.0,-0.9988368382671771,-0.04739836798695154,-0.0004196064152005001,0.008842463630622735,-41.05876573002107
358145000.0,-0.9988385294428715,-0.047366176514804584,-0.00041844341175356506,0.008823963275151708,-41.0769708186108
358267500.0,-0.9988402153321558,-0.04733405598457386,-0.0004172851254580976,0.008805523969957426,-41.095153828901765
358390000.0,-0.9988418959618696,-0.04730200609964808,-0.00041613153030168335,0.008787145429317002,-41.11331482499823
358512500.0,-0.9988435713586667,-0.04727002656518787,-0.00041498260045544355,0.008768827369263285,-41.13145387071376
358635000.0,-0.998845241549018,-0.04723811708811225,-0.00041383831027244964,0.008750569507571396,-41.14957102957301
358757500.0,-0.9988469065592122,-0.047206277377085486,-0.00041269863428616116,0.008732371563745497,-41.167666364813456
358880000.0,-0.9988485664153581,-0.04717450714250378,-0.0004115635472088729,0.00871423325900557,-41.18573993938717
359002500.0,-0.9988502211433853,-0.04714280609648213,-0.00041043302393018095,0.008696154316274388,-41.20379181596252
359125000.0,-0.9988518707690466,-0.04711117395284153,-0.00040930703951546493,0.008678134460164584,-41.2218220569259
359247500.0,-0.998853515317918,-0.047079610427095964,-0.0004081855692043829,0.008660173416965816,-41.23983072438347
359370000.0,-0.9988551548154021,-0.047048115236439786,-0.00040706858840938476,0.008642270914632107,-41.25781788016276
359492500.0,-0.9988567892867288,-0.04701668809973506,-0.0004059560727142372,0.008624426682769214,-41.27578358581446
359615000.0,-0.9988584187569562,-0.046985328737499076,-0.0004048479978725668,0.008606640452622195,-41.29372790261402
359737500.0,-0.9988600432509726,-0.046954036871891876,-0.0004037443398064138,0.008588911957063015,-41.3116508915633
359860000.0,-0.9988616627934978,-0.046922812226704184,-0.000402645074604807,0.008571240930578356,-41.32955261339226
359982500.0,-0.9988632774090845,-0.04689165452734503,-0.00040155017852234467,0.008553627109257427,-41.34743312856053
360105000.0,-0.9988648871221204,-0.04686056350082977,-0.0004004596279777954,0.00853607023077996,-41.36529249725908
360227500.0,-0.9988664919568278,-0.0468295388757682,-0.0003993733995527121,0.008518570034404297,-41.38313077941178
360350000.0,-0.9988680919372671,-0.04679858038235261,-0.00039829146999005707,0.008501126260955564,-41.40094803467704
360472500.0,-0.9988696870873366,-0.04676768775234609,-0.0003972138161928446,0.008483738652813981,-41.41874432244937
360595000.0,-0.998871277430775,-0.04673686071907098,-0.0003961404152227943,0.008466406953903249,-41.43651970186093
360717500.0,-0.9988728629911617,-0.04670609901739722,-0.0003950712442989993,0.00844913090967907,-41.45427423178312
360840000.0,-0.9988744437919184,-0.046675402383730955,-0.00039400628079660566,0.00843191026711772,-41.472007970828074
360962500.0,-0.9988760198563115,-0.046644770556003294,-0.00039294550224550816,0.008414744774704788,-41.489720977350295
361085000.0,-0.9988775912074516,-0.04661420327365901,-0.0003918888863290562,0.008397634182423975,-41.507413309448076
361207500.0,-0.998879157868296,-0.0465837002776454,-0.00039083641088277234,0.008380578241745975,-41.52508502496505
361330000.0,-0.99888071986165,-0.04655326131040134,-0.00038978805389308695,0.008363576705617526,-41.542736181491726
361452500.0,-0.9988822772101668,-0.046522886115846276,-0.0003887437934960801,0.00834662932845046,-41.56036683636692
361575000.0,-0.998883829936351,-0.046492574439369494,-0.00038770360797624133,0.008329735866110957,-41.57797704667925
361697500.0,-0.9988853780625578,-0.04646232602781926,-0.0003866674757652366,0.008312896075908785,-41.59556686926865
361820000.0,-0.9988869216109953,-0.04643214062949225,-0.00038563537544069015,0.008296109716586715,-41.61313636072779
361942500.0,-0.9988884606037253,-0.04640201799412302,-0.00038460728572497864,0.008279376548310007,-41.6306855774035
362065000.0,-0.9988899950626646,-0.04637195787287355,-0.0003835831854840359,0.008262696332655979,-41.648214575398235
362187500.0,-0.9988915250095867,-0.04634196001832278,-0.000382563053726168,0.008246068832603658,-41.665723410571516
362310000.0,-0.9988930504661218,-0.04631202418445651,-0.00038154686960088373,0.00822949381252356,-41.68321213854132
362432500.0,-0.9988945714537589,-0.04628215012665704,-0.00038053461239773216,0.008212971038167507,-41.70068081468549
362555000.0,-0.9988960879938465,-0.04625233760169317,-0.00037952626154515444,0.008196500276658582,-41.71812949414313
362677500.0,-0.9988976001075944,-0.04622258636771019,-0.0003785217966093456,0.00818008129648114,-41.735558231815986
362800000.0,-0.9988991078160745,-0.046192896184220025,-0.0003775211972931293,0.008163713867470952,-41.752967082369835
362922500.0,-0.9989006111402208,-0.04616326681209119,-0.0003765244434348373,0.008147397760805322,-41.77035610023584
363045000.0,-0.9989021101008321,-0.04613369801353922,-0.0003755315150072076,0.00813113274899343,-41.7877253396119
363167500.0,-0.998903604718573,-0.04610418955211707,-0.00037454239211629083,0.008114918605866705,-41.80507485446401
363290000.0,-0.9989050950139736,-0.046074741192705285,-0.0003735570550003623,0.008098755106569218,-41.82240469852757
363412500.0,-0.9989065810074322,-0.04604535270150274,-0.0003725754840288507,0.00808264202754825,-41.83971492530873
363535000.0,-0.9989080627192145,-0.04601602384601708,-0.00037159765970127477,0.008066579146544902,-41.857005588085734
363657500.0,-0.9989095401694577,-0.04598675439505547,-0.00037062356264618875,0.008050566242584776,-41.87427673991013
363780000.0,-0.9989110133781676,-0.04595754411871527,-0.0003696531736201406,0.008034603095968755,-41.891528433608194
363902500.0,-0.998912482365223,-0.045928392788374954,-0.0003686864735066375,0.008018689488263847,-41.90876072178213
364025000.0,-0.9989139471503747,-0.04589930017668489,-0.0003677234433151243,0.008002825202294143,-41.92597365681137
364147500.0,-0.9989154077532475,-0.0458702660575584,-0.00036676406417996684,0.007987010022131773,-41.94316729085387
364270000.0,-0.9989168641933407,-0.045841290206162844,-0.0003658083173594522,0.007971243733088055,-41.96034167584733
364392500.0,-0.9989183164900297,-0.045812372398910665,-0.0003648561842347901,0.0079555261217046,-41.97749686351047
364515000.0,-0.9989197646625665,-0.04578351241345067,-0.00036390764630913063,0.007939856975744588,-41.99463290534428
364637500.0,-0.9989212087300803,-0.045754710028659294,-0.0003629626852065881,0.007924236084184069,-42.011749852633216
364760000.0,-0.9989226487115795,-0.04572596502463195,-0.0003620212826712738,0.007908663237203337,-42.028847756446474
364882500.0,-0.9989240846259516,-0.04569727718267445,-0.00036108342056633886,0.007893138226178398,-42.04592666763918
365005000.0,-0.9989255164919655,-0.04566864628529458,-0.0003601490808730272,0.007877660843672515,-42.062986636853566
365127500.0,-0.9989269443282709,-0.04564007211619359,-0.00035921824568973436,0.007862230883427782,-42.08002771452026
365250000.0,-0.9989283681533998,-0.04561155446025785,-0.00035829089723107805,0.007846848140356823,-42.09704995085939
365372500.0,-0.9989297879857678,-0.04558309310355064,-0.0003573670178269764,0.007831512410534529,-42.11405339588178
365495000.0,-0.9989312038436756,-0.045554687833303846,-0.0003564465899217339,0.007816223491189864,-42.131038099390196
365617500.0,-0.9989326157453072,-0.045526338437909875,-0.00035552959607313745,0.007800981180697754,-42.14800411098039
365740000.0,-0.9989340237087349,-0.045498044706913626,-0.0003546160189515614,0.007785785278571063,-42.164951480042355
365862500.0,-0.9989354277519158,-0.0454698064310043,-0.0003537058413390769,0.007770635585452567,-42.18188025576147
365985000.0,-0.9989368278926964,-0.04544162340200769,-0.0003527990461285746,0.007755531903107069,-42.19879048711958
366107500.0,-0.998938224148812,-0.04541349541287818,-0.000351895616322893,0.007740474034413551,-42.21568222289618
366230000.0,-0.9989396165378863,-0.04538542225769089,-0.0003509955350339539,0.007725461783357375,-42.23255551166952
366352500.0,-0.9989410050774344,-0.045357403731634056,-0.00035009878548190914,0.007710494955022595,-42.24941040181775
366475000.0,-0.9989423897848618,-0.04532943963100128,-0.0003492053509942923,0.007695573355584284,-42.26624694151997
366597500.0,-0.9989437706774676,-0.045301529753184,-0.00034831521500517895,0.007680696792300948,-42.28306517875738
366720000.0,-0.9989451477724428,-0.04527367389666373,-0.00034742836105435476,0.007665865073507,-42.299865161314415
366842500.0,-0.9989465210868719,-0.045245871861004774,-0.00034654477278649236,0.0076510780086053,-42.31664693677974
366965000.0,-0.9989478906377349,-0.045218123446846746,-0.000345664433950334,0.0076363354080597546,-42.33341055254738
367087500.0,-0.9989492564419072,-0.04519042845589724,-0.00034478732839788456,0.007621637083387994,-42.35015605581776
367210000.0,-0.9989506185161601,-0.0451627866909244,-0.00034391344008360676,0.007606982847154055,-42.36688349359885
367332500.0,-0.9989519768771616,-0.04513519795574976,-0.0003430427530636295,0.007592372512961193,-42.38359291270712
367455000.0,-0.9989533315414781,-0.04510766205524109,-0.0003421752514949603,0.007577805895444714,-42.400284359768676
367577500.0,-0.9989546825255745,-0.045080178795305195,-0.00034131091963470535,0.007563282810264876,-42.41695788122022
367700000.0,-0.998956029845815,-0.04505274798288092,-0.0003404497418392973,0.007548803074099845,-42.43361352331017
367822500.0,-0.9989573735184638,-0.04502536942593208,-0.0003395917025637296,0.007534366504638714,-42.450251332099626
367945000.0,-0.9989587135596865,-0.04499804293344058,-0.0003387367863607984,0.00751997292057458,-42.46687135346341
368067500.0,-0.9989600499855499,-0.044970768315399416,-0.00033788497788034966,0.007505622141597662,-42.48347363309111
368190000.0,-0.9989613828120232,-0.04494354538280591,-0.0003370362618685358,0.007491313988388507,-42.50005821648805
368312500.0,-0.9989627120549792,-0.04491637394765495,-0.00033619062316707663,0.0074770482826112105,-42.51662514897629
368435000.0,-0.9989640377301937,-0.044889253822932136,-0.0003353480467125282,0.007462824846906729,-42.533174475695674
368557500.0,-0.998965359853349,-0.044862184822607336,-0.00033450851753555924,0.007448643504886241,-42.54970624160471
368680000.0,-0.9989666784400305,-0.0448351667616278,-0.00033367202076023064,0.007434504081124525,-42.566220491481694
368802500.0,-0.9989679935057308,-0.04480819945591175,-0.0003328385416032855,0.007420406401153444,-42.582717269925546
368925000.0,-0.9989693050658497,-0.04478128272234195,-0.00033200806537344424,0.007406350291455464,-42.59919662135687
369047500.0,-0.998970613135693,-0.0447544163787589,-0.00033118057747070183,0.007392335579457165,-42.6156585900189
369170000.0,-0.9989719177304761,-0.044727600243954856,-0.00033035606338564034,0.007378362093522939,-42.632103219978404
369292500.0,-0.9989732188653223,-0.04470083413766726,-0.0003295345086987399,0.007364429662948614,-42.64853055512668
369415000.0,-0.9989745165552657,-0.044674117880572434,-0.00032871589907969805,0.007350538117955181,-42.6649406391805
369537500.0,-0.9989758108152488,-0.0446474512942793,-0.0003279002202867552,0.007336687289682556,-42.681333515682994
369660000.0,-0.9989771016601262,-0.044620834201323324,-0.00032708745816602855,0.007322877010183427,-42.69770922800464
369782500.0,-0.9989783891046641,-0.044594266425160185,-0.000326277598650847,0.007309107112417096,-42.714067819344166
369905000.0,-0.9989796731635403,-0.044567747790159776,-0.00032547062776109643,0.007295377430243414,-42.73040933272946
370027500.0,-0.9989809538513453,-0.04454127812160013,-0.00032466653160257016,0.0072816877984167696,-42.74673381101845
370150000.0,-0.9989822311825842,-0.04451485724566143,-0.00032386529636632157,0.007268038052580068,-42.76304129690008
370272500.0,-0.9989835051716756,-0.04448848498942,-0.0003230669083280268,0.007254428029258818,-42.77933183289515
370395000.0,-0.9989847758329524,-0.04446216118084241,-0.000322271353847351,0.007240857565855244,-42.795605461357255
370517500.0,-0.9989860431806638,-0.04443588564877965,-0.00032147861936732104,0.007227326500642451,-42.81186222447357
370640000.0,-0.9989873072289741,-0.04440965822296123,-0.00032068869141370143,0.0072138346727586055,-42.828102164265914
370762500.0,-0.9989885679919657,-0.044383478733989574,-0.00031990155659438103,0.007200381922201235,-42.84432532259142
370885000.0,-0.9989898254836362,-0.04435734701333404,-0.00031911720159875776,0.007186968089821469,-42.86053174114356
371007500.0,-0.998991079717903,-0.04433126289332548,-0.0003183356131971356,0.0071735930173184295,-42.87672146145291
371130000.0,-0.9989923307086013,-0.04430522620715045,-0.0003175567782401227,0.007160256547233598,-42.89289452488806
371252500.0,-0.9989935784694849,-0.044279236788845745,-0.0003167806836580367,0.00714695852294525,-42.90905097265644
371375000.0,-0.9989948230142282,-0.04425329447329271,-0.0003160073164603137,0.0071336987886629335,-42.9251908458052
371497500.0,-0.9989960643564242,-0.04422739909621179,-0.0003152366637349242,0.00712047718942199,-42.94131418522201
371620000.0,-0.9989973025095892,-0.04420155049415717,-0.0003144687126477925,0.0071072935710781125,-42.95742103163592
371742500.0,-0.9989985374871592,-0.044175748504511225,-0.0003137034504422232,0.007094147780301972,-42.97351142561817
371865000.0,-0.998999769302492,-0.04414999296547919,-0.00031294086443832994,0.007081039664573839,-42.98958540758305
371987500.0,-0.9990009979688692,-0.04412428371608383,-0.00031218094203247114,0.0070679690721782845,-43.005643017788664
372110000.0,-0.9990022234994946,-0.04409862059616013,-0.00031142367069669026,0.0070549358521989226,-43.02168429633781
372232500.0,-0.9990034459074966,-0.044073003446350185,-0.0003106690379781615,0.007041939854513183,-43.037709283178714
372355000.0,-0.9990046652059262,-0.044047432108097646,-0.000309917031498637,0.0070289809297870995,-43.053718018105926
372477500.0,-0.9990058814077608,-0.04402190642364303,-0.0003091676389539055,0.007016058929470212,-43.069710540760994
372600000.0,-0.9990070945259026,-0.04399642623601816,-0.0003084208481132472,0.007003173705790413,-43.08568689063338
372722500.0,-0.999008304573179,-0.043970991389041265,-0.0003076766468189001,0.006990325111748908,-43.10164710706119
372845000.0,-0.9990095115623451,-0.04394560172731206,-0.0003069350229855295,0.006977513001115211,-43.11759122923193
372967500.0,-0.9990107155060817,-0.04392025709620644,-0.0003061959645996982,0.006964737228422108,-43.13351929618334
373090000.0,-0.9990119164169975,-0.04389495734187175,-0.00030545945971934636,0.00695199764896075,-43.149431346804114
373212500.0,-0.9990131143076302,-0.04386970231122177,-0.00030472549647327264,0.006939294118775722,-43.16532741983473
373335000.0,-0.9990143091904433,-0.04384449185193172,-0.00030399406306062153,0.006926626494660186,-43.18120755386815
373457500.0,-0.9990155010778327,-0.04381932581243367,-0.00030326514775037405,0.006913994634151047,-43.19707178735058
373580000.0,-0.9990166899821211,-0.04379420404191141,-0.0003025387388808422,0.006901398395524141,-43.2129201585823
373702500.0,-0.9990178759155623,-0.04376912639029588,-0.0003018148248591702,0.006888837637789495,-43.22875270571831
373825000.0,-0.9990190588903413,-0.04374409270826035,-0.00030109339416083684,0.0068763122206865895,-43.24456946676912
373947500.0,-0.9990202389185723,-0.04371910284721569,-0.0003003744353291646,0.006863822004679683,-43.26037047960155
374070000.0,-0.9990214160123027,-0.04369415665930573,-0.0002996579369748315,0.006851366850953158,-43.27615578193929
374192500.0,-0.9990225901835114,-0.043669253997402666,-0.00029894388777538784,0.006838946621406904,-43.291925411363856
374315000.0,-0.9990237614441088,-0.043644394715102335,-0.0002982322764747772,0.006826561178651752,-43.30767940531509
374437500.0,-0.9990249298059395,-0.043619578666719734,-0.00029752309188285907,0.006814210386004899,-43.32341780109209
374560000.0,-0.9990260952807817,-0.043594805707284585,-0.000296816322874941,0.00680189410748545,-43.33914063585372
374682500.0,-0.9990272578803456,-0.04357007569253654,-0.0002961119583913072,0.00678961220780988,-43.35484794661951
374805000.0,-0.9990284176162774,-0.043545388478921046,-0.00029540998743675845,0.006777364552387652,-43.37053977027019
374927500.0,-0.9990295745001581,-0.04352074392358474,-0.0002947103990801505,0.00676515100731677,-43.386216143548566
375050000.0,-0.9990307285435027,-0.043496141884371044,-0.0002940131824539393,0.0067529714393794234,-43.40187710306005
375172500.0,-0.9990318797577639,-0.04347158221981594,-0.0002933183267537293,0.006740825716037647,-43.417522685273475
375295000.0,-0.9990330281543285,-0.04344706478914342,-0.0002926258212378249,0.0067287137054290085,-43.43315292652171
375417500.0,-0.9990341737445212,-0.04342258945226144,-0.000291935655226787,0.006716635276362342,-43.448767863002345
375540000.0,-0.9990353165396031,-0.04339815606975744,-0.00029124781810299123,0.006704590298313493,-43.46436753077847
375662500.0,-0.9990364565507739,-0.04337376450289428,-0.000290562299310192,0.006692578641421114,-43.4799519657792
375785000.0,-0.9990375937891697,-0.0433494146136059,-0.0002898790883530896,0.006680600176482502,-43.49552120380047
375907500.0,-0.9990387282658659,-0.04332510626449323,-0.0002891981747968994,0.0066686547749494245,-43.51107528050563
376030000.0,-0.9990398599918768,-0.043300839318820075,-0.0002885195482669272,0.006656742308924025,-43.52661423142613
376152500.0,-0.9990409889781553,-0.043276613640508894,-0.0002878431984481456,0.006644862651154728,-43.54213809196218
376275000.0,-0.9990421152355943,-0.04325242909413685,-0.00028716911508477525,0.006633015675032181,-43.55764689738342
376397500.0,-0.9990432387750273,-0.043228285544931744,-0.00028649728797987056,0.006621201254585252,-43.573140682829525
376520000.0,-0.999044359607227,-0.04320418285876789,-0.00028582770699490625,0.006609419264477018,-43.58861948331089
376642500.0,-0.9990454777429082,-0.043180120902162264,-0.0002851603620493692,0.0065976695800008004,-43.604083333709276
376765000.0,-0.9990465931927263,-0.04315609954227049,-0.0002844952431203533,0.006585952077076241,-43.619532268778414
376887500.0,-0.9990477059672787,-0.04313211864688291,-0.0002838323402421578,0.006574266632245397,-43.63496632314467
377010000.0,-0.9990488160771044,-0.043108178084420676,-0.0002831716435058881,0.006562613122668862,-43.65038553130765
377132500.0,-0.9990499235326861,-0.043084277723931905,-0.0002825131430590604,0.0065509914261219085,-43.665789927640844
377255000.0,-0.9990510283444479,-0.043060417435087865,-0.0002818568291052109,0.006539401420990698,-43.68117954639226
377377500.0,-0.9990521305227582,-0.04303659708817912,-0.0002812026919035057,0.00652784298626847,-43.69655442168501
377500000.0,-0.9990532300779288,-0.04301281655411174,-0.00028055072176835533,0.006516316001551782,-43.711914587517946
377622500.0,-0.999054327020215,-0.04298907570440357,-0.00027990090906903297,0.006504820347036787,-43.727260077766246
377745000.0,-0.9990554213598175,-0.04296537441118052,-0.000279253244229294,0.006493355903515512,-43.742590926182096
377867500.0,-0.9990565131068817,-0.04294171254717286,-0.00027860771772700093,0.006481922552372198,-43.75790716639517
377990000.0,-0.9990576022714969,-0.042918089985711436,-0.0002779643200937494,0.0064705201755796355,-43.77320883191335
378112500.0,-0.9990586888636994,-0.042894506600724254,-0.0002773230419144986,0.006459148655695545,-43.788495956123256
378235000.0,-0.9990597728934711,-0.042870962266732635,-0.0002766838738272036,0.00644780787585898,-43.803768572290835
378357500.0,-0.9990608543707399,-0.04284745685884775,-0.00027604680652245164,0.006436497719786755,-43.819026713561975
378480000.0,-0.9990619333053804,-0.042823990252767015,-0.00027541183074310087,0.006425218071769898,-43.83427041296311
378602500.0,-0.9990630097072143,-0.0428005623247705,-0.0002747789372839212,0.0064139688166701255,-43.84949970340175
378725000.0,-0.9990640835860108,-0.042777172951717575,-0.00027414811699124145,0.006402749839916383,-43.864714617667076
378847500.0,-0.9990651549514872,-0.04275382201104328,-0.00027351936076259445,0.0063915610275013385,-43.87991518843052
378970000.0,-0.9990662238133073,-0.04273050938075479,-0.0002728926595463671,0.006380402265977941,-43.89510144824639
379092500.0,-0.9990672901810856,-0.04270723493942824,-0.00027226800434145644,0.00636927344245604,-43.91027342955232
379215000.0,-0.9990683540643838,-0.042683998566205056,-0.0002716453861969225,0.006358174444598952,-43.925431164669924
379337500.0,-0.9990694154727124,-0.04266080014078869,-0.00027102479621164975,0.006347105160620132,-43.94057468580533
379460000.0,-0.9990704744155336,-0.04263763954344129,-0.0002704062255340063,0.006336065479279794,-43.95570402504974
379582500.0,-0.9990715309022568,-0.04261451665498018,-0.000269789665361509,0.006325055289881609,-43.970819214380015
379705000.0,-0.9990725849422429,-0.04259143135677478,-0.0002691751069404913,0.006314074482269421,-43.985920285659134
379827500.0,-0.9990736365448033,-0.042568383530743194,-0.0002685625415657719,0.006303122946823962,-44.00100727063684
379950000.0,-0.9990746857192001,-0.042545373059348884,-0.0002679519605803265,0.006292200574459603,-44.01608020095014
380072500.0,-0.9990757324746461,-0.04252239982559755,-0.00026734335537496396,0.006281307256621148,-44.03113910812385
380195000.0,-0.9990767768203056,-0.04249946371303382,-0.0002667367173880028,0.006270442885280615,-44.04618402357112
380317500.0,-0.9990778187652952,-0.04247656460573812,-0.0002661320381049515,0.00625960735293407,-44.061214978593995
380440000.0,-0.9990788583186831,-0.04245370238832343,-0.00026552930905819123,0.00624880055259847,-44.07623200438393
380562500.0,-0.9990798954894907,-0.0424308769459322,-0.0002649285218266603,0.006238022377808528,-44.09123513202233
380685000.0,-0.9990809302866908,-0.04240808816423313,-0.00026432966803554257,0.006227272722613609,-44.10622439248104
380807500.0,-0.9990819627192103,-0.04238533592941821,-0.0002637327393559576,0.006216551481574651,-44.1211998166229
380930000.0,-0.9990829927959292,-0.042362620128199475,-0.00026313772750465205,0.006205858549761078,-44.13616143520227
381052500.0,-0.9990840205256808,-0.042339940647806024,-0.0002625446242436958,0.006195193822747786,-44.15110927886551
381175000.0,-0.999085045917253,-0.042317297375981,-0.0002619534213801786,0.006184557196612092,-44.16604337815153
381297500.0,-0.9990860689793873,-0.04229469020097848,-0.0002613641107659099,0.0061739485679307565,-44.18096376349229
381420000.0,-0.9990870897207804,-0.0422721190115606,-0.0002607766842971218,0.006163367833777009,-44.19587046521325
381542500.0,-0.9990881081500831,-0.042249583696994435,-0.0002601911339141721,0.006152814891717569,-44.210763513533976
381665000.0,-0.9990891242759024,-0.042227084147049274,-0.0002596074516012535,0.0061422896398097455,-44.22564293856852
381787500.0,-0.9990901381067996,-0.04220462025199335,-0.00025902562938609903,0.006131791976598477,-44.240508770326066
381910000.0,-0.9990911496512923,-0.0421821919025912,-0.0002584456593396966,0.006121321801113473,-44.25536103871128
382032500.0,-0.9990921589178546,-0.04215979899010072,-0.0002578675335760017,0.006110879012866337,-44.27019977352487
382155000.0,-0.9990931659149158,-0.04213744140627016,-0.0002572912442516523,0.006100463511847692,-44.285025004464096
382277500.0,-0.9990941706508626,-0.04211511904333544,-0.0002567167835656887,0.006090075198524375,-44.29983676112318
382400000.0,-0.9990951731340384,-0.04209283179401721,-0.00025614414375927237,0.006079713973836607,-44.31463507299387
382522500.0,-0.999096173372744,-0.042070579551518085,-0.000255573317115409,0.006069379739195206,-44.329419969465874
382645000.0,-0.9990971713752371,-0.04204836220951982,-0.00025500429595867334,0.006059072396478812,-44.34419147982734
382767500.0,-0.9990981671497337,-0.04202617966218058,-0.00025443707265493577,0.006048791848031139,-44.358949633265354
382890000.0,-0.9990991607044072,-0.04200403180413212,-0.0002538716396110905,0.006038537996658224,-44.37369445886638
383012500.0,-0.9991001520473898,-0.04198191853047717,-0.000253307989274789,0.006028310745625749,-44.38842598561675
383135000.0,-0.9991011411867715,-0.041959839736786526,-0.00025274611413416965,0.006018109998656299,-44.40314424240312
383257500.0,-0.9991021281306017,-0.041937795319096555,-0.00025218600671759534,0.006007935659926712,-44.41784925801294
383380000.0,-0.9991031128868894,-0.04191578517390642,-0.0002516276595933903,0.005997787634065424,-44.432541061134934
383502500.0,-0.9991040954636015,-0.04189380919817542,-0.0002510710653695788,0.005987665826149817,-44.44721968035949
383625000.0,-0.9991050758686654,-0.04187186728932032,-0.00025051621669362637,0.005977570141703596,-44.4618851441792
383747500.0,-0.9991060541099682,-0.04184995934521282,-0.0002499631062521838,0.005967500486694201,-44.47653748098925
383870000.0,-0.9991070301953572,-0.041828085264176924,-0.0002494117267708319,0.005957456767530216,-44.4911767190879
383992500.0,-0.9991080041326397,-0.04180624494498624,-0.00024886207101382815,0.0059474388910587895,-44.505802886676946
384115000.0,-0.9991089759295836,-0.04178443828686159,-0.00024831413178385723,0.005937446764563109,-44.52041601186211
384237500.0,-0.9991099455939181,-0.04176266518946833,-0.0002477679019217803,0.005927480295759846,-44.53501612265355
384360000.0,-0.9991109131333339,-0.04174092555291388,-0.0002472233743063895,0.005917539392796665,-44.54960324696622
384482500.0,-0.9991118785554812,-0.04171921927774515,-0.00024668054185416184,0.005907623964249709,-44.5641774126204
384605000.0,-0.999112841867974,-0.04169754626494615,-0.00024613939751901655,0.005897733919121132,-44.578738647342064
384727500.0,-0.9991138030783865,-0.04167590641593533,-0.0002455999342920727,0.005887869166836631,-44.59328697876333
384850000.0,-0.999114762194256,-0.04165429963256337,-0.00024506214520141127,0.0058780296172430135,-44.60782243442288
384972500.0,-0.9991157192230814,-0.04163272581711042,-0.0002445260233118349,0.00586821518060574,-44.62234504176642
385095000.0,-0.9991166741723247,-0.041611184872284,-0.00024399156172463476,0.005858425767606553,-44.63685482814708
385217500.0,-0.9991176270494111,-0.04158967670121637,-0.00024345875357735508,0.005848661289341068,-44.65135182082582
385340000.0,-0.9991185778617275,-0.04156820120746214,-0.00024292759204355946,0.0058389216573163675,-44.66583604697189
385462500.0,-0.9991195266166246,-0.04154675829499594,-0.00024239807033260222,0.005829206783448674,-44.68030753366322
385585000.0,-0.9991204733214178,-0.04152534786821019,-0.00024187018168939943,0.005819516580061005,-44.69476630788682
385707500.0,-0.999121417983384,-0.04150396983191238,-0.00024134391939419935,0.005809850959880802,-44.709212396539264
385830000.0,-0.9991223606097663,-0.041482624091323236,-0.0002408192767623613,0.005800209836037689,-44.72364582642701
385952500.0,-0.9991233012077704,-0.041461310552073964,-0.00024029624714412743,0.005790593122061101,-44.73806662426685
386075000.0,-0.9991242397845668,-0.04144002912020414,-0.000239774823924403,0.005781000731878041,-44.75247481668632
386197500.0,-0.999125176347291,-0.04141877970215953,-0.00023925500052253664,0.005771432579810821,-44.766870430224124
386320000.0,-0.9991261109030432,-0.04139756220478957,-0.0002387367703920994,0.005761888580574777,-44.78125349133046
386442500.0,-0.9991270434588884,-0.04137637653534531,-0.00023822012702066938,0.005752368649276067,-44.79562402636753
386565000.0,-0.9991279740218569,-0.0413552226014771,-0.0002377050639296163,0.00574287270140944,-44.8099820616098
386687500.0,-0.9991289025989447,-0.0413341003112324,-0.00023719157467388683,0.005733400652856023,-44.82432762324453
386810000.0,-0.9991298291971138,-0.041313009573053505,-0.00023667965284179213,0.005723952419881132,-44.838660737372074
386932500.0,-0.9991307538232912,-0.041291950295775426,-0.00023616929205479877,0.005714527919132112,-44.8529814300063
387055000.0,-0.9991316764843711,-0.04127092238862368,-0.00023566048596731845,0.005705127067636167,-44.867289727075
387177500.0,-0.9991325971872131,-0.04124992576121209,-0.0002351532282664993,0.005695749782798186,-44.881585654420235
387300000.0,-0.9991335159386435,-0.04122896032354068,-0.00023464751267202313,0.00568639598239867,-44.89586923779875
387422500.0,-0.999134432745457,-0.0412080259859936,-0.00023414333293589822,0.005677065584591569,-44.91014050288233
387545000.0,-0.9991353476144124,-0.04118712265933685,-0.0002336406828422575,0.0056677585079021936,-44.9243994752582
387667500.0,-0.9991362605522371,-0.04116625025471625,-0.0002331395562071568,0.005658474671225125,-44.93864618042938
387790000.0,-0.9991371715656276,-0.041145408683655474,-0.00023263994687837546,0.00564921399382215,-44.95288064381511
387912500.0,-0.9991380806612447,-0.04112459785805371,-0.0002321418487352167,0.005639976395320171,-44.96710289075112
388035000.0,-0.999138987845719,-0.041103817690183835,-0.00023164525568831248,0.005630761795709205,-44.98131294649014
388157500.0,-0.9991398931256483,-0.04108306809269018,-0.00023115016167942588,0.005621570115340304,-44.99551083620216
388280000.0,-0.9991407965075999,-0.04106234897858669,-0.0002306565606812588,0.0056124012749235695,-45.00969658497482
388402500.0,-0.9991416979981073,-0.0410416602612547,-0.00023016444669725843,0.005603255195526129,-45.0238702178138
388525000.0,-0.9991425976036741,-0.04102100185444103,-0.00022967381376142582,0.0055941317985701445,-45.03803175964319
388647500.0,-0.9991434953307723,-0.041000373672256,-0.00022918465593812647,0.005585031005830837,-45.052181235305795
388770000.0,-0.9991443911858423,-0.040979775629171405,-0.00022869696732190242,0.00557595273943453,-45.06631866956354
388892500.0,-0.9991452851752946,-0.04095920764001853,-0.00022821074203728365,0.005566896921856671,-45.080444087097824
389015000.0,-0.999146177305508,-0.04093866961998625,-0.0002277259742386041,0.005557863475919916,-45.09455751250986
389137500.0,-0.9991470675828312,-0.04091816148461904,-0.00022724265810981624,0.005548852324792194,-45.10865897032102
389260000.0,-0.9991479560135831,-0.04089768314981505,-0.00022676078786430814,0.00553986339198478,-45.12274848497323
389382500.0,-0.999148842604051,-0.040877234531824194,-0.0002262803577447229,0.00553089660135042,-45.13682608082924
389505000.0,-0.9991497273604947,-0.04085681554724632,-0.00022580136202277745,0.005521951877081426,-45.15089178217305
389627500.0,-0.9991506102891412,-0.04083642611302906,-0.00022532379499908255,0.005513029143707781,-45.164945613210236
389750000.0,-0.9991514913961904,-0.04081606614646631,-0.0002248476510029678,0.005504128326095319,-45.178987598068225
389872500.0,-0.999152370687811,-0.04079573556519605,-0.00022437292439230267,0.005495249349443831,-45.19301776079676
389995000.0,-0.999153248170144,-0.04077543428719867,-0.00022389960955332224,0.005486392139285247,-45.20703612536813
390117500.0,-0.9991541238493,-0.040755162230795054,-0.00022342770090045413,0.005477556621481808,-45.22104271567753
390240000.0,-0.999154997731362,-0.0407349193146448,-0.00022295719287614507,0.005468742722224245,-45.23503755554345
390362500.0,-0.9991558698223827,-0.040714705457744284,-0.00022248807995068945,0.005459950368029975,-45.249020668707956
390485000.0,-0.9991567401283876,-0.040694520579424985,-0.00022202035662205943,0.005451179485741309,-45.26299207883706
390607500.0,-0.9991576086553731,-0.04067436459935159,-0.0002215540174157365,0.00544243000252368,-45.27695180952097
390730000.0,-0.999158475409308,-0.0406542374375203,-0.00022108905688454292,0.00543370184586386,-45.290899884274566
390852500.0,-0.9991593403961324,-0.040634139014256956,-0.0002206254696084764,0.005424994943568223,-45.30483632653754
390975000.0,-0.9991602036217588,-0.04061406925021536,-0.00022016325019454393,0.005416309223760983,-45.318761159674885
391097500.0,-0.999161065092072,-0.04059402806637543,-0.0002197023932765975,0.005407644614882458,-45.33267440697714
391220000.0,-0.9991619248129293,-0.0405740153840416,-0.00021924289351517268,0.00539900104568737,-45.346576091660694
391342500.0,-0.9991627827901607,-0.04055403112484095,-0.0002187847455973252,0.005390378445243109,-45.36046623686818
391465000.0,-0.9991636390295684,-0.04053407521072154,-0.00021832794423647117,0.005381776742928041,-45.3743448656687
391587500.0,-0.9991644935369284,-0.04051414756395081,-0.00021787248417222836,0.005373195868429831,-45.38821200105819
391710000.0,-0.9991653463179891,-0.040494248107113655,-0.0002174183601702563,0.005364635751743746,-45.402067665959784
391832500.0,-0.9991661973784728,-0.04047437676311098,-0.0002169655670221005,0.005356096323170997,-45.415911883224
391955000.0,-0.9991670467240745,-0.040454533455157836,-0.00021651409954503553,0.005347577513317077,-45.429744675629195
392077500.0,-0.9991678943604638,-0.04043471810678193,-0.0002160639525819112,0.005339079253090132,-45.44356606588173
392200000.0,-0.9991687402932826,-0.04041493064182177,-0.00021561512100099707,0.005330601473699295,-45.45737607661644
392322500.0,-0.9991695845281476,-0.04039517098442526,-0.00021516759969583192,0.0053221441066530996,-45.47117473039678
392445000.0,-0.9991704270706496,-0.040375439059047856,-0.00021472138358507017,0.005313707083757833,-45.484962049715236
392567500.0,-0.9991712679263536,-0.0403557347904511,-0.00021427646761233214,0.00530529033711595,-45.49873805699357
392690000.0,-0.9991721071007983,-0.04033605810370088,-0.0002138328467460547,0.005296893799124471,-45.51250277458316
392812500.0,-0.9991729445994977,-0.04031640892416598,-0.0002133905159793427,0.005288517402473408,-45.52625622476529
392935000.0,-0.9991737804279399,-0.040296787177516315,-0.0002129494703298212,0.005280161080144184,-45.539998429751435
393057500.0,-0.9991746145915877,-0.040277192789721535,-0.00021250970483949032,0.005271824765408081,-45.55372941168352
393180000.0,-0.9991754470958795,-0.04025762568704927,-0.00021207121457457763,0.005263508391824659,-45.56744919263434
393302500.0,-0.9991762779462281,-0.04023808579606374,-0.00021163399462539653,0.005255211893240249,-45.58115779460772
393425000.0,-0.9991771071480219,-0.04021857304362409,-0.0002111980401062012,0.0052469352037864,-45.59485523953887
393547500.0,-0.9991779347066245,-0.040199087356882914,-0.00021076334615504505,0.005238678257878358,-45.60854154929465
393670000.0,-0.9991787606273758,-0.04017962866328471,-0.00021032990793363947,0.005230440990213558,-45.62221674567387
393792500.0,-0.9991795849155892,-0.040160196890564284,-0.00020989772062721324,0.0052222233357701155,-45.635880850407595
393915000.0,-0.9991804075765565,-0.040140791966745394,-0.00020946677944437328,0.005214025229805329,-45.64953388515942
394037500.0,-0.9991812286155439,-0.04012141382013911,-0.00020903707961696655,0.005205846607854203,-45.663175871525716
394160000.0,-0.9991820480377942,-0.04010206237934238,-0.00020860861639994242,0.005197687405727964,-45.676806831035975
394282500.0,-0.9991828658485261,-0.04008273757323656,-0.00020818138507121712,0.005189547559512612,-45.690426785153036
394405000.0,-0.9991836820529347,-0.04006343933098591,-0.00020775538093153667,0.005181427005567433,-45.70403575527342
394527500.0,-0.999184496656192,-0.040044167582036154,-0.00020733059930434422,0.005173325680523589,-45.71763376272752
394650000.0,-0.9991853096634459,-0.04002492225611296,-0.00020690703553564492,0.005165243521282644,-45.73122082878
394772500.0,-0.9991861210798224,-0.04000570328322067,-0.0002064846849938748,0.005157180465015167,-45.74479697462996
394895000.0,-0.9991869309104222,-0.039986510593640584,-0.00020606354306976733,0.0051491364491592796,-45.75836222141127
395017500.0,-0.9991877391603251,-0.039967344117929855,-0.00020564360517622465,0.005141111411419281,-45.7719165901928
395140000.0,-0.999188545834587,-0.039948203786919774,-0.0002052248667481856,0.005133105289764208,-45.785460101978764
395262500.0,-0.9991893509382418,-0.03992908953171458,-0.00020480732324249833,0.005125118022426473,-45.79899277770891
395385000.0,-0.9991901544762999,-0.03991000128368995,-0.0002043909701377917,0.0051171495479004625,-45.812514638258804
395507500.0,-0.9991909564537493,-0.03989093897449157,-0.00020397580293434744,0.005109199804941161,-45.82602570444016
395630000.0,-0.9991917568755567,-0.039871902536033926,-0.00020356181715397477,0.005101268732562791,-45.83952599700102
395752500.0,-0.9991925557466659,-0.039852891900498746,-0.00020314900833988465,0.005093356270037453,-45.853015536626046
395875000.0,-0.9991933530719984,-0.039833907000333686,-0.00020273737205656474,0.00508546235689377,-45.86649434393684
395997500.0,-0.9991941488564544,-0.03981494776825106,-0.0002023269038896563,0.0050775869329155515,-45.879962439492104
396120000.0,-0.9991949431049113,-0.039796014137226346,-0.00020191759944583078,0.0050697299381404545,-45.89341984378798
396242500.0,-0.999195735822226,-0.03977710604049697,-0.0002015094543526681,0.005061891312858662,-45.90686657725827
396365000.0,-0.9991965270132329,-0.03975822341156091,-0.00020110246425853525,0.005054070997611567,-45.920302660274714
396487500.0,-0.9991973166827453,-0.039739366184175395,-0.00020069662483246636,0.005046268933190465,-45.933728113147225
396610000.0,-0.9991981048355554,-0.03972053429235554,-0.00020029193176404202,0.005038485060635241,-45.94714295612416
396732500.0,-0.9991988914764336,-0.03970172767037313,-0.00019988838076327232,0.005030719321233101,-45.96054720939256
396855000.0,-0.9991996766101294,-0.03968294625275524,-0.0001994859675604772,0.005022971656517266,-45.97394089307841
396977500.0,-0.9992004602413718,-0.039664189974282955,-0.0001990846879061702,0.005015242008265701,-45.987324027246885
397100000.0,-0.9992012423748685,-0.03964545876999015,-0.00019868453757094218,0.0050075303184998554,-46.000696631902606
397222500.0,-0.9992020230153065,-0.03962675257516213,-0.0001982855123453455,0.0049998365294833935,-46.01405872698989
397345000.0,-0.9992028021673519,-0.0396080713253344,-0.0001978876080397795,0.004992160583720947,-46.02741033239297
397467500.0,-0.999203579835651,-0.03958941495629138,-0.00019749082048437592,0.004984502423956858,-46.04075146793627
397590000.0,-0.9992043560248289,-0.03957078340406525,-0.00019709514552888682,0.004976861993173961,-46.054082153384655
397712500.0,-0.9992051307394912,-0.039552176604934555,-0.00019670057904257142,0.004969239234592344,-46.067402408443634
397835000.0,-0.9992059039842228,-0.039533594495423076,-0.0001963071169140843,0.004961634091668117,-46.08071225275963
397957500.0,-0.9992066757635886,-0.039515037012298505,-0.00019591475505136447,0.004954046508092205,-46.09401170592025
398080000.0,-0.9992074460821337,-0.039496504092571404,-0.00019552348938152659,0.004946476427789156,-46.10730078745442
398202500.0,-0.9992082149443832,-0.03947799567349375,-0.00019513331585074923,0.0049389237949159105,-46.12057951683276
398325000.0,-0.9992089823548426,-0.039459511692557944,-0.0001947442304241685,0.0049313885538606415,-46.13384791346772
398447500.0,-0.9992097483179981,-0.039441052087495446,-0.00019435622908576806,0.004923870649241538,-46.14710599671385
398570000.0,-0.9992105128383156,-0.03942261679627564,-0.0001939693078382734,0.004916370025905652,-46.160353785868054
398692500.0,-0.9992112759202426,-0.039404205757104724,-0.00019358346270304455,0.004908886628927714,-46.17359130016978
398815000.0,-0.9992120375682061,-0.03938581890842442,-0.00019319868971997108,0.004901420403608983,-46.18681855880128
398937500.0,-0.9992127977866151,-0.03936745618891085,-0.00019281498494736588,0.004893971295476072,-46.200035580887835
399060000.0,-0.9992135565798584,-0.039349117537473374,-0.00019243234446186176,0.004886539250279812,-46.21324238549799
399182500.0,-0.9992143139523076,-0.03933080289325346,-0.00019205076435830767,0.004879124213994112,-46.22643899164375
399305000.0,-0.9992150699083131,-0.039312512195623435,-0.00019167024074966439,0.004871726132814797,-46.239625418280895
399427500.0,-0.999215824452208,-0.03929424538418545,-0.0001912907697669045,0.0048643449531585205,-46.25280168430909
399550000.0,-0.9992165775883064,-0.039276002398770306,-0.00019091234755890934,0.004856980621661619,-46.265967808572185
399672500.0,-0.9992173293209041,-0.03925778317943633,-0.00019053497029236839,0.004849633085179002,-46.2791238098584
399795000.0,-0.9992180796542786,-0.03923958766646825,-0.00019015863415167874,0.004842302290783036,-46.29226970690058
399917500.0,-0.9992188285926877,-0.03922141580037598,-0.0001897833353388458,0.004834988185762454,-46.30540551837642
400040000.0,-0.9992195761403728,-0.039203267521893743,-0.00018940907007338452,0.00482769071762126,-46.318531262908635
400162500.0,-0.9992203223015557,-0.0391851427719787,-0.00018903583459222042,0.0048204098340776285,-46.33164695906525
400285000.0,-0.9992210670804406,-0.03916704149181006,-0.00018866362514959305,0.004813145483062845,-46.34475262535975
400407500.0,-0.9992218104812143,-0.039148963622787906,-0.00018829243801695824,0.004805897612720213,-46.35784828025134
400530000.0,-0.9992225525080449,-0.039130909106532066,-0.00018792226948289168,0.004798666171403988,-46.37093394214514
400652500.0,-0.9992232931650832,-0.03911287788488115,-0.00018755311585299394,0.004791451107678328,-46.38400962939243
400775000.0,-0.9992240324564623,-0.03909486989989141,-0.00018718497344979472,0.0047842523703162205,-46.39707536029082
400897500.0,-0.9992247703862976,-0.03907688509383561,-0.00018681783861265852,0.004777069908298444,-46.4101311530845
401020000.0,-0.9992255069586876,-0.03905892340920218,-0.0001864517076976916,0.004769903670812529,-46.42317702596443
401142500.0,-0.9992262421777118,-0.03904098478869388,-0.00018608657707764724,0.004762753607251702,-46.43621299706855
401265000.0,-0.9992269760474347,-0.039023069175227014,-0.0001857224431418349,0.0047556196672138805,-46.44923908448203
401387500.0,-0.9992277085719014,-0.03900517651193018,-0.00018535930229602693,0.00474850180050063,-46.46225530623742
401510000.0,-0.9992284397551415,-0.038987306742143464,-0.000184997150962368,0.004741399957116154,-46.47526168031489
401632500.0,-0.9992291696011673,-0.038969459809417156,-0.00018463598557928347,0.004734314087266274,-46.48825822464241
401755000.0,-0.999229898113973,-0.038951635657510954,-0.0001842758026013908,0.004727244141357443,-46.501244957096034
401877500.0,-0.9992306252975377,-0.038933834230392816,-0.00018391659849940805,0.004720190069995721,-46.514221895499965
402000000.0,-0.9992313511558225,-0.03891605547223802,-0.00018355836976006602,0.004713151823985792,-46.52718905762691
402122500.0,-0.9992320756927724,-0.03889829932742805,-0.0001832011128860196,0.00470612935432998,-46.5401464611982
402245000.0,-0.9992327989123155,-0.038880565740549794,-0.00018284482439575987,0.004699122612227258,-46.55309412388397
402367500.0,-0.9992335208183641,-0.03886285465639438,-0.0001824895008235269,0.004692131549072278,-46.566032063303425
402490000.0,-0.9992342414148133,-0.038845166019956245,-0.000182135138719223,0.004685156116454399,-46.57896029702499
402612500.0,-0.9992349607055427,-0.038827499776432225,-0.0001817817346483268,0.0046781962661567224,-46.59187884256654
402735000.0,-0.9992356786944149,-0.03880985587122046,-0.00018142928519180733,0.004671251950155131,-46.60478771739557
402857500.0,-0.9992363953852768,-0.03879223424991949,-0.00018107778694603866,0.004664323120617327,-46.61768693892944
402980000.0,-0.9992371107819591,-0.03877463485832729,-0.0001807272365227165,0.004657409729901902,-46.630576524535485
403102500.0,-0.999237824888277,-0.038757057642440376,-0.00018037763054877377,0.00465051173055739,-46.6434564915313
403225000.0,-0.9992385377080293,-0.038739502548452716,-0.00018002896566629673,0.004643629075321319,-46.65632685718489
403347500.0,-0.9992392492449995,-0.0387219695227549,-0.00017968123853244266,0.004636761717119287,-46.669187638714845
403470000.0,-0.9992399595029546,-0.038704458511933125,-0.0001793344458193575,0.0046299096090640385,-46.68203885329059
403592500.0,-0.999240668485647,-0.03868696946276833,-0.0001789885842140939,0.004623072704454542,-46.6948805180325
403715000.0,-0.9992413761968132,-0.038669502322235254,-0.00017864365041853026,0.004616250956775078,-46.70771265001217
403837500.0,-0.9992420826401736,-0.038652057037501415,-0.0001782996411492897,0.004609444319694321,-46.72053526625254
403960000.0,-0.999242787819434,-0.03863463355592635,-0.0001779565531376601,0.004602652747064448,-46.7333483837281
404082500.0,-0.999243491738285,-0.03861723182506059,-0.00017761438312951424,0.004595876192920228,-46.74615201936511
404205000.0,-0.9992441944004012,-0.03859985179264473,-0.00017727312788523025,0.0045891146114781295,-46.75894619004176
404327500.0,-0.9992448958094429,-0.038582493406608694,-0.00017693278417961434,0.0045823679571354485,-46.77173091258833
404450000.0,-0.9992455959690549,-0.03856515661507062,-0.00017659334880182052,0.004575636184469394,-46.78450620378743
404572500.0,-0.9992462948828673,-0.038547841366336155,-0.00017625481855527514,0.004568919248236248,-46.79727208037413
404695000.0,-0.9992469925544948,-0.0385305476088974,-0.00017591719025759767,0.004562217103370456,-46.810028559036176
404817500.0,-0.9992476889875378,-0.0385132752914322,-0.00017558046074052586,0.00455552970498379,-46.82277565641417
404940000.0,-0.9992483841855823,-0.03849602436280313,-0.00017524462684983817,0.004548857008364462,-46.83551338910175
405062500.0,-0.9992490781521982,-0.03847879477205667,-0.00017490968544527853,0.004542198968976277,-46.84824177364575
405185000.0,-0.9992497708909427,-0.0384615864684224,-0.00017457563340048178,0.004535555542457787,-46.86096082654639
405307500.0,-0.9992504624053572,-0.038444399401312015,-0.00017424246760289758,0.004528926684621424,-46.873670564257466
405430000.0,-0.9992511526989692,-0.0384272335203186,-0.00017391018495371743,0.004522312351452676,-46.88637100318652
405552500.0,-0.9992518417752912,-0.03841008877521566,-0.00017357878236780032,0.004515712499109242,-46.89906215969501
405675000.0,-0.9992525296378224,-0.038392965115956336,-0.00017324825677359884,0.004509127083920187,-46.91174405009853
405797500.0,-0.9992532162900476,-0.038375862492672615,-0.00017291860511308788,0.0045025560623851435,-46.92441669066685
405920000.0,-0.9992539017354366,-0.03835878085567435,-0.00017258982434169024,0.004495999391173448,-46.93708009762431
406042500.0,-0.999254585977446,-0.03834172015544858,-0.00017226191142820672,0.004489457027123365,-46.949734287149774
406165000.0,-0.9992552690195178,-0.03832468034265858,-0.00017193486335474286,0.004482928927241233,-46.96237927537693
406287500.0,-0.9992559508650809,-0.038307661368143134,-0.00017160867711663881,0.00447641504870068,-46.97501507839445
406410000.0,-0.9992566315175502,-0.03829066318291566,-0.00017128334972239887,0.004469915348841814,-46.98764171224613
406532500.0,-0.9992573109803257,-0.03827368573816337,-0.00017095887819362074,0.0044634297851704145,-47.00025919293105
406655000.0,-0.9992579892567949,-0.038256728985246576,-0.0001706352595649264,0.00445695831535715,-47.012867536403775
406777500.0,-0.9992586663503313,-0.03823979287569775,-0.00017031249088389242,0.004450500897236776,-47.025466758574524
406900000.0,-0.9992593422642952,-0.038222877361220854,-0.0001699905692109816,0.004444057488807354,-47.038056875309316
407022500.0,-0.9992600170020324,-0.03820598239369038,-0.00016966949161947368,0.004437628048229463,-47.05063790243016
407145000.0,-0.9992606905668766,-0.03818910792515074,-0.00016934925519539867,0.004431212533825437,-47.063209855715186
407267500.0,-0.9992613629621472,-0.03817225390781538,-0.00016902985703746832,0.004424810904078575,-47.07577275089885
407390000.0,-0.9992620341911506,-0.038155420294065955,-0.000168711294257009,0.004418423117632377,-47.08832660367206
407512500.0,-0.9992627042571799,-0.038138607036451715,-0.00016839356397789585,0.00441204913328979,-47.10087142968238
407635000.0,-0.9992633731635153,-0.03812181408768852,-0.00016807666333648545,0.004405688910012432,-47.11340724453417
407757500.0,-0.9992640409134241,-0.03810504140065827,-0.00016776058948155095,0.004399342406919855,-47.12593406378873
407880000.0,-0.9992647075101599,-0.03808828892840799,-0.00016744533957421551,0.00439300958328877,-47.13845190296453
408002500.0,-0.9992653729569638,-0.03807155662414915,-0.00016713091078788829,0.004386690398552324,-47.15096077753727
408125000.0,-0.9992660372570642,-0.038054844441256896,-0.00016681730030819903,0.00438038481229934,-47.163460702940114
408247500.0,-0.999266700413676,-0.038038152333269286,-0.00016650450533293448,0.004374092784273589,-47.17595169456382
408370000.0,-0.999267362430002,-0.03802148025388652,-0.00016619252307197385,0.004367814274373049,-47.18843376775695
408492500.0,-0.9992680233092325,-0.0380048281569703,-0.00016588135074722604,0.0043615492426491796,-47.20090693782591
408615000.0,-0.9992686830545441,-0.03798819599654294,-0.00016557098559256598,0.004355297649306191,-47.21337122003523
408737500.0,-0.9992693416691019,-0.03797158372678674,-0.00016526142485377232,0.004349059454700324,-47.225826629607674
408860000.0,-0.9992699991560585,-0.037954991302043224,-0.00016495266578846524,0.00434283461933914,-47.23827318172435
408982500.0,-0.9992706555185531,-0.03793841867681243,-0.00016464470566604437,0.004336623103880794,-47.250710891524946
409105000.0,-0.9992713107597133,-0.0379218658057521,-0.0001643375417676269,0.004330424869133328,-47.26313977410784
409227500.0,-0.9992719648826545,-0.03790533264367712,-0.00016403117138598722,0.004324239876053972,-47.27555984453025
409350000.0,-0.9992726178904796,-0.03788881914555868,-0.00016372559182549598,0.004318068085748442,-47.28797111780836
409472500.0,-0.9992732697862793,-0.037872325266523545,-0.00016342080040205855,0.0043119094594702215,-47.300373608917596
409595000.0,-0.9992739205731319,-0.0378558509618535,-0.00016311679444305733,0.004305763958619907,-47.31276733279258
409717500.0,-0.9992745702541043,-0.03783939618698451,-0.00016281357128729,0.004299631544744483,-47.32515230432746
409840000.0,-0.9992752188322508,-0.037822960897506,-0.0001625111282849107,0.00429351217953664,-47.33752853837596
409962500.0,-0.9992758663106146,-0.03780654504916036,-0.00016220946279737217,0.004287405824834114,-47.349896049751564
410085000.0,-0.9992765126922257,-0.03779014859784197,-0.00016190857219736598,0.004281312442618988,-47.36225485322766
410207500.0,-0.9992771579801035,-0.03777377149959673,-0.0001616084538687647,0.004275231995017017,-47.37460496353768
410330000.0,-0.9992778021772548,-0.03775741371062131,-0.00016130910520656468,0.004269164444296973,-47.38694639537521
410452500.0,-0.9992784452866755,-0.03774107518726245,-0.00016101052361682755,0.00426310975286996,-47.39927916339427
410575000.0,-0.9992790873113494,-0.03772475588601629,-0.00016071270651662388,0.004257067883288763,-47.41160328220928
410697500.0,-0.9992797282542485,-0.03770845576352772,-0.00016041565133397608,0.004251038798247181,-47.42391876639531
410820000.0,-0.9992803681183335,-0.0376921747765897,-0.00016011935550780182,0.004245022460579371,-47.43622563048825
410942500.0,-0.9992810069065539,-0.03767591288214257,-0.0001598238164878581,0.004239018833259197,-47.44852388898487
411065000.0,-0.9992816446218474,-0.037659670037273434,-0.00015952903173468573,0.004233027879399585,-47.46081355634302
411187500.0,-0.9992822812671402,-0.037643446199215495,-0.00015923499871955396,0.00422704956225188,-47.4730946469817
411310000.0,-0.9992829168453482,-0.037627241325347324,-0.00015894171492440395,0.004221083845205176,-47.485367175281354
411432500.0,-0.9992835513593749,-0.03761105537319234,-0.0001586491778417965,0.004215130691785725,-47.49763115558384
411555000.0,-0.9992841848121128,-0.03759488830041805,-0.00015835738497485563,0.004209190065656263,-47.50988660219265
411677500.0,-0.999284817206444,-0.03757874006483547,-0.0001580663338372154,0.004203261930615398,-47.52213352937308
411800000.0,-0.9992854485452389,-0.03756261062439846,-0.000157776021952966,0.004197346250596977,-47.534371951352306
411922500.0,-0.9992860788313569,-0.03754649993720308,-0.00015748644685660015,0.004191442989669464,-47.54660188231953
412045000.0,-0.9992867080676467,-0.037530407961487024,-0.00015719760609296036,0.0041855521120353146,-47.558823336426165
412167500.0,-0.999287336256946,-0.03751433465562886,-0.00015690949721718566,0.004179673582030365,-47.57103632778594
412290000.0,-0.9992879634020816,-0.037498279978147524,-0.0001566221177946593,0.00417380736412321,-47.583240870475024
412412500.0,-0.9992885895058692,-0.03748224388770162,-0.00015633546540095677,0.004167953422914598,-47.595436978532206
412535000.0,-0.9992892145711142,-0.037466226343088875,-0.00015604953762179394,0.004162111723136827,-47.60762466595896
412657500.0,-0.9992898386006112,-0.03745022730324548,-0.0001557643320529755,0.004156282229653137,-47.61980394671966
412780000.0,-0.9992904615971439,-0.03743424672724544,-0.00015547984630034326,0.0041504649074571,-47.631974834741655
412902500.0,-0.999291083563486,-0.037418284574300055,-0.0001551960779797261,0.0041446597216720435,-47.644137343915425
413025000.0,-0.9992917045023997,-0.037402340803757206,-0.0001549130247168887,0.004138866637550437,-47.65629148809472
413147500.0,-0.9992923244166374,-0.03738641537510083,-0.0001546306841474811,0.004133085620473304,-47.668437281096686
413270000.0,-0.9992929433089408,-0.037370508247950344,-0.00015434905391698998,0.004127316635949657,-47.680574736701956
413392500.0,-0.9992935611820418,-0.037354619382059945,-0.00015406813168068696,0.004121559649615876,-47.692703868654874
413515000.0,-0.9992941780386607,-0.0373387487373181,-0.00015378791510358084,0.0041158146272351585,-47.70482469066354
413637500.0,-0.9992947938815089,-0.03732289627374696,-0.00015350840186036785,0.004110081534696928,-47.716937216399984
413760000.0,-0.999295408713287,-0.03730706195150169,-0.00015322958963538265,0.004104360338016257,-47.729041459500266
413882500.0,-0.9992960225366849,-0.03729124573086996,-0.00015295147612254988,0.0040986510033333,-47.74113743356463
414005000.0,-0.9992966353543831,-0.03727544757227139,-0.0001526740590253365,0.004092953496912728,-47.75322515215763
414127500.0,-0.9992972471690513,-0.03725966743625689,-0.00015239733605670322,0.004087267785143157,-47.765304628808224
414250000.0,-0.99929785798335,-0.03724390528350809,-0.00015212130493905663,0.004081593834536588,-47.77737587700997
414372500.0,-0.9992984677999289,-0.03722816107483686,-0.00015184596340420242,0.0040759316117278425,-47.78943891022108
414495000.0,-0.9992990766214286,-0.037212434771184695,-0.00015157130919329808,0.004070281083474017,-47.80149374186456
414617500.0,-0.999299684450479,-0.037196726333622074,-0.00015129734005680585,0.004064642216653922,-47.81354038532838
414740000.0,-0.9993002912897008,-0.03718103572334802,-0.00015102405375444643,0.00405901497826753,-47.82557885396557
414862500.0,-0.999300897141704,-0.03716536290168947,-0.0001507514480551526,0.004053399335435438,-47.837609161094306
414985000.0,-0.9993015020090896,-0.0371497078301007,-0.0001504795207370228,0.004047795255398304,-47.84963131999813
415107500.0,-0.9993021058944489,-0.03713407047016285,-0.0001502082695872764,0.004042202705516331,-47.861645343925964
415230000.0,-0.9993027088003631,-0.03711845078358331,-0.00014993769240220688,0.004036621653268701,-47.87365124609231
415352500.0,-0.9993033107294044,-0.03710284873219522,-0.0001496677869871384,0.004031052066253071,-47.88564903967732
415475000.0,-0.9993039116841347,-0.037087264277956854,-0.000149398551156379,0.004025493912185008,-47.89763873782696
415597500.0,-0.9993045116671069,-0.037071697382951144,-0.00014912998273317694,0.004019947158897476,-47.909620353653104
415720000.0,-0.9993051106808641,-0.03705614800938512,-0.00014886207954967646,0.004014411774340314,-47.921593900233674
415842500.0,-0.9993057087279401,-0.037040616119589365,-0.0001485948394468727,0.00400888772657969,-47.93355939061274
415965000.0,-0.9993063058108594,-0.03702510167601748,-0.000148328260274569,0.0040033749837976055,-47.94551683780064
416087500.0,-0.9993069019321372,-0.037009604641245634,-0.00014806233989133263,0.0039978735142913654,-47.957466254774126
416210000.0,-0.9993074970942789,-0.03699412497797186,-0.00014779707616445104,0.0039923832864730505,-47.96940765447644
416332500.0,-0.9993080912997815,-0.03697866264901573,-0.00014753246696988962,0.003986904268869027,-47.98134104981747
416455000.0,-0.9993086845511318,-0.03696321761731767,-0.0001472685101922481,0.003981436430119416,-47.99326645367384
416577500.0,-0.9993092768508083,-0.03694778984593857,-0.00014700520372471838,0.0039759797389776,-48.00518387888906
416700000.0,-0.9993098682012802,-0.03693237929805919,-0.00014674254546904192,0.003970534164309709,-48.0170933382736
416822500.0,-0.9993104586050067,-0.03691698593697963,-0.00014648053333546753,0.003965099675094117,-48.02899484460501
416945000.0,-0.9993110480644394,-0.03690160972611893,-0.0001462191652427101,0.003959676240420958,-48.0408884106281
417067500.0,-0.9993116365820195,-0.036886250629014385,-0.00014595843911790796,0.003954263829491608,-48.05277404905495
417190000.0,-0.9993122241601808,-0.036870908609321275,-0.00014569835289658258,0.003948862411618205,-48.06465177256512
417312500.0,-0.9993128108013464,-0.03685558363081207,-0.00014543890452259619,0.003943471956223146,-48.0765215938057
417435000.0,-0.9993133965079323,-0.036840275657376215,-0.00014518009194811198,0.003938092432838609,-48.08838352539148
417557500.0,-0.9993139812823443,-0.03682498465301947,-0.00014492191313355323,0.003932723811106067,-48.10023757990496
417680000.0,-0.9993145651269801,-0.03680971058186341,-0.00014466436604756197,0.003927366060775786,-48.112083769896614
417802500.0,-0.9993151480442283,-0.036794453408144995,-0.00014440744866695996,0.003922019151706369,-48.12392210788485
417925000.0,-0.9993157300364696,-0.036779213096216117,-0.0001441511589767081,0.003916683053864263,-48.13575260635623
418047500.0,-0.9993163111060748,-0.03676398961054297,-0.00014389549496986642,0.003911357737323273,-48.14757527776551
418170000.0,-0.9993168912554067,-0.03674878291570566,-0.00014364045464755504,0.0039060431722641067,-48.159390134535826
418292500.0,-0.99931747048682,-0.03673359297639776,-0.0001433860360189151,0.003900739328973904,-48.1711971890587
418415000.0,-0.9993180488026602,-0.036718419757425756,-0.00014313223710106892,0.003895446177845747,-48.18299645369425
418537500.0,-0.999318626205264,-0.03670326322370855,-0.0001428790559190816,0.0038901636893782124,-48.19478794077124
418660000.0,-0.9993192026969608,-0.0366881233402771,-0.00014262649050592247,0.0038848918341749007,-48.2065716625872
418782500.0,-0.9993197782800705,-0.03667300007227386,-0.00014237453890242688,0.0038796305829439815,-48.21834763140855
418905000.0,-0.9993203529569055,-0.036657893384952275,-0.00014212319915725695,0.003874379906497715,-48.23011585947067
419027500.0,-0.9993209267297684,-0.03664280324367643,-0.00014187246932686538,0.003869139775752024,-48.241876358978075
419150000.0,-0.9993214996009553,-0.036627729613920496,-0.00014162234747545617,0.0038639101617260183,-48.25362914210443
419272500.0,-0.9993220715727532,-0.03661267246126832,-0.0001413728316749479,0.003858691035541551,-48.26537422099272
419395000.0,-0.9993226426474399,-0.03659763175141282,-0.00014112392000493562,0.0038534823684227577,-48.277111607755366
419517500.0,-0.9993232128272876,-0.03658260745015583,-0.0001408756105526553,0.003848284131695636,-48.288841314474276
419640000.0,-0.9993237821145573,-0.036567599523407296,-0.00014062790141294512,0.003843096296787568,-48.30056335320098
419762500.0,-0.9993243505115031,-0.03655260793718504,-0.00014038079068821004,0.0038379188352269003,-48.31227773595674
419885000.0,-0.9993249180203727,-0.03653763265761432,-0.00014013427648838499,0.003832751718642499,-48.323984474732626
420007500.0,-0.9993254846434035,-0.03652267365092723,-0.00013988835693089842,0.0038275949187633043,-48.33568358148965
420130000.0,-0.9993260503828255,-0.036507730883462326,-0.00013964303014063622,0.0038224484074178998,-48.34737506815887
420252500.0,-0.9993266152408609,-0.03649280432166426,-0.00013939829424990636,0.0038173121565340824,-48.35905894664147
420375000.0,-0.9993271792197244,-0.03647789393208325,-0.00013915414739840273,0.003812186138138425,-48.37073522880884
420497500.0,-0.9993277423216218,-0.03646299968137463,-0.00013891058773317003,0.0038070703243558556,-48.38240392650276
420620000.0,-0.9993283045487524,-0.036448121536298506,-0.00013866761340856822,0.003801964687409218,-48.394065051535414
420742500.0,-0.9993288659033063,-0.03643325946371921,-0.000138425222586238,0.0037968691996188644,-48.40571861568953
420865000.0,-0.9993294263874662,-0.03641841343060491,-0.0001381834134350652,0.0037917838334022157,-48.417364630718495
420987500.0,-0.999329986003408,-0.036403583404027245,-0.00013794218413114675,0.003786708561273351,-48.4290031083464
421110000.0,-0.9993305447532989,-0.03638876935116077,-0.00013770153285775591,0.0037816433558425884,-48.44063406026821
421232500.0,-0.9993311026392983,-0.03637397123928264,-0.0001374614578053084,0.00377658818981607,-48.45225749814983
421355000.0,-0.999331659663559,-0.03635918903577216,-0.00013722195717132794,0.003771543035995349,-48.463873433628144
421477500.0,-0.9993322158282245,-0.03634442270811028,-0.0001369830291604123,0.00376650786727697,-48.47548187831124
421600000.0,-0.9993327711354331,-0.03632967222387933,-0.00013674467198420028,0.0037614826566520734,-48.48708284377841
421722500.0,-0.9993333255873131,-0.03631493755076243,-0.00013650688386133717,0.0037564673772059725,-48.49867634158024
421845000.0,-0.999333879185987,-0.03630021865654319,-0.0001362696630174426,0.0037514620021177644,-48.51026238323882
421967500.0,-0.9993344319335687,-0.03628551550910527,-0.00013603300768507637,0.0037464665046599106,-48.52184098024768
422090000.0,-0.9993349838321658,-0.036270828076431984,-0.00013579691610370652,0.003741480858197853,-48.53341214407202
422212500.0,-0.9993355348838777,-0.036256156326605865,-0.00013556138651967588,0.003736505036189604,-48.54497588614873
422335000.0,-0.9993360850907962,-0.036241500227808185,-0.00013532641718616922,0.0037315390121853416,-48.55653221788653
422457500.0,-0.9993366344550066,-0.03622685974831873,-0.00013509200636318197,0.003726582759827037,-48.568081150666
422580000.0,-0.9993371829785864,-0.036212234856515244,-0.0001348581523174873,0.0037216362528480493,-48.57962269583978
422702500.0,-0.9993377306636061,-0.0361976255208731,-0.000134624853322604,0.003716699465072727,-48.59115686473254
422825000.0,-0.9993382775121279,-0.03618303170996482,-0.00013439210765876474,0.0037117723704160276,-48.602683668641184
422947500.0,-0.9993388235262092,-0.03616845339245986,-0.00013415991361288493,0.003706854942883139,-48.61420311883485
423070000.0,-0.9993393687078974,-0.036153890537123944,-0.0001339282694785302,0.003701947156569074,-48.62571522655509
423192500.0,-0.9993399130592338,-0.03613934311281889,-0.00013369717355588606,0.0036970489856583033,-48.63722000301589
423315000.0,-0.9993404565822543,-0.03612481108850223,-0.00013346662415172675,0.003692160404424381,-48.64871745940378
423437500.0,-0.9993409992789852,-0.036110294433226546,-0.00013323661957938276,0.0036872813872295307,-48.66020760687799
423560000.0,-0.9993415411514467,-0.03609579311613941,-0.0001330071581587121,0.0036824119085243096,-48.67169045657043
423682500.0,-0.9993420822016528,-0.036081307106482885,-0.00013277823821606862,0.0036775519428472133,-48.68316601958588
423805000.0,-0.9993426224316095,-0.036066836373593016,-0.00013254985808427148,0.003672701464824303,-48.694634307002005
423927500.0,-0.9993431618433156,-0.036052380886899604,-0.00013232201610257512,0.003667860449168836,-48.70609532986951
424050000.0,-0.9993437004387643,-0.03603794061592579,-0.00013209471061663907,0.003663028870680896,-48.71754909921218
424172500.0,-0.999344238219941,-0.03602351553028767,-0.0001318679399784983,0.0036582067042470285,-48.72899562602697
424295000.0,-0.9993447751888243,-0.03600910559969386,-0.00013164170254653266,0.0036533939248398666,-48.74043492128416
424417500.0,-0.9993453113473862,-0.035994710793945194,-0.00013141599668543792,0.0036485905075177754,-48.75186699592738
424540000.0,-0.9993458466975917,-0.03598033108293436,-0.00013119082076619638,0.0036437964274244894,-48.76329186087367
424662500.0,-0.9993463812413991,-0.03596596643664544,-0.0001309661731660467,0.0036390116597887394,-48.77470952701367
424785000.0,-0.9993469149807597,-0.03595161682515365,-0.00013074205226845615,0.003634236179923918,-48.78612000521162
424907500.0,-0.9993474479176185,-0.03593728221862492,-0.00013051845646309024,0.0036294699632276996,-48.79752330630548
425030000.0,-0.999347980053914,-0.03592296258731553,-0.00013029538414578503,0.003624712985181701,-48.808919441107
425152500.0,-0.9993485113915774,-0.03590865790157174,-0.0001300728337185175,0.003619965221351116,-48.82030842040186
425275000.0,-0.9993490419325339,-0.035894368131829446,-0.00012985080358937772,0.003615226647384374,-48.83169025494965
425397500.0,-0.9993495716787019,-0.03588009324861379,-0.00012962929217254007,0.0036104972390127808,-48.84306495548409
425520000.0,-0.9993501006319924,-0.03586583322253889,-0.00012940829788823596,0.0036057769720501914,-48.85443253271299
425642500.0,-0.9993506287943117,-0.035851588024307365,-0.0001291878191627241,0.0036010658223926298,-48.86579299731845
425765000.0,-0.9993511561675574,-0.03583735762471005,-0.00012896785442826448,0.0035963637660179786,-48.87714635995682
425887500.0,-0.9993516827536226,-0.0358231419946256,-0.00012874840212308904,0.0035916707789856116,-48.888492631258885
426010000.0,-0.9993522085543929,-0.03580894110502026,-0.00012852946069137554,0.0035869868374360722,-48.89983182182991
426132500.0,-0.9993527335717478,-0.03579475492694732,-0.0001283110285832187,0.0035823119175907125,-48.91116394224974
426255000.0,-0.9993532578075601,-0.035780583431546935,-0.00012809310425460424,0.003577645995751384,-48.922489003072855
426377500.0,-0.9993537812636966,-0.03576642659004569,-0.00012787568616738073,0.0035729890483000713,-48.933807014828446
426500000.0,-0.9993543039420175,-0.03575228437375631,-0.00012765877278923322,0.003568341051698581,-48.94511798802057
426622500.0,-0.9993548258443772,-0.03573815675407727,-0.00012744236259365602,0.003563701982488196,-48.95642193312814
426745000.0,-0.9993553469726228,-0.03572404370249245,-0.00012722645405992614,0.0035590718172893495,-48.96771886060509
426867500.0,-0.999355867328596,-0.03570994519057087,-0.00012701104567307706,0.0035544505328013,-48.97900878088036
426990000.0,-0.9993563869141324,-0.035695861189966274,-0.0001267961359238717,0.003549838105801794,-48.99029170435807
427112500.0,-0.9993569057310607,-0.03568179167241685,-0.0001265817233087767,0.0035452345131467464,-49.00156764141758
427235000.0,-0.9993574237812041,-0.03566773660974486,-0.0001263678063299362,0.0035406397317699193,-49.012836602413486
427357500.0,-0.9993579410663789,-0.03565369597385627,-0.00012615438349514518,0.003536053738682584,-49.02409859767587
427480000.0,-0.9993584575883965,-0.03563966973674056,-0.00012594145331782487,0.0035314765109732225,-49.03535363751017
427602500.0,-0.9993589733490608,-0.03562565787047022,-0.000125729014316996,0.0035269080258071893,-49.04660173219743
427725000.0,-0.9993594883501705,-0.03561166034720055,-0.00012551706501725377,0.003522348260426404,-49.05784289199431
427847500.0,-0.9993600025935176,-0.03559767713916925,-0.00012530560394874196,0.0035177971921490237,-49.06907712713317
427970000.0,-0.9993605160808895,-0.03558370821869619,-0.00012509462964712848,0.0035132547983691476,-49.08030444782214
428092500.0,-0.9993610288140662,-0.03556975355818298,-0.00012488414065357916,0.0035087210565564802,-49.0915248642452
428215000.0,-0.999361540794822,-0.03555581313011273,-0.00012467413551473343,0.0035041959442560335,-49.10273838656231
428337500.0,-0.9993620520249257,-0.03554188690704969,-0.00012446461278267952,0.0034996794390878203,-49.11394502490937
428460000.0,-0.9993625625061398,-0.03552797486163893,-0.0001242555710149291,0.0034951715187465323,-49.12514478939846
428582500.0,-0.9993630722402216,-0.035514076966606085,-0.00012404700877439325,0.003490672161001244,-49.13633769011774
428705000.0,-0.9993635812289213,-0.03550019319475691,-0.00012383892462935762,0.0034861813436951,-49.14752373713169
428827500.0,-0.9993640894739844,-0.035486323518977105,-0.00012363131715345817,0.0034816990447450137,-49.15870294048106
428950000.0,-0.9993645969771501,-0.03547246791223192,-0.00012342418492565702,0.003477225242141366,-49.169875310183016
429072500.0,-0.999365103740152,-0.035458626347565914,-0.00012321752653021869,0.0034727599139477076,-49.1810408562312
429195000.0,-0.999365609764718,-0.03544479879810255,-0.00012301134055668506,0.003468303038300443,-49.19219958859579
429317500.0,-0.99936611505257,-0.03543098523704395,-0.00012280562559985282,0.003463854593408554,-49.203351517223595
429440000.0,-0.999366619605424,-0.03541718563767059,-0.00012260038025974887,0.003459414557553286,-49.21449665203813
429562500.0,-0.9993671234249913,-0.03540339997334097,-0.0001223956031416071,0.0034549829090878615,-49.22563500293967
429685000.0,-0.9993676265129766,-0.03538962821749132,-0.00012219129285584473,0.003450559626437181,-49.236766579805334
429807500.0,-0.999368128871079,-0.035375870343635325,-0.00012198744801803945,0.003446144688097538,-49.24789139248918
429930000.0,-0.9993686305009926,-0.0353621263253638,-0.00012178406724890578,0.0034417380726363225,-49.259009450822234
430052500.0,-0.9993691314044053,-0.03534839613634436,-0.00012158114917427187,0.003437339758691728,-49.27012076461261
430175000.0,-0.9993696315829999,-0.03533467975032116,-0.0001213786924250568,0.003432949724972468,-49.28122534364556
430297500.0,-0.9993701310384537,-0.03532097714111466,-0.00012117669563724783,0.003428567950257491,-49.292323197683544
430420000.0,-0.9993706297724377,-0.035307288282621176,-0.00012097515745187745,0.0034241944133956916,-49.30341433646631
430542500.0,-0.9993711277866182,-0.035293613148812714,-0.00012077407651500074,0.0034198290933056237,-49.314498769710966
430665000.0,-0.9993716250826555,-0.035279951713736636,-0.00012057345147767316,0.0034154719689752254,-49.325576507112046
430787500.0,-0.9993721216622057,-0.0352663039515154,-0.00012037328099592794,0.0034111230194615316,-49.33664755834158
430910000.0,-0.9993726175269179,-0.03525266983634622,-0.000120173563730754,0.0034067822238903977,-49.34771193304918
431032500.0,-0.9993731126784362,-0.035239049342500765,-0.00011997429834807362,0.0034024495614562163,-49.35876964086211
431155000.0,-0.9993736071183998,-0.03522544244432496,-0.00011977548351872048,0.0033981250114216415,-49.369820691385314
431277500.0,-0.9993741008484425,-0.035211849116238654,-0.00011957711791841814,0.00339380855311732,-49.38086509420158
431400000.0,-0.9993745938701925,-0.03519826933273531,-0.00011937920022775774,0.0033895001659416087,-49.391902858871475
431522500.0,-0.9993750861852725,-0.035184703068381756,-0.00011918172913217655,0.0033851998293603002,-49.402933994933555
431645000.0,-0.9993755777953002,-0.03517115029781785,-0.00011898470332193627,0.0033809075229063543,-49.41395851190435
431767500.0,-0.9993760687018883,-0.03515761099575632,-0.00011878812149210207,0.0033766232261796337,-49.42497641927843
431890000.0,-0.9993765589066443,-0.03514408513698239,-0.00011859198234252065,0.003372346918846619,-49.43598772652852
432012500.0,-0.9993770484111695,-0.03513057269635345,-0.00011839628457779935,0.0033680785806401567,-49.446992443105565
432135000.0,-0.9993775372170607,-0.035117073648798944,-0.00011820102690728496,0.0033638181913591796,-49.457990578438746
432257500.0,-0.99937802532591,-0.03510358796932,-0.00011800620804504306,0.003359565730868455,-49.46898214193559
432380000.0,-0.9993785127393034,-0.03509011563298906,-0.00011781182670983615,0.0033553211790983014,-49.47996714298205
432502500.0,-0.9993789994588226,-0.03507665661494983,-0.00011761788162510416,0.003351084516044345,-49.49094559094252
432625000.0,-0.9993794854860436,-0.035063210890416835,-0.00011742437151894307,0.0033468557217672503,-49.50191749515997
432747500.0,-0.9993799708225373,-0.03504977843467519,-0.00011723129512408415,0.0033426347763924513,-49.51288286495596
432870000.0,-0.9993804554698698,-0.03503635922308038,-0.0001170386511778741,0.003338421660109907,-49.52384170963072
432992500.0,-0.9993809394296027,-0.03502295323105795,-0.00011684643842225436,0.0033342163531738345,-49.53479403846324
433115000.0,-0.9993814227032912,-0.03500956043410321,-0.0001166546556037408,0.0033300188359024533,-49.54573986071129
433237500.0,-0.999381905292487,-0.03499618080778107,-0.00011646330147340374,0.0033258290886777286,-49.55667918561157
433360000.0,-0.9993823871987356,-0.03498281432772567,-0.00011627237478684792,0.003321647091945123,-49.56761202237964
433482500.0,-0.9993828684235782,-0.034969460969640195,-0.00011608187430419269,0.0033174728262133396,-49.578538380210134
433605000.0,-0.9993833489685505,-0.03495612070929655,-0.00011589179879005162,0.0033133062720540635,-49.58945826827673
433727500.0,-0.9993838288351845,-0.03494279352253519,-0.00011570214701351368,0.0033091474101017266,-49.60037169573223
433850000.0,-0.9993843080250053,-0.0349294793852647,-0.00011551291774812256,0.0033049962210532384,-49.61127867170867
433972500.0,-0.9993847865395357,-0.03491617827346177,-0.00011532410977185822,0.0033008526856677578,-49.62217920531732
434095000.0,-0.9993852643802911,-0.03490289016317074,-0.00011513572186711673,0.0032967167847664305,-49.63307330564881
434217500.0,-0.9993857415487837,-0.034889615030503425,-0.00011494775282069129,0.0032925884992321534,-49.643960981773134
434340000.0,-0.9993862180465202,-0.034876352851638884,-0.00011476020142375287,0.0032884678100093215,-49.65484224273975
434462500.0,-0.9993866938750025,-0.03486310360282308,-0.0001145730664718311,0.0032843546981035894,-49.665717097577655
434585000.0,-0.9993871690357283,-0.034849867260368754,-0.00011438634676479514,0.003280249144581624,-49.67658555529543
434707500.0,-0.9993876435301903,-0.034836643800655105,-0.00011420004110683534,0.0032761511305708737,-49.68744762488129
434830000.0,-0.9993881173598755,-0.03482343320012746,-0.00011401414830644357,0.0032720606372593163,-49.69830331530314
434952500.0,-0.9993885905262675,-0.03481023543529718,-0.00011382866717639499,0.003267977645895224,-49.709152635508715
435075000.0,-0.9993890630308445,-0.03479705048274138,-0.00011364359653372953,0.003263902137786929,-49.71999559442553
435197500.0,-0.9993895348750802,-0.03478387831910256,-0.00011345893519973281,0.0032598340943025797,-49.73083220096104
435320000.0,-0.9993900060604438,-0.03477071892108851,-0.00011327468199991825,0.003255773496869912,-49.741662464002644
435442500.0,-0.9993904765883994,-0.034757572265471985,-0.00011309083576400862,0.0032517203269760136,-49.75248639241772
435565000.0,-0.9993909464604069,-0.03474443832909047,-0.00011290739532591729,0.003247674566167081,-49.76330399505382
435687500.0,-0.9993914156779216,-0.034731317088846,-0.00011272435952373084,0.0032436361960482027,-49.77411528073855
435810000.0,-0.9993918842423939,-0.03471820852170482,-0.00011254172719969039,0.0032396051982831143,-49.78492025827976
435932500.0,-0.9993923521552694,-0.0347051126046972,-0.00011235949720017387,0.003235581554593976,-49.79571893646558
436055000.0,-0.9993928194179903,-0.03469202931491726,-0.00011217766837567817,0.0032315652467611415,-49.806511324064445
436177500.0,-0.999393286031993,-0.03467895862952259,-0.0001119962395808012,0.003227556256622927,-49.817297429825175
436300000.0,-0.9993937519987097,-0.034665900525734136,-0.00011181520967422438,0.0032235545660753893,-49.82807726247703
436422500.0,-0.9993942173195687,-0.03465285498083596,-0.0001116345775186949,0.0032195601570720973,-49.8388508307298
436545000.0,-0.9993946819959936,-0.03463982197217489,-0.00011145434198100808,0.003215573011623904,-49.8496181432738
436667500.0,-0.9993951460294026,-0.034626801477160414,-0.00011127450193199023,0.003211593111798728,-49.86037920878002
436790000.0,-0.999395609421211,-0.03461379347326442,-0.00011109505624648102,0.003207620439721327,-49.8711340359001
436912500.0,-0.9993960721728282,-0.03460079793802091,-0.00011091600380331646,0.003203654977573078,-49.88188263326642
437035000.0,-0.9993965342856608,-0.03458781484902583,-0.00011073734348531154,0.003199696707591755,-49.89262500949218
437157500.0,-0.9993969957611093,-0.03457484418393684,-0.00011055907417924336,0.003195745612071311,-49.903361173171426
437280000.0,-0.9993974566005709,-0.03456188592047302,-0.00011038119477583371,0.0031918016733616557,-49.91409113287912
437402500.0,-0.9993979168054383,-0.03454894003641475,-0.0001102037041697328,0.0031878648738684445,-49.92481489717121
437525000.0,-0.9993983763770998,-0.03453600650960342,-0.00011002660125950207,0.0031839351960528577,-49.935532474584654
437647500.0,-0.9993988353169391,-0.03452308531794115,-0.00010984988494759694,0.0031800126224313754,-49.94624387363754
437770000.0,-0.9993992936263362,-0.0345101764393907,-0.00010967355414035123,0.0031760971355755826,-49.95694910282908
437892500.0,-0.9993997513066655,-0.034497279851975156,-0.00010949760774796,0.0031721887181119434,-49.96764817063966
438015000.0,-0.9994002083592991,-0.03448439553377774,-0.00010932204468446291,0.0031682873527215886,-49.978341085530985
438137500.0,-0.9994006647856039,-0.034471523462941606,-0.00010914686386772811,0.0031643930221401037,-49.98902785594603
438260000.0,-0.9994011205869423,-0.034458663617669534,-0.00010897206421943564,0.0031605057091573206,-49.999708490309175
438382500.0,-0.9994015757646723,-0.034445815976223815,-0.00010879764466506158,0.0031566253966171082,-50.01038299702623
438505000.0,-0.9994020303201486,-0.034432980516926025,-0.00010862360413386168,0.003152752067417164,-50.02105138448446
438627500.0,-0.9994024842547207,-0.034420157218156694,-0.00010844994155885496,0.003148885704508798,-50.03171366105271
438750000.0,-0.9994029375697353,-0.03440734605835529,-0.00010827665587680845,0.0031450262908967403,-50.042369835081416
438872500.0,-0.9994033902665334,-0.03439454701601979,-0.00010810374602822053,0.003141173809638922,-50.05301991490263
438995000.0,-0.9994038423464526,-0.034381760069706606,-0.00010793121095730557,0.003137328243846279,-50.06366390883016
439117500.0,-0.9994042938108266,-0.03436898519803035,-0.00010775904961197795,0.0031334895766825417,-50.074301825159544
439240000.0,-0.9994047446609855,-0.03435622237966362,-0.00010758726094383659,0.003129657791364039,-50.084933672168155
439362500.0,-0.9994051948982532,-0.03434347159333672,-0.00010741584390814896,0.003125832871159485,-50.09555945811525
439485000.0,-0.9994056445239522,-0.03433073281783757,-0.00010724479746383584,0.003122014799389788,-50.10617919124197
439607500.0,-0.9994060935393989,-0.034318006032011385,-0.00010707412057345607,0.00311820355942785,-50.11679287977149
439730000.0,-0.9994065419459064,-0.03430529121476052,-0.00010690381220319054,0.0031143991346983557,-50.12740053190897
439852500.0,-0.9994069897447847,-0.034292588345044346,-0.0001067338713228279,0.003110601508677594,-50.13800215584169
439975000.0,-0.9994074369373381,-0.03427989740187885,-0.00010656429690574807,0.003106810664893237,-50.14859775973907
440097500.0,-0.9994078835248684,-0.034267218364336625,-0.00010639508792890825,0.0031030265869241625,-50.159187351752706
440220000.0,-0.9994083295086724,-0.03425455121154652,-0.0001062262433728271,0.0030992492584002466,-50.16977094001646
440342500.0,-0.9994087748900434,-0.03424189592269353,-0.00010605776222157018,0.0030954786630021745,-50.180348532646484
440465000.0,-0.9994092196702705,-0.03422925247701855,-0.00010588964346273473,0.003091714784461243,-50.1909201377413
440587500.0,-0.9994096638506398,-0.03421662085381824,-0.0001057218860874353,0.003087957606559176,-50.201485763381804
440710000.0,-0.9994101074324322,-0.034204001032444684,-0.00010555448909028815,0.003084207113127913,-50.212045417631394
440832500.0,-0.9994105504169256,-0.03419139299230536,-0.00010538745146939765,0.0030804632880494453,-50.22259910853592
440955000.0,-0.999410992805393,-0.03417879671286279,-0.00010522077222634041,0.0030767261152555947,-50.233146844123866
441077500.0,-0.9994114345991053,-0.034166212173634476,-0.00010505445036615199,0.0030729955787278523,-50.24368863240626
441200000.0,-0.9994118757993282,-0.03415363935419262,-0.00010488848489731135,0.0030692716624971667,-50.254224481376866
441322500.0,-0.9994123164073232,-0.03414107823416391,-0.00010472287483172719,0.0030655543506437747,-50.26475439901209
441445000.0,-0.9994127564243492,-0.03412852879322942,-0.00010455761918472335,0.0030618436272970033,-50.27527839327117
441567500.0,-0.9994131958516613,-0.03411599101112436,-0.00010439271697502422,0.0030581394766350804,-50.285796472096116
441690000.0,-0.9994136346905094,-0.03410346486763779,-0.00010422816722474102,0.0030544418828849598,-50.29630864341185
441812500.0,-0.999414072942141,-0.03409095034261266,-0.00010406396895935772,0.0030507508303221345,-50.30681491512616
441935000.0,-0.9994145106077991,-0.03407844741594537,-0.00010390012120771626,0.00304706630327044,-50.31731529512986
442057500.0,-0.9994149476887239,-0.034065956067585765,-0.00010373662300200366,0.0030433882861018967,-50.32780979129676
442180000.0,-0.9994153841861502,-0.034053476277536805,-0.00010357347337773707,0.003039716763236499,-50.33829841148372
442302500.0,-0.9994158201013107,-0.03404100802585447,-0.00010341067137375047,0.0030360517191420555,-50.34878116353076
442425000.0,-0.9994162554354336,-0.034028551292647535,-0.00010324821603218078,0.0030323931383339957,-50.359258055261044
442547500.0,-0.9994166901897439,-0.034016106058077394,-0.00010308610639845403,0.0030287410053751983,-50.36972909448097
442670000.0,-0.9994171243654626,-0.03400367230235791,-0.00010292434152127215,0.0030250953048758123,-50.38019428898018
442792500.0,-0.9994175579638064,-0.033991250005755064,-0.00010276292045259865,0.0030214560214930713,-50.39065364653166
442915000.0,-0.9994179909859902,-0.03397883914858708,-0.00010260184224764583,0.0030178231399311246,-50.40110717489176
443037500.0,-0.9994184234332232,-0.033966439711223866,-0.0001024411059648606,0.003014196644940853,-50.411554881800235
443160000.0,-0.9994188553067124,-0.033954051674087146,-0.00010228071066591199,0.0030105765213197053,-50.4219967749803
443282500.0,-0.9994192866076602,-0.03394167501765011,-0.00010212065541567699,0.003006962753911508,-50.4324328621387
443405000.0,-0.9994197173372668,-0.03392930972243726,-0.00010196093928222769,0.003003355327606301,-50.44286315096572
443527500.0,-0.9994201474967269,-0.03391695576902428,-0.00010180156133681828,0.002999754227340166,-50.45328764913528
443650000.0,-0.9994205770872339,-0.033904613138037804,-0.00010164252065387144,0.0029961594380950468,-50.46370636430491
443772500.0,-0.9994210061099754,-0.03389228181015522,-0.00010148381631096556,0.0029925709448985795,-50.4741193041159
443895000.0,-0.9994214345661374,-0.0338799617661046,-0.00010132544738882204,0.0029889887328239306,-50.48452647619324
444017500.0,-0.999421862456901,-0.033867652986664346,-0.00010116741297129146,0.0029854127869896087,-50.49492788814576
444140000.0,-0.9994222897834445,-0.03385535545266319,-0.00010100971214534167,0.0029818430925593123,-50.50532354756613
444262500.0,-0.9994227165469424,-0.033843069144979906,-0.00010085234400104452,0.002978279634741753,-50.515713462030874
444385000.0,-0.9994231427485663,-0.0338307940445432,-0.00010069530763156323,0.0029747223987904915,-50.526097639100485
444507500.0,-0.9994235683894832,-0.033818530132331444,-0.00010053860213313942,0.002971171370003761,-50.53647608631945
444630000.0,-0.999423993470858,-0.033806277389372655,-0.000100382226605081,0.0029676265337243153,-50.54684881121628
444752500.0,-0.9994244179938513,-0.03379403579674413,-0.00010022618014974901,0.0029640878753392484,-50.557215821303544
444875000.0,-0.9994248419596206,-0.03378180533557245,-0.00010007046187254574,0.0029605553802798416,-50.56757712407797
444997500.0,-0.9994252653693197,-0.03376958598703319,-9.991507088190184e-05,0.002957029034021394,-50.57793272702043
445120000.0,-0.999425688224099,-0.033757377732350775,-9.976000628926396e-05,0.002953508822083055,-50.58828263759602
445242500.0,-0.9994261105251067,-0.0337451805527984,-9.960526720908258e-05,0.0029499947300276664,-50.59862686325411
445365000.0,-0.9994265322734855,-0.03373299442969771,-9.945085275879998e-05,0.002946486743461605,-50.60896541142837
445487500.0,-0.9994269534703765,-0.03372081934441873,-9.929676205883732e-05,0.002942984848034609,-50.6192982895368
445610000.0,-0.9994273741169168,-0.0337086552783797,-9.914299423258329e-05,0.0029394890294396287,-50.62962550498183
445732500.0,-0.9994277942142404,-0.033696502213046826,-9.898954840638139e-05,0.0029359992734126587,-50.63994706515032
445855000.0,-0.9994282137634772,-0.03368436012993421,-9.883642370951828e-05,0.002932515565732582,-50.65026297741361
445977500.0,-0.9994286327657552,-0.033672229010603655,-9.868361927421183e-05,0.002929037892221015,-50.66057324912759
446100000.0,-0.9994290512221976,-0.03366010883666445,-9.853113423559887e-05,0.002925566238742143,-50.6708778876327
446222500.0,-0.9994294691339256,-0.03364799958977324,-9.837896773172346e-05,0.002922100591202563,-50.68117690025403
446345000.0,-0.999429886502056,-0.03363590125163392,-9.82271189035256e-05,0.0029186409355511393,-50.69147029430131
446467500.0,-0.9994303033277036,-0.033623813803997364,-9.807558689482855e-05,0.00291518725777883,-50.701758077068995
446590000.0,-0.9994307196119785,-0.03361173722866133,-9.792437085232788e-05,0.0029117395439185447,-50.712040255836285
446712500.0,-0.999431135355989,-0.0335996715074703,-9.777346992557957e-05,0.0029082977800449854,-50.722316837867176
446835000.0,-0.9994315505608391,-0.03358761662231529,-9.762288326698837e-05,0.0029048619522744922,-50.73258783041051
446957500.0,-0.9994319652276303,-0.03357557255513371,-9.747261003179639e-05,0.0029014320467648912,-50.7428532407
447080000.0,-0.9994323793574603,-0.0335635392879092,-9.732264937807185e-05,0.0028980080497153487,-50.75311307595429
447202500.0,-0.9994327929514244,-0.03355151680267144,-9.717300046669695e-05,0.002894589947366203,-50.76336734337701
447325000.0,-0.9994332060106138,-0.033539505081496064,-9.702366246135735e-05,0.0028911777259988305,-50.773616050156775
447447500.0,-0.9994336185361173,-0.03352750410650445,-9.687463452853042e-05,0.002887771371935488,-50.78385920346726
447570000.0,-0.99943403052902,-0.033515513859863545,-9.672591583747403e-05,0.0028843708715391605,-50.79409681046725
447692500.0,-0.9994344419904042,-0.03350353432378575,-9.657750556021519e-05,0.0028809762112134134,-50.80432887830067
447815000.0,-0.9994348529213494,-0.03349156548052878,-9.642940287153945e-05,0.002877587377402251,-50.81455541409662
447937500.0,-0.9994352633229312,-0.03347960731239543,-9.628160694897928e-05,0.002874204356589961,-50.82477642496941
448060000.0,-0.9994356731962224,-0.03346765980173352,-9.613411697280319e-05,0.002870827135300967,-50.834991918018645
448182500.0,-0.9994360825422931,-0.03345572293093564,-9.598693212600484e-05,0.0028674557000996884,-50.8452019003292
448305000.0,-0.9994364913622101,-0.03344379668243912,-9.584005159429198e-05,0.002864090037590389,-50.85540637897135
448427500.0,-0.9994368996570366,-0.0334318810387257,-9.569347456607548e-05,0.002860730134417031,-50.865605361000725
448550000.0,-0.9994373074278338,-0.03341997598232161,-9.554720023245893e-05,0.0028573759772631394,-50.87579885345838
448672500.0,-0.9994377146756587,-0.033408081495797215,-9.540122778722742e-05,0.0028540275528516476,-50.885986863370846
448795000.0,-0.9994381214015662,-0.03339619756176694,-9.525555642683673e-05,0.002850684847944755,-50.89616939775021
448917500.0,-0.999438527606608,-0.0333843241628892,-9.511018535040328e-05,0.0028473478493437937,-50.90634646359406
449040000.0,-0.9994389332918322,-0.03337246128186608,-9.496511375969263e-05,0.002844016543889074,-50.916518067885626
449162500.0,-0.9994393384582845,-0.03336060890144333,-9.48203408591097e-05,0.002840690918459752,-50.926684217593746
449285000.0,-0.9994397431070077,-0.03334876700441019,-9.467586585568787e-05,0.0028373709599736883,-50.93684491967292
449407500.0,-0.9994401472390408,-0.03333693557359918,-9.453168795907837e-05,0.002834056655387299,-50.94700018106341
449530000.0,-0.9994405508554209,-0.033325114591886,-9.438780638154002e-05,0.0028307479916954243,-50.9571500086912
449652500.0,-0.9994409539571815,-0.03331330404218941,-9.4244220337929e-05,0.0028274449559311902,-50.96729440946809
449775000.0,-0.999441356545353,-0.03330150390747102,-9.410092904568824e-05,0.002824147535165864,-50.97743339029171
449897500.0,-0.9994417586209635,-0.03328971417073519,-9.395793172483708e-05,0.0028208557165087167,-50.98756695804555
450020000.0,-0.9994421601850381,-0.03327793481502891,-9.381522759796158e-05,0.0028175694871068963,-50.997695119599065
450142500.0,-0.9994425612385981,-0.033266165823441544,-9.36728158902036e-05,0.002814288834145276,-51.00781788180762
450265000.0,-0.9994429617826631,-0.033254407179104856,-9.353069582925124e-05,0.0028110137448463302,-51.01793525151258
450387500.0,-0.999443361818249,-0.03324265886519271,-9.338886664532837e-05,0.0028077442064699913,-51.02804723554138
450510000.0,-0.9994437613463688,-0.03323092086492099,-9.324732757118461e-05,0.0028044802063135156,-51.0381538407075
450632500.0,-0.999444160368034,-0.03321919316154755,-9.31060778420859e-05,0.0028012217317113586,-51.048255073810516
450755000.0,-0.9994445588842508,-0.03320747573837186,-9.296511669580352e-05,0.002797968770035025,-51.058350941636206
450877500.0,-0.9994449568960247,-0.033195768578735095,-9.282444337260511e-05,0.0027947213086929484,-51.06844145095649
451000000.0,-0.9994453544043576,-0.03318407166601986,-9.268405711524447e-05,0.0027914793351303565,-51.07852660852955
451122500.0,-0.9994457514102478,-0.033172384983650036,-9.254395716895133e-05,0.002788242836829129,-51.088606421099804
451245000.0,-0.9994461479146929,-0.03316070851509079,-9.240414278142249e-05,0.002785011801307682,-51.09868089539802
451367500.0,-0.9994465439186851,-0.03314904224384825,-9.226461320281136e-05,0.002781786216120828,-51.10875003814124
451490000.0,-0.9994469394232158,-0.03313738615346949,-9.212536768571837e-05,0.0027785660688596416,-51.11881385603297
451612500.0,-0.9994473344292727,-0.03312574022754237,-9.198640548518163e-05,0.0027753513471513386,-51.12887235576308
451735000.0,-0.9994477289378406,-0.03311410444969537,-9.184772585866726e-05,0.002772142038659144,-51.13892554400789
451857500.0,-0.999448122949902,-0.03310247880359747,-9.17093280660594e-05,0.0027689381310821554,-51.14897342743027
451980000.0,-0.9994485164664368,-0.03309086327295803,-9.15712113696514e-05,0.0027657396121552277,-51.159016012679565
452102500.0,-0.9994489094884215,-0.03307925784152664,-9.143337503413598e-05,0.0027625464696488383,-51.16905330639172
452225000.0,-0.9994493020168301,-0.033067662493092995,-9.129581832659584e-05,0.0027593586913689603,-51.179085315189276
452347500.0,-0.9994496940526343,-0.03305607721148675,-9.115854051649423e-05,0.002756176265156935,-51.18911204568142
452470000.0,-0.9994500855968026,-0.0330445019805774,-9.102154087566573e-05,0.002752999178889347,-51.19913350446402
452592500.0,-0.9994504766503006,-0.03303293678427413,-9.088481867830713e-05,0.002749827420477904,-51.209149698119646
452715000.0,-0.9994508672140927,-0.03302138160652575,-9.074837320096783e-05,0.002746660977869303,-51.219160633217655
452837500.0,-0.9994512572891383,-0.03300983643132041,-9.061220372254084e-05,0.0027434998390451107,-51.22916631631416
452960000.0,-0.9994516468763959,-0.032998301242685664,-9.047630952425365e-05,0.002740343992021639,-51.239166753952134
453082500.0,-0.9994520359768204,-0.032986776024688184,-9.034068988965894e-05,0.00273719342484982,-51.24916195266137
453205000.0,-0.999452424591365,-0.03297526076143374,-9.020534410462588e-05,0.0027340481256150893,-51.259151918958594
453327500.0,-0.9994528127209792,-0.03296375543706699,-9.007027145733061e-05,0.0027309080824372534,-51.26913665934745
453450000.0,-0.9994532003666103,-0.03295226003577138,-8.993547123824753e-05,0.0027277732834703754,-51.27911618031859
453572500.0,-0.9994535875292032,-0.03294077454176906,-8.980094274014055e-05,0.002724643716902656,-51.2890904883496
453695000.0,-0.9994539742097001,-0.032929298939320686,-8.966668525805366e-05,0.0027215193709563016,-51.299059589905184
453817500.0,-0.9994543604090402,-0.03291783321272533,-8.953269808930238e-05,0.0027184002338874135,-51.309023491437074
453940000.0,-0.9994547461281602,-0.032906377346320334,-8.939898053346506e-05,0.002715286293985868,-51.318982199384145
454062500.0,-0.9994551313679951,-0.03289493132448124,-8.926553189237387e-05,0.0027121775395751928,-51.328935720172396
454185000.0,-0.9994555161294759,-0.03288349513162159,-8.913235147010607e-05,0.00270907395901245,-51.33888406021504
454307500.0,-0.9994559004135323,-0.032872068752192854,-8.899943857297552e-05,0.0027059755406881195,-51.348827225912466
454430000.0,-0.9994562842210901,-0.03286065217068424,-8.886679250952354e-05,0.002702882273025976,-51.35876522365237
454552500.0,-0.9994566675530744,-0.03284924537162273,-8.87344125905111e-05,0.002699794144482983,-51.368698059809674
454675000.0,-0.9994570504104057,-0.032837848339572685,-8.860229812890905e-05,0.0026967111435491574,-51.378625740746685
454797500.0,-0.9994574327940035,-0.03282646105913603,-8.847044843989099e-05,0.0026936332587474757,-51.38854827281303
454920000.0,-0.9994578147047843,-0.03281508351495189,-8.83388628408234e-05,0.002690560478633738,-51.39846566234575
455042500.0,-0.9994581961436617,-0.03280371569169658,-8.82075406512582e-05,0.0026874927917964675,-51.40837791566929
455165000.0,-0.9994585771115473,-0.03279235757408349,-8.807648119292374e-05,0.0026844301868567864,-51.41828503909555
455287500.0,-0.9994589576093501,-0.03278100914686294,-8.794568378971661e-05,0.002681372652468306,-51.428187038923966
455410000.0,-0.9994593376379763,-0.032769670394821995,-8.781514776769309e-05,0.002678320177317008,-51.43808392144149
455532500.0,-0.99945971719833,-0.032758341302784495,-8.768487245506136e-05,0.0026752727501211417,-51.44797569292259
455655000.0,-0.9994600962913127,-0.0327470218556108,-8.755485718217251e-05,0.002672230359631098,-51.45786235962938
455777500.0,-0.9994604749178235,-0.03273571203819773,-8.742510128151282e-05,0.0026691929946293064,-51.467743927811604
455900000.0,-0.999460853078759,-0.03272441183547846,-8.729560408769539e-05,0.0026661606439301183,-51.477620403706624
456022500.0,-0.9994612307750129,-0.03271312123242233,-8.716636493745177e-05,0.0026631332963796953,-51.48749179353956
456145000.0,-0.9994616080074773,-0.03270184021403484,-8.703738316962433e-05,0.0026601109408559043,-51.49735810352322
456267500.0,-0.9994619847770413,-0.032690568765357406,-8.690865812515744e-05,0.0026570935662681952,-51.507219339858175
456390000.0,-0.999462361084592,-0.03267930687146737,-8.678018914709015e-05,0.002654081161557503,-51.51707550873283
456512500.0,-0.9994627369310134,-0.032668054517477785,-8.66519755805479e-05,0.0026510737156961346,-51.526926616323365
456635000.0,-0.999463112317188,-0.03265681168853737,-8.652401677273416e-05,0.002648071217687651,-51.53677266879387
456757500.0,-0.9994634872439953,-0.0326455783698303,-8.639631207292302e-05,0.0026450736565667714,-51.546613672296296
456880000.0,-0.9994638617123123,-0.03263435454657621,-8.6268860832451e-05,0.0026420810213992553,-51.556449632970555
457002500.0,-0.9994642357230145,-0.03262314020403002,-8.614166240470916e-05,0.0026390933012817993,-51.566280556944484
457125000.0,-0.999464609276974,-0.032611935327481786,-8.60147161451355e-05,0.002636110485341931,-51.57610645033394
457247500.0,-0.9994649823750605,-0.032600739902256655,-8.588802141120677e-05,0.0026331325627378943,-51.585927319242785
457370000.0,-0.9994653550181429,-0.03258955391371475,-8.576157756243109e-05,0.0026301595226585536,-51.59574316976294
457492500.0,-0.9994657272070859,-0.03257837734725097,-8.563538396033986e-05,0.0026271913543232787,-51.605554007974426
457615000.0,-0.9994660989427527,-0.032567210188294976,-8.550943996848029e-05,0.0026242280469818426,-51.61535983994539
457737500.0,-0.9994664702260045,-0.03255605242231107,-8.538374495240771e-05,0.0026212695899143178,-51.62516067173211
457860000.0,-0.9994668410576995,-0.032544904034798,-8.525829827967795e-05,0.002618315972430973,-51.63495650937904
457982500.0,-0.999467211438694,-0.03253376501128894,-8.513309931983941e-05,0.002615367183872157,-51.6447473589189
458105000.0,-0.9994675813698419,-0.032522635337351335,-8.500814744442602e-05,0.002612423213608212,-51.654533226372614
458227500.0,-0.9994679508519946,-0.03251151499858682,-8.488344202694942e-05,0.0026094840510393585,-51.664314117749385
458350000.0,-0.9994683198860019,-0.03250040398063109,-8.475898244289131e-05,0.002606549685595593,-51.674090039046746
458472500.0,-0.9994686884727102,-0.032489302269153746,-8.463476806969632e-05,0.0026036201067365897,-51.68386099625059
458595000.0,-0.9994690566129647,-0.03247820984985832,-8.451079828676453e-05,0.0026006953039515997,-51.693626995335094
458717500.0,-0.9994694243076077,-0.032467126708482015,-8.438707247544371e-05,0.0025977752667593382,-51.703388042262965
458840000.0,-0.9994697915574796,-0.032456052830795695,-8.426359001902241e-05,0.0025948599847078974,-51.71314414298523
458962500.0,-0.9994701583634185,-0.032444988202603775,-8.414035030272235e-05,0.0025919494473746352,-51.72289530344145
459085000.0,-0.9994705247262596,-0.03243393280974401,-8.401735271369116e-05,0.002589043644366078,-51.732641529559665
459207500.0,-0.9994708906468373,-0.032422886638087525,-8.389459664099512e-05,0.00258614256531782,-51.742382827256435
459330000.0,-0.9994712561259825,-0.03241184967353868,-8.377208147561228e-05,0.002583246199894431,-51.752119202436866
459452500.0,-0.9994716211645243,-0.032400821902034846,-8.36498066104244e-05,0.0025803545377893387,-51.761850660994675
459575000.0,-0.9994719857632891,-0.03238980330954645,-8.352777144021072e-05,0.00257746756872475,-51.77157720881219
459697500.0,-0.9994723499231025,-0.0323787938820768,-8.340597536164009e-05,0.0025745852824515377,-51.78129885176038
459820000.0,-0.9994727136447864,-0.032367793605662,-8.328441777326459e-05,0.0025717076687491553,-51.791015595698894
459942500.0,-0.9994730769291617,-0.03235680246637081,-8.316309807551154e-05,0.0025688347174255242,-51.800727446476074
460065000.0,-0.999473439777046,-0.03234582045030461,-8.304201567067748e-05,0.0025659664183169534,-51.81043440992902
460187500.0,-0.9994738021892553,-0.03233484754359718,-8.292116996292008e-05,0.0025631027612880233,-51.82013649188362
460310000.0,-0.9994741641666038,-0.03232388373241479,-8.280056035825218e-05,0.0025602437362315087,-51.82983369815449
460432500.0,-0.9994745257099032,-0.03231292900295591,-8.268018626453418e-05,0.0025573893330682693,-51.83952603454514
460555000.0,-0.9994748868199625,-0.03230198334145114,-8.256004709146705e-05,0.0025545395417471547,-51.84921350684789
460677500.0,-0.9994752474975895,-0.032291046734163234,-8.244014225058612e-05,0.0025516943522449187,-51.85889612084399
460800000.0,-0.9994756077435891,-0.03228011916738688,-8.232047115525356e-05,0.0025488537545661147,-51.868573882303544
460922500.0,-0.9994759675587651,-0.03226920062744864,-8.22010332206518e-05,0.0025460177387430045,-51.878246796985664
461045000.0,-0.999476326943918,-0.03225829110070684,-8.208182786377668e-05,0.0025431862948354644,-51.88791487063839
461167500.0,-0.9994766858998467,-0.03224739057355144,-8.196285450343071e-05,0.0025403594129308894,-51.897578108998786
461290000.0,-0.9994770444273479,-0.032236499032404026,-8.184411256021633e-05,0.002537537083144102,-51.907236517792946
461412500.0,-0.9994774025272168,-0.032225616463717646,-8.172560145652926e-05,0.0025347192956172607,-51.916890102736
461535000.0,-0.9994777602002457,-0.03221474285397667,-8.160732061655161e-05,0.0025319060405197607,-51.92653886953218
461657500.0,-0.9994781174472248,-0.032203878189696784,-8.148926946624547e-05,0.002529097308048149,-51.93618282387486
461780000.0,-0.9994784742689431,-0.032193022457424836,-8.137144743334605e-05,0.0025262930884260267,-51.94582197144651
461902500.0,-0.999478830666187,-0.03218217564373877,-8.125385394735542e-05,0.0025234933719039633,-51.95545631791882
462025000.0,-0.9994791866397407,-0.03217133773524747,-8.11364884395355e-05,0.0025206981487593976,-51.965085868952656
462147500.0,-0.9994795421903865,-0.032160508718590754,-8.101935034290187e-05,0.0025179074092965548,-51.9747106301981
462270000.0,-0.9994798973189045,-0.0321496885804392,-8.090243909221729e-05,0.0025151211438463527,-51.98433060729453
462392500.0,-0.999480252026073,-0.03213887730749407,-8.078575412398477e-05,0.002512339342766308,-51.993945805870595
462515000.0,-0.9994806063126683,-0.032128074886487244,-8.066929487644165e-05,0.002509561996440453,-52.00355623154424
462637500.0,-0.9994809601794645,-0.0321172813041811,-8.055306078955289e-05,0.002506789095279243,-52.01316188992276
462760000.0,-0.9994813136272335,-0.032106496547368406,-8.043705130500467e-05,0.0025040206297194645,-52.022762786602854
462882500.0,-0.999481666656746,-0.032095720602872274,-8.032126586619827e-05,0.0025012565902241546,-52.03235892717057
463005000.0,-0.9994820192687695,-0.03208495345754597,-8.020570391824323e-05,0.0024984969672825004,-52.0419503172014
463127500.0,-0.9994823714640703,-0.03207419509827298,-8.009036490795172e-05,0.0024957417514097657,-52.051536962260286
463250000.0,-0.9994827232434126,-0.03206344551196675,-7.997524828383157e-05,0.0024929909331471893,-52.061118867901676
463372500.0,-0.9994830746075586,-0.03205270468557067,-7.986035349608052e-05,0.002490244503061909,-52.07069603966947
463495000.0,-0.9994834255572682,-0.032041972606057983,-7.974567999657961e-05,0.0024875024517468647,-52.08026848309717
463617500.0,-0.9994837760933004,-0.03203124926043174,-7.963122723888745e-05,0.0024847647698207236,-52.08983620370777
463740000.0,-0.9994841262164105,-0.03202053463572455,-7.95169946782334e-05,0.002482031447927781,-52.0993992070139
463862500.0,-0.9994844759273529,-0.03200982871899868,-7.940298177151207e-05,0.002479302476737885,-52.10895749851779
463985000.0,-0.9994848252268806,-0.03199913149734584,-7.928918797727675e-05,0.0024765778469463453,-52.11851108371132
464107500.0,-0.9994851741157436,-0.03198844295788713,-7.917561275573348e-05,0.002473857549273849,-52.128059968076016
464230000.0,-0.99948552259469,-0.03197776308777293,-7.906225556873478e-05,0.0024711415744663725,-52.13760415708314
464352500.0,-0.9994858706644673,-0.03196709187418287,-7.894911587977422e-05,0.002468429913295111,-52.14714365619362
464475000.0,-0.999486218325819,-0.03195642930432564,-7.883619315397952e-05,0.0024657225565563727,-52.15667847085819
464597500.0,-0.999486565579488,-0.03194577536543903,-7.872348685810725e-05,0.002463019495071512,-52.16620860651734
464720000.0,-0.9994869124262157,-0.03193513004478971,-7.861099646053649e-05,0.002460320719686838,-52.17573406860133
464842500.0,-0.9994872588667405,-0.031924493329673224,-7.849872143126303e-05,0.002457626221273534,-52.18525486253029
464965000.0,-0.9994876049017997,-0.03191386520741388,-7.838666124189351e-05,0.002454935990727575,-52.19477099371419
465087500.0,-0.9994879505321278,-0.03190324566536462,-7.827481536563933e-05,0.0024522500189696427,-52.204282467552865
465210000.0,-0.9994882957584584,-0.03189263469090705,-7.81631832773111e-05,0.0024495682969450467,-52.21378928943607
465332500.0,-0.999488640581523,-0.03188203227145121,-7.805176445331233e-05,0.002446890815623637,-52.2232914647435
465455000.0,-0.9994889850020506,-0.03187143839443557,-7.794055837163409e-05,0.0024442175659997296,-52.232788998844775
465577500.0,-0.9994893290207689,-0.031860853047326915,-7.782956451184899e-05,0.0024415485390920206,-52.24228189709955
465700000.0,-0.9994896726384036,-0.031850276217620294,-7.771878235510539e-05,0.002438883725943506,-52.25177016485745
465822500.0,-0.999490015855679,-0.0318397078928389,-7.760821138412176e-05,0.002436223117621402,-52.26125380745813
465945000.0,-0.9994903586733165,-0.031829148060533954,-7.749785108318091e-05,0.0024335667052170647,-52.270732830231346
466067500.0,-0.9994907010920365,-0.03181859670828471,-7.738770093812427e-05,0.0024309144798459084,-52.28020723849689
466190000.0,-0.9994910431125577,-0.0318080538236983,-7.727776043634627e-05,0.002428266432647328,-52.2896770375647
466312500.0,-0.9994913847355961,-0.03179751939440965,-7.716802906678876e-05,0.0024256225547846194,-52.29914223273484
466435000.0,-0.9994917259618662,-0.03178699340808142,-7.705850631993519e-05,0.0024229828374448983,-52.308602829297534
466557500.0,-0.9994920667920816,-0.03177647585240393,-7.694919168780529e-05,0.002420347271839027,-52.31805883253318
466680000.0,-0.999492407226953,-0.03176596671509504,-7.684008466394922e-05,0.002417715849201528,-52.32751024771241
466802500.0,-0.9994927472671897,-0.03175546598390012,-7.673118474344229e-05,0.0024150885607905127,-52.33695708009607
466925000.0,-0.9994930869134987,-0.03174497364659183,-7.662249142287906e-05,0.002412465397887598,-52.3463993349353
467047500.0,-0.9994934261665864,-0.031734489690970286,-7.651400420036833e-05,0.002409846351797835,-52.355837017471494
467170000.0,-0.9994937650271563,-0.03172401410486272,-7.640572257552731e-05,0.002407231413849627,-52.36527013293636
467292500.0,-0.9994941034959102,-0.031713546876123516,-7.629764604947614e-05,0.002404620575394653,-52.374698686551966
467415000.0,-0.999494441573549,-0.03170308799263423,-7.6189774124833e-05,0.0024020138278077986,-52.3841226835307
467537500.0,-0.9994947792607709,-0.031692637442303224,-7.608210630570772e-05,0.0023994111624870643,-52.393542129075364
467660000.0,-0.9994951165582725,-0.0316821952130659,-7.597464209769736e-05,0.002396812570853504,-52.40295702837918
467782500.0,-0.9994954534667494,-0.031671761292884404,-7.586738100788029e-05,0.002394218044351144,-52.41236738662575
467905000.0,-0.9994957899868943,-0.03166133566974766,-7.576032254481108e-05,0.0023916275744469053,-52.421773208989194
468027500.0,-0.999496126119399,-0.03165091833167124,-7.565346621851524e-05,0.0023890411526305355,-52.43117450063408
468150000.0,-0.9994964618649534,-0.031640509266697266,-7.554681154048353e-05,0.002386458770414524,-52.440571266715466
468272500.0,-0.9994967972242453,-0.03163010846289438,-7.54403580236671e-05,0.002383880419334035,-52.449963512378986
468395000.0,-0.9994971321979611,-0.03161971590835764,-7.533410518247213e-05,0.002381306090946831,-52.459351242760796
468517500.0,-0.9994974667867855,-0.03160933159120843,-7.522805253275449e-05,0.0023787357768331983,-52.46873446298763
468640000.0,-0.9994978009914008,-0.031598955499594385,-7.512219959181475e-05,0.0023761694685958765,-52.47811317817682
468762500.0,-0.9994981348124892,-0.03158858762168938,-7.501654587839278e-05,0.002373607157859981,-52.48748739343634
468885000.0,-0.9994984682507294,-0.03157822794569333,-7.49110909126627e-05,0.0023710488362729304,-52.49685711386479
469007500.0,-0.9994988013067994,-0.031567876459832174,-7.480583421622759e-05,0.002368494495504375,-52.50622234455147
469130000.0,-0.9994991339813752,-0.03155753315235785,-7.47007753121148e-05,0.0023659441272461286,-52.51558309057633
469252500.0,-0.999499466275131,-0.031547198011548074,-7.459591372477015e-05,0.0023633977232120837,-52.52493935701008
469375000.0,-0.99949979818874,-0.031536871025706466,-7.449124898005367e-05,0.0023608552751381573,-52.53429114891417
469497500.0,-0.9995001297228725,-0.03152655218316229,-7.438678060523387e-05,0.002358316774782203,-52.543638471340785
469620000.0,-0.9995004608781984,-0.031516241472270445,-7.428250812898293e-05,0.002355782213923946,-52.55298132933291
469742500.0,-0.9995007916553853,-0.03150593888141145,-7.417843108137204e-05,0.002353251584364919,-52.562319727924354
469865000.0,-0.9995011220550989,-0.03149564439899121,-7.407454899386572e-05,0.002350724877928377,-52.57165367213975
469987500.0,-0.9995014520780039,-0.031485358013441156,-7.397086139931749e-05,0.002348202086459238,-52.5809831669946
470110000.0,-0.9995017817247627,-0.03147507971321797,-7.386736783196458e-05,0.0023456832018240088,-52.590308217495256
470232500.0,-0.9995021109960367,-0.03146480948680362,-7.376406782742305e-05,0.0023431682159107147,-52.599628828639
470355000.0,-0.9995024398924848,-0.03145454732270526,-7.366096092268296e-05,0.002340657120628831,-52.608945005414036
470477500.0,-0.9995027684147652,-0.03144429320945516,-7.355804665610346e-05,0.002338149907909213,-52.6182567527995
470600000.0,-0.9995030965635339,-0.03143404713561061,-7.345532456740784e-05,0.002335646569704025,-52.62756407576553
470722500.0,-0.9995034243394454,-0.031423809089753875,-7.335279419767877e-05,0.002333147097986674,-52.6368669792732
470845000.0,-0.9995037517431526,-0.0314135790604921,-7.325045508935351e-05,0.0023306514847517418,-52.646165468274674
470967500.0,-0.9995040787753068,-0.03140335703645723,-7.314830678621894e-05,0.002328159722014911,-52.655459547713086
471090000.0,-0.9995044054365576,-0.031393143006305996,-7.304634883340696e-05,0.002325671801812904,-52.66474922252268
471212500.0,-0.9995047317275534,-0.031382936958719736,-7.294458077738965e-05,0.0023231877162034095,-52.674034497628746
471335000.0,-0.99950505764894,-0.03137273888240444,-7.284300216597444e-05,0.0023207074572650175,-52.683315377947714
471457500.0,-0.9995053832013632,-0.03136254876609058,-7.274161254829957e-05,0.002318231017097154,-52.6925918683871
471580000.0,-0.9995057083854655,-0.03135236659853309,-7.264041147482917e-05,0.002315758387820007,-52.7018639738456
471702500.0,-0.9995060332018888,-0.031342192368511296,-7.253939849734883e-05,0.0023132895615744697,-52.71113169921306
471825000.0,-0.9995063576512734,-0.031332026064828794,-7.243857316896051e-05,0.0023108245305220607,-52.720395049370545
471947500.0,-0.9995066817342576,-0.031321867676313474,-7.233793504407844e-05,0.002308363286844872,-52.72965402919031
472070000.0,-0.9995070054514786,-0.03131171719181732,-7.223748367842405e-05,0.002305905822745492,-52.73890864353585
472192500.0,-0.9995073288035716,-0.03130157460021647,-7.213721862902164e-05,0.0023034521304469468,-52.748158897261916
472315000.0,-0.9995076517911711,-0.03129143989041107,-7.203713945419361e-05,0.0023010022021926297,-52.757404795214555
472437500.0,-0.9995079744149087,-0.03128131305132519,-7.193724571355596e-05,0.0022985560302462384,-52.76664634223109
472560000.0,-0.9995082966754154,-0.03127119407190681,-7.183753696801371e-05,0.002296113606891709,-52.77588354314018
472682500.0,-0.9995086185733199,-0.031261082941127685,-7.173801277975635e-05,0.0022936749244331493,-52.785116402761844
472805000.0,-0.9995089401092507,-0.03125097964798337,-7.163867271225354e-05,0.0022912399751947813,-52.79434492590742
472927500.0,-0.9995092612838338,-0.031240884181493057,-7.153951633025016e-05,0.002288808751520866,-52.80356911737968
473050000.0,-0.9995095820976932,-0.031230796530699538,-7.144054319976233e-05,0.00228638124577565,-52.81278898197278
473172500.0,-0.9995099025514529,-0.03122071668466917,-7.134175288807271e-05,0.0022839574503432953,-52.822004524472305
473295000.0,-0.9995102226457337,-0.03121064463249176,-7.124314496372598e-05,0.002281537357627817,-52.83121574965528
473417500.0,-0.9995105423811562,-0.031200580363280498,-7.114471899652453e-05,0.002279120960053018,-52.84042266229022
473540000.0,-0.9995108617583386,-0.03119052386617191,-7.104647455752403e-05,0.00227670825006243,-52.84962526713714
473662500.0,-0.9995111807778977,-0.03118047513032579,-7.094841121902903e-05,0.002274299220119248,-52.85882356894754
473785000.0,-0.9995114994404498,-0.031170434144925162,-7.08505285545888e-05,0.0022718938627062707,-52.868017572464474
473907500.0,-0.9995118177466084,-0.031160400899176113,-7.075282613899255e-05,0.0022694921703258313,-52.87720728242252
474030000.0,-0.999512135696986,-0.031150375382307843,-7.065530354826551e-05,0.0022670941354997437,-52.886392703547855
474152500.0,-0.9995124532921942,-0.031140357583572507,-7.055796035966429e-05,0.0022646997507692326,-52.89557384055826
474275000.0,-0.9995127705328419,-0.031130347492245206,-7.04607961516728e-05,0.0022623090086948765,-52.90475069816311
474397500.0,-0.9995130874195377,-0.031120345097623913,-7.036381050399803e-05,0.002259921901856549,-52.91392328106344
474520000.0,-0.9995134039528881,-0.03111035038902938,-7.026700299756553e-05,0.0022575384228533508,-52.923091593951895
474642500.0,-0.9995137201334984,-0.031100363355805096,-7.017037321451535e-05,0.002255158564303552,-52.93225564151285
474765000.0,-0.9995140359619723,-0.031090383987317206,-7.007392073819767e-05,0.0022527823188445303,-52.94141542842236
474887500.0,-0.9995143514389118,-0.031080412272954442,-6.997764515316879e-05,0.002250409679132712,-52.950570959348184
475010000.0,-0.9995146665649177,-0.031070448202128072,-6.988154604518676e-05,0.002248040637843512,-52.95972223894982
475132500.0,-0.9995149813405898,-0.03106049176427187,-6.97856230012074e-05,0.0022456751876712725,-52.96886927187855
475255000.0,-0.9995152957665259,-0.03105054294884197,-6.968987560937987e-05,0.002243313321329202,-52.978012062777395
475377500.0,-0.9995156098433221,-0.031040601745316854,-6.959430345904271e-05,0.0022409550315493163,-52.98715061628122
475500000.0,-0.9995159235715737,-0.03103066814319728,-6.949890614071969e-05,0.0022386003110823807,-52.996284937016654
475622500.0,-0.9995162369518743,-0.031020742132006212,-6.94036832461157e-05,0.0022362491526978505,-53.00541502960222
475745000.0,-0.9995165499848162,-0.03101082370128878,-6.930863436811267e-05,0.0022339015491838103,-53.014540898648235
475867500.0,-0.9995168626709898,-0.031000912840612165,-6.92137591007654e-05,0.002231557493346916,-53.02366254875696
475990000.0,-0.9995171750109846,-0.030991009539565594,-6.911905703929767e-05,0.002229216978012337,-53.032779984522506
476112500.0,-0.9995174870053888,-0.030981113787760237,-6.902452778009801e-05,0.0022268799960236964,-53.04189321053091
476235000.0,-0.9995177986547887,-0.030971225574829165,-6.893017092071582e-05,0.0022245465402430152,-53.05100223136016
476357500.0,-0.9995181099597698,-0.03096134489042727,-6.883598605985732e-05,0.0022222166035506525,-53.06010705158019
476480000.0,-0.9995184209209148,-0.030951471724231197,-6.874197279738144e-05,0.0022198901788452463,-53.06920767575289
476602500.0,-0.9995187315388074,-0.03094160606593937,-6.864813073429616e-05,0.0022175672590436625,-53.07830410843219
476725000.0,-0.9995190418140272,-0.030931747905271742,-6.855445947275412e-05,0.0022152478370809285,-53.087396354164
476847500.0,-0.9995193517471548,-0.03092189723196994,-6.846095861604901e-05,0.0022129319059101846,-53.096484417486245
476970000.0,-0.9995196613387679,-0.03091205403579709,-6.836762776861151e-05,0.0022106194585026213,-53.10556830292895
477092500.0,-0.9995199705894434,-0.030902218306537752,-6.827446653600537e-05,0.002208310487847426,-53.11464801501418
477215000.0,-0.9995202794997566,-0.0308923900339979,-6.818147452492351e-05,0.002206004986951723,-53.1237235582561
477337500.0,-0.9995205880702814,-0.030882569208004845,-6.808865134318424e-05,0.002203702948840525,-53.13279493716099
477460000.0,-0.9995208963015912,-0.030872755818407215,-6.799599659972739e-05,0.0022014043665566697,-53.14186215622722
477582500.0,-0.9995212041942566,-0.030862949855074755,-6.790350990461008e-05,0.002199109233160762,-53.150925219945364
477705000.0,-0.9995215117488481,-0.030853151307898494,-6.781119086900363e-05,0.0021968175417311307,-53.15998413279813
477827500.0,-0.9995218189659338,-0.03084336016679043,-6.771903910518885e-05,0.0021945292853637567,-53.169038899260414
477950000.0,-0.9995221258460814,-0.030833576421683682,-6.7627054226553e-05,0.002192244457172232,-53.17808952379933
478072500.0,-0.9995224323898566,-0.030823800062532325,-6.75352358475856e-05,0.0021899630502876972,-53.18713601087418
478195000.0,-0.9995227385978237,-0.030814031079311327,-6.744358358387479e-05,0.00218768505785879,-53.19617836493654
478317500.0,-0.999523044470547,-0.030804269462016563,-6.735209705210347e-05,0.0021854104730515884,-53.20521659043024
478440000.0,-0.9995233500085874,-0.030794515200664653,-6.726077587004562e-05,0.0021831392890495557,-53.214250691791385
478562500.0,-0.9995236552125053,-0.03078476828529297,-6.716961965656264e-05,0.0021808714990534904,-53.22328067344836
478685000.0,-0.9995239600828613,-0.030775028705959617,-6.70786280315995e-05,0.0021786070962814697,-53.23230653982189
478807500.0,-0.999524264620212,-0.030765296452743274,-6.698780061618125e-05,0.002176346073968796,-53.24132829532501
478930000.0,-0.999524568825115,-0.030755571515743187,-6.689713703240896e-05,0.0021740884253679408,-53.25034594436313
479052500.0,-0.9995248726981248,-0.030745853885079118,-6.680663690345651e-05,0.002171834143748497,-53.25935949133402
479175000.0,-0.999525176239796,-0.030736143550891274,-6.67162998535665e-05,0.0021695832223971195,-53.26836894062782
479297500.0,-0.9995254794506815,-0.03072644050334029,-6.66261255080471e-05,0.0021673356546174794,-53.27737429662711
479420000.0,-0.9995257823313319,-0.03071674473260706,-6.653611349326783e-05,0.002165091433730201,-53.28637556370687
479542500.0,-0.9995260848822981,-0.03070705622889283,-6.64462634366566e-05,0.002162850553072824,-53.29537274623452
479665000.0,-0.9995263871041286,-0.030697374982419038,-6.635657496669556e-05,0.0021606130059997355,-53.304365848569965
479787500.0,-0.9995266889973707,-0.030687700983427272,-6.626704771291781e-05,0.0021583787858821275,-53.313354875065556
479910000.0,-0.9995269905625712,-0.03067803422217925,-6.617768130590376e-05,0.0021561478861079424,-53.322339830066156
480032500.0,-0.999527291800275,-0.030668374688956734,-6.608847537727759e-05,0.0021539203000818215,-53.33132071790914
480155000.0,-0.9995275927110254,-0.030658722374061465,-6.599942955970369e-05,0.0021516960212250515,-53.34029754292444
480277500.0,-0.9995278932953654,-0.030649077267815156,-6.591054348688318e-05,0.002149475042975517,-53.34927030943448
480400000.0,-0.9995281935538357,-0.03063943936055937,-6.58218167935504e-05,0.002147257358787646,-53.3582390217543
480522500.0,-0.9995284934869766,-0.030629808642655527,-6.573324911546929e-05,0.0021450429621323592,-53.3672036841915
480645000.0,-0.9995287930953263,-0.03062018510448479,-6.564484008943e-05,0.002142831846497019,-53.3761643010463
480767500.0,-0.9995290923794226,-0.030610568736448053,-6.555658935324548e-05,0.0021406240053853816,-53.385120876611516
480890000.0,-0.9995293913398015,-0.0306009595289659,-6.546849654574806e-05,0.002138419432317546,-53.39407341517261
481012500.0,-0.9995296899769979,-0.030591357472478462,-6.538056130678567e-05,0.0021362181208298974,-53.40302192100772
481135000.0,-0.9995299882915455,-0.03058176255744548,-6.529278327721883e-05,0.0021340200644750654,-53.41196639838762
481257500.0,-0.9995302862839763,-0.030572174774346157,-6.520516209891704e-05,0.002131825256821871,-53.420906851575786
481380000.0,-0.9995305839548223,-0.030562594113679176,-6.511769741475533e-05,0.0021296336914552747,-53.42984328482842
481502500.0,-0.999530881304613,-0.030553020565962558,-6.503038886861097e-05,0.002127445361976328,-53.43877570239443
481625000.0,-0.9995311783338768,-0.030543454121733725,-6.494323610536023e-05,0.002125260262002131,-53.447704108515445
481747500.0,-0.9995314750431418,-0.03053389477154933,-6.485623877087456e-05,0.0021230783851657687,-53.45662850742588
481870000.0,-0.9995317714329337,-0.03052434250598527,-6.476939651201773e-05,0.0021208997251162746,-53.465548903352925
481992500.0,-0.999532067503778,-0.03051479731563663,-6.46827089766423e-05,0.0021187242755185774,-53.47446530051655
482115000.0,-0.9995323632561982,-0.030505259191117615,-6.459617581358623e-05,0.002116552030053452,-53.48337770312953
482237500.0,-0.9995326586907173,-0.0304957281230615,-6.450979667266974e-05,0.0021143829824174726,-53.49228611539746
482360000.0,-0.9995329538078563,-0.030486204102120548,-6.442357120469174e-05,0.00211221712632296,-53.501190541518795
482482500.0,-0.9995332486081359,-0.03047668711896606,-6.433749906142708e-05,0.002110054455497943,-53.51009098568484
482605000.0,-0.9995335430920748,-0.03046717716428816,-6.425157989562247e-05,0.002107894963686096,-53.518987452079784
482727500.0,-0.9995338372601906,-0.030457674228795882,-6.416581336099403e-05,0.0021057386446467065,-53.52787994488069
482850000.0,-0.9995341311130003,-0.030448178303217086,-6.408019911222357e-05,0.0021035854921546172,-53.53676846825755
482972500.0,-0.9995344246510195,-0.03043868937829835,-6.39947368049555e-05,0.002101435500000182,-53.54565302637325
483095000.0,-0.9995347178747619,-0.03042920744480497,-6.390942609579363e-05,0.00209928866198922,-53.554533623383655
483217500.0,-0.999535010784741,-0.030419732493520913,-6.382426664229789e-05,0.002097144971942965,-53.56341026343757
483340000.0,-0.9995353033814683,-0.030410264515248704,-6.373925810298116e-05,0.0020950044236980212,-53.57228295067677
483462500.0,-0.9995355956654552,-0.0304008035008095,-6.365440013730626e-05,0.0020928670111063177,-53.58115168923603
483585000.0,-0.9995358876372106,-0.030391349441042846,-6.356969240568236e-05,0.0020907327280350555,-53.59001648324313
483707500.0,-0.999536179297243,-0.030381902326806837,-6.348513456946236e-05,0.00208860156836667,-53.59887733681888
483830000.0,-0.9995364706460602,-0.03037246214897795,-6.340072629093948e-05,0.0020864735259987807,-53.60773425407711
483952500.0,-0.9995367616841673,-0.030363028898450935,-6.331646723334381e-05,0.002084348594844138,-53.61658723912473
484075000.0,-0.9995370524120698,-0.030353602566138924,-6.32323570608399e-05,0.002082226768830593,-53.625436296061714
484197500.0,-0.9995373428302715,-0.03034418314297328,-6.314839543852307e-05,0.0020801080419010367,-53.6342814289811
484320000.0,-0.9995376329392749,-0.030334770619903553,-6.306458203241658e-05,0.002077992408013363,-53.64312264196907
484442500.0,-0.9995379227395812,-0.030325364987897407,-6.298091650946833e-05,0.002075879861140418,-53.65195993910491
484565000.0,-0.999538212231691,-0.030315966237940684,-6.289739853754824e-05,0.002073770395269964,-53.66079332446104
484687500.0,-0.9995385014161036,-0.030306574361037227,-6.281402778544458e-05,0.00207166400440462,-53.669622802103014
484810000.0,-0.9995387902933163,-0.03029718934820886,-6.273080392286139e-05,0.002069560682561829,-53.67844837608959
484932500.0,-0.9995390788638269,-0.030287811190495426,-6.264772662041538e-05,0.0020674604237738104,-53.687270050472684
485055000.0,-0.9995393671281305,-0.03027843987895459,-6.25647955496325e-05,0.002065363222087508,-53.696087829297426
485177500.0,-0.9995396550867222,-0.03026907540466193,-6.248201038294556e-05,0.0020632690715645576,-53.70490171660215
485300000.0,-0.9995399427400954,-0.03025971775871083,-6.239937079369087e-05,0.0020611779662812347,-53.71371171641843
485422500.0,-0.999540230088742,-0.030250366932212384,-6.231687645610513e-05,0.0020590899003284104,-53.722517832771075
485545000.0,-0.9995405171331544,-0.030241022916295452,-6.223452704532278e-05,0.0020570048678115113,-53.73132006967816
485667500.0,-0.9995408038738217,-0.030231685702106503,-6.215232223737277e-05,0.002054922862850472,-53.74011843115107
485790000.0,-0.9995410903112334,-0.030222355280809667,-6.207026170917582e-05,0.002052843879579695,-53.748912921194425
485912500.0,-0.9995413764458774,-0.030213031643586595,-6.198834513854124e-05,0.0020507679121480027,-53.75770354380619
486035000.0,-0.9995416622782407,-0.03020371478163651,-6.19065722041643e-05,0.0020486949547186,-53.76649030297764
486157500.0,-0.9995419478088087,-0.030194404686176034,-6.182494258562297e-05,0.0020466250014690244,-53.775273202693405
486280000.0,-0.9995422330380663,-0.030185101348439294,-6.174345596337535e-05,0.00204455804659111,-53.784052246931466
486402500.0,-0.9995425179664973,-0.030175804759677738,-6.16621120187565e-05,0.0020424940842909372,-53.79282743966315
486525000.0,-0.9995428025945837,-0.030166514911160135,-6.158091043397557e-05,0.002040433108788794,-53.80159878485321
486647500.0,-0.9995430869228071,-0.030157231794172595,-6.149985089211325e-05,0.002038375114319136,-53.81036628645976
486770000.0,-0.9995433709516477,-0.0301479554000184,-6.141893307711853e-05,0.0020363200951305387,-53.81912994843435
486892500.0,-0.9995436546815849,-0.030138685720018085,-6.133815667380602e-05,0.0020342680454856587,-53.82788977472196
487015000.0,-0.9995439381130969,-0.03012942274550927,-6.125752136785308e-05,0.00203221895966119,-53.83664576926101
487137500.0,-0.9995442212466606,-0.03012016646784671,-6.117702684579693e-05,0.0020301728319478208,-53.845397935983385
487260000.0,-0.9995445040827519,-0.030110916878402172,-6.109667279503193e-05,0.0020281296566501948,-53.85414627881445
487382500.0,-0.9995447866218459,-0.030101673968564495,-6.1016458903806895e-05,0.002026089428086871,-53.862890801673025
487505000.0,-0.9995450688644164,-0.030092437729739414,-6.0936384861221865e-05,0.002024052140590274,-53.871631508471495
487627500.0,-0.9995453508109363,-0.030083208153349618,-6.085645035722578e-05,0.0020220177885066615,-53.88036840311571
487750000.0,-0.9995456324618772,-0.030073985230834644,-6.077665508261338e-05,0.002019986366196077,-53.889101489505094
487872500.0,-0.9995459138177099,-0.03006476895365086,-6.069699872902266e-05,0.002017957868032312,-53.897830771532604
487995000.0,-0.9995461948789042,-0.030055559313271415,-6.0617480988932e-05,0.002015932288402865,-53.90655625308476
488117500.0,-0.9995464756459282,-0.03004635630118619,-6.053810155565747e-05,0.0020139096217089,-53.91527793804166
488240000.0,-0.9995467561192499,-0.030037159908901753,-6.0458860123349975e-05,0.002011889862365203,-53.923995830277
488362500.0,-0.9995470362993355,-0.03002797012794133,-6.0379756386992766e-05,0.002009873004800147,-53.93270993365809
488485000.0,-0.9995473161866506,-0.030018786949844715,-6.030079004239845e-05,0.002007859043455647,-53.94142025204584
488607500.0,-0.9995475957816599,-0.03000961036616832,-6.022196078620659e-05,0.002005847972787124,-53.95012678929483
488730000.0,-0.9995478750848261,-0.030000440368484985,-6.014326831588061e-05,0.0020038397872634583,-53.95882954925326
488852500.0,-0.999548154096612,-0.029991276948384077,-6.006471232970558e-05,0.0020018344813669577,-53.967528535763016
488975000.0,-0.9995484328174793,-0.0299821200974714,-5.998629252678528e-05,0.001999832049593313,-53.97622375265965
489097500.0,-0.9995487112478878,-0.029972969807369083,-5.99080086070394e-05,0.0019978324864515563,-53.98491520377243
489220000.0,-0.9995489893882966,-0.029963826069715625,-5.982986027120125e-05,0.001995835786464027,-53.99360289292432
489342500.0,-0.9995492672391643,-0.029954688876165817,-5.975184722081484e-05,0.0019938419441663294,-54.00228682393199
489465000.0,-0.9995495448009484,-0.0299455582183907,-5.967396915823232e-05,0.0019918509541072913,-54.01096700060589
489587500.0,-0.9995498220741048,-0.02993643408807752,-5.959622578661147e-05,0.0019898628108489308,-54.019643426750164
489710000.0,-0.9995500990590884,-0.029927316476929672,-5.951861680991292e-05,0.001987877508966411,-54.028316106162784
489832500.0,-0.9995503757563539,-0.029918205376666708,-5.9441141932897675e-05,0.0019858950430480067,-54.03698504263544
489955000.0,-0.9995506521663545,-0.029909100779024218,-5.936380086112429e-05,0.001983915407695057,-54.04565023995368
490077500.0,-0.999550928289542,-0.029900002675753847,-5.928659330094675e-05,0.0019819385975219407,-54.0543117018968
490200000.0,-0.9995512041263682,-0.02989091105862326,-5.9209518959511386e-05,0.0019799646071560232,-54.06296943223796
490322500.0,-0.9995514796772831,-0.029881825919416044,-5.913257754475476e-05,0.0019779934312376306,-54.071623434744126
490445000.0,-0.9995517549427355,-0.02987274724993167,-5.905576876540067e-05,0.0019760250644200008,-54.08027371317615
490567500.0,-0.9995520299231745,-0.029863675041985546,-5.8979092330957996e-05,0.001974059501369253,-54.0889202712887
490690000.0,-0.9995523046190464,-0.029854609287408827,-5.89025479517179e-05,0.001972096736764347,-54.097563112830336
490812500.0,-0.9995525790307981,-0.02984554997804852,-5.882613533875147e-05,0.001970136765297045,-54.106202241543556
490935000.0,-0.9995528531588744,-0.029836497105767322,-5.874985420390703e-05,0.001968179581671873,-54.1148376611647
491057500.0,-0.9995531270037201,-0.029827450662443675,-5.867370425980799e-05,0.0019662251806060907,-54.12346937542405
491180000.0,-0.9995534005657785,-0.029818410639971656,-5.859768521984989e-05,0.0019642735568296435,-54.13209738804583
491302500.0,-0.9995536738454913,-0.02980937703026094,-5.8521796798198166e-05,0.001962324705085131,-54.140721702748195
491425000.0,-0.9995539468433005,-0.029800349825236827,-5.84460387097856e-05,0.0019603786201277673,-54.14934232324327
491547500.0,-0.9995542195596466,-0.029791329016840146,-5.837041067031014e-05,0.0019584352967253523,-54.157959253237124
491670000.0,-0.9995544919949686,-0.029782314597027158,-5.8294912396231824e-05,0.0019564947296582197,-54.166572496429865
491792500.0,-0.9995547641497052,-0.029773306557769663,-5.8219543604771026e-05,0.0019545569137192163,-54.175182056515546
491915000.0,-0.999555036024294,-0.029764304891054836,-5.814430401390548e-05,0.0019526218437136528,-54.183787937182274
492037500.0,-0.9995553076191714,-0.029755309588885216,-5.806919334236809e-05,0.0019506895144592738,-54.19239014211216
492160000.0,-0.9995555789347732,-0.0297463206432787,-5.7994211309644594e-05,0.0019487599207862224,-54.20098867498136
492282500.0,-0.9995558499715342,-0.029737338046268488,-5.791935763597097e-05,0.001946833057537,-54.20958353946007
492405000.0,-0.9995561207298878,-0.029728361789902975,-5.7844632042331006e-05,0.0019449089195664306,-54.21817473921259
492527500.0,-0.9995563912102668,-0.029719391866245844,-5.777003425045423e-05,0.0019429875017416304,-54.22676227789725
492650000.0,-0.9995566614131031,-0.029710428267375903,-5.7695563982813036e-05,0.0019410687989419625,-54.235346159166504
492772500.0,-0.999556931338828,-0.029701470985387123,-5.762122096262073e-05,0.0019391528060590103,-54.243926386666914
492895000.0,-0.9995572009878706,-0.029692520012388535,-5.7547004913828875e-05,0.0019372395179965349,-54.25250296403914
493017500.0,-0.9995574703606604,-0.02968357534050427,-5.747291556112526e-05,0.0019353289296704468,-54.26107589491799
493140000.0,-0.9995577394576258,-0.029674636961873477,-5.739895262993121e-05,0.0019334210360087644,-54.2696451829324
493262500.0,-0.9995580082791936,-0.02966570486865023,-5.732511584639931e-05,0.0019315158319515783,-54.27821083170549
493385000.0,-0.9995582768257899,-0.029656779053003592,-5.725140493741135e-05,0.0019296133124510244,-54.286772844854525
493507500.0,-0.9995585450978401,-0.02964785950711749,-5.717781963057558e-05,0.0019277134724712377,-54.29533122599098
493630000.0,-0.9995588130957691,-0.029638946223190767,-5.710435965422482e-05,0.0019258163069883275,-54.303885978720494
493752500.0,-0.9995590808199998,-0.02963003919343703,-5.7031024737413754e-05,0.0019239218109903344,-54.312437106642946
493875000.0,-0.9995593482709549,-0.029621138410084707,-5.6957814609916974e-05,0.0019220299794772025,-54.32098461335242
493997500.0,-0.9995596154490557,-0.02961224386537694,-5.688472900222647e-05,0.0019201408074607403,-54.329528502437235
494120000.0,-0.9995598823547238,-0.02960335555157164,-5.681176764554944e-05,0.001918254289964588,-54.338068777479975
494242500.0,-0.9995601489883784,-0.02959447346094133,-5.673893027180605e-05,0.0019163704220241848,-54.34660544205747
494365000.0,-0.999560415350438,-0.029585597585773154,-5.666621661362697e-05,0.0019144891986867289,-54.3551384997408
494487500.0,-0.9995606814413218,-0.029576727918368934,-5.659362640435146e-05,0.0019126106150111526,-54.36366795409539
494610000.0,-0.9995609472614458,-0.02956786445104496,-5.6521159378024846e-05,0.0019107346660680808,-54.372193808680905
494732500.0,-0.999561212811227,-0.029559007176132107,-5.644881526939638e-05,0.0019088613469398002,-54.38071606705135
494855000.0,-0.9995614780910802,-0.029550156085975682,-5.6376593813916994e-05,0.0019069906527202256,-54.38923473275506
494977500.0,-0.9995617431014198,-0.029541311172935448,-5.6304494747736996e-05,0.0019051225785148634,-54.397749809334684
495100000.0,-0.9995620078426596,-0.02953247242938562,-5.623251780770418e-05,0.0019032571194407858,-54.406261300327245
495222500.0,-0.9995622723152119,-0.029523639847714705,-5.616066273136112e-05,0.0019013942706265874,-54.414769209264094
495345000.0,-0.9995625365194892,-0.029514813420325647,-5.60889292569435e-05,0.0018995340272123615,-54.42327353967099
495467500.0,-0.9995628004559015,-0.02950599313963557,-5.6017317123377406e-05,0.001897676384349658,-54.43177429506804
495590000.0,-0.9995630641248593,-0.029497178998075947,-5.5945826070277565e-05,0.001895821337201457,-54.44027147896979
495712500.0,-0.9995633275267716,-0.02948837098809244,-5.587445583794501e-05,0.0018939688809421348,-54.44876509488517
495835000.0,-0.9995635906620467,-0.029479569102144897,-5.5803206167364804e-05,0.0018921190107574275,-54.457255146317536
495957500.0,-0.9995638535310915,-0.029470773332707312,-5.573207680020414e-05,0.0018902717218444037,-54.46574163676469
496080000.0,-0.9995641161343132,-0.029461983672267832,-5.566106747880999e-05,0.001888427009411428,-54.47422456971886
496202500.0,-0.999564378472117,-0.029453200113328623,-5.5590177946206904e-05,0.0018865848686781274,-54.48270394866675
496325000.0,-0.9995646405449077,-0.029444422648405928,-5.5519407946095166e-05,0.001884745294875365,-54.49117977708955
496447500.0,-0.9995649023530894,-0.029435651270030012,-5.544875722284848e-05,0.0018829082832452033,-54.499652058462885
496570000.0,-0.9995651638970652,-0.02942688597074508,-5.5378225521511734e-05,0.0018810738290408703,-54.508120796256925
496692500.0,-0.9995654251772367,-0.029418126743109264,-5.530781258779916e-05,0.0018792419275267332,-54.516585993936324
496815000.0,-0.9995656861940057,-0.02940937357969465,-5.5237518168092106e-05,0.0018774125739782627,-54.52504765496025
496937500.0,-0.9995659469477726,-0.029400626473087124,-5.516734200943682e-05,0.0018755857636820002,-54.53350578278241
497060000.0,-0.999566207438937,-0.02939188541588645,-5.509728385954258e-05,0.00187376149193553,-54.54196038085107
497182500.0,-0.9995664676678975,-0.029383150400706142,-5.5027343466779466e-05,0.0018719397540474438,-54.550411452609026
497305000.0,-0.9995667276350522,-0.029374421420173515,-5.495752058017637e-05,0.0018701205453373125,-54.55885900149365
497427500.0,-0.9995669873407982,-0.029365698466929577,-5.488781494941883e-05,0.0018683038611356513,-54.56730303093691
497550000.0,-0.9995672467855315,-0.02935698153362905,-5.4818226324847226e-05,0.0018664896967838947,-54.57574354436531
497672500.0,-0.9995675059696479,-0.029348270612940305,-5.474875445745437e-05,0.001864678047634357,-54.58418054520003
497795000.0,-0.9995677648935415,-0.029339565697545283,-5.4679399098883596e-05,0.0018628689090502053,-54.592614036856816
497917500.0,-0.9995680235576062,-0.02933086678013959,-5.4610160001427025e-05,0.0018610622764054323,-54.60104402274606
498040000.0,-0.9995682819622351,-0.02932217385343233,-5.4541036918023074e-05,0.0018592581450848189,-54.60947050627277
498162500.0,-0.99956854010782,-0.029313486910146125,-5.447202960225475e-05,0.001857456510483908,-54.61789349083663
498285000.0,-0.9995687979947521,-0.029304805943017116,-5.440313780834756e-05,0.001855657368008972,-54.626312979831965
498407500.0,-0.9995690556234218,-0.02929613094479483,-5.433436129116734e-05,0.0018538607130769806,-54.63472897664778
498530000.0,-0.9995693129942186,-0.029287461908242267,-5.4265699806218606e-05,0.0018520665411155758,-54.64314148466776
498652500.0,-0.9995695701075314,-0.029278798826135786,-5.41971531096423e-05,0.0018502748475630367,-54.65155050727029
498775000.0,-0.9995698269637485,-0.0292701416912651,-5.412872095821386e-05,0.0018484856278682515,-54.65995604782846
498897500.0,-0.9995700835632567,-0.02926149049643321,-5.4060403109341216e-05,0.0018466988774906844,-54.66835810971007
499020000.0,-0.9995703399064418,-0.029252845234456395,-5.3992199321062904e-05,0.0018449145919003497,-54.67675669627767
499142500.0,-0.9995705959936899,-0.029244205898164222,-5.3924109352046116e-05,0.0018431327665777797,-54.68515181088854
499265000.0,-0.9995708518253859,-0.029235572480399454,-5.385613296158471e-05,0.0018413533970139974,-54.69354345689468
499387500.0,-0.9995711074019129,-0.029226944974017992,-5.378826990959717e-05,0.0018395764787104817,-54.701931637642915
499510000.0,-0.9995713627236545,-0.029218323371888923,-5.3720519956624706e-05,0.0018378020071791398,-54.710316356474806
499632500.0,-0.9995716177909927,-0.02920970766689445,-5.3652882863829583e-05,0.0018360299779422834,-54.7186976167267
499755000.0,-0.9995718726043096,-0.02920109785192985,-5.3585358392992796e-05,0.0018342603865325912,-54.72707542172975
499877500.0,-0.9995721271639847,-0.02919249391990342,-5.351794630651242e-05,0.0018324932284930838,-54.735449774809915
500000000.0,-0.9995723814703987,-0.02918389586373649,-5.34506463674015e-05,0.0018307284993770922,-54.74382067928799
