t_s,v_in,v_out
0.0,0.0,0.0
5.001250312578145e-05,0.0,0.0
0.0001000250062515629,0.0,0.0
0.00015003750937734434,0.0,0.0
0.0002000500125031258,0.0,0.0
0.00025006251562890725,0.0,0.0
0.0003000750187546887,0.0,0.0
0.00035008752188047017,0.0,0.0
0.0004001000250062516,0.0,0.0
0.000450112528132033,0.0,0.0
0.0005001250312578145,0.0,0.0
0.000550137534383596,0.0,0.0
0.0006001500375093774,0.0,0.0
0.0006501625406351588,0.0,0.0
0.0007001750437609403,0.0,0.0
0.0007501875468867217,0.0,0.0
0.0008002000500125032,0.0,0.0
0.0008502125531382847,0.0,0.0
0.000900225056264066,0.0,0.0
0.0009502375593898475,0.0,0.0
0.001000250062515629,0.0,0.0
0.0010502625656414104,0.0,0.0
0.001100275068767192,0.0,0.0
0.0011502875718929734,0.0,0.0
0.0012003000750187547,0.0,0.0
0.0012503125781445363,0.0,0.0
0.0013003250812703177,0.0,0.0
0.001350337584396099,0.0,0.0
0.0014003500875218807,0.0,0.0
0.001450362590647662,0.0,0.0
0.0015003750937734434,0.0,0.0
0.001550387596899225,0.0,0.0
0.0016004001000250064,0.0,0.0
0.0016504126031507878,0.0,0.0
0.0017004251062765693,0.0,0.0
0.0017504376094023507,0.0,0.0
0.001800450112528132,0.0,0.0
0.0018504626156539137,0.0,0.0
0.001900475118779695,0.0,0.0
0.0019504876219054764,0.0,0.0
0.002000500125031258,0.0,0.0
0.0020505126281570394,0.0,0.0
0.0021005251312828208,0.0,0.0
0.002150537634408602,0.0,0.0
0.002200550137534384,0.0,0.0
0.0022505626406601653,0.0,0.0
0.0023005751437859467,0.0,0.0
0.002350587646911728,0.0,0.0
0.0024006001500375095,0.0,0.0
0.002450612653163291,0.0,0.0
0.0025006251562890726,0.0,0.0
0.002550637659414854,0.0,0.0
0.0026006501625406354,0.0,0.0
0.0026506626656664168,0.0,0.0
0.002700675168792198,0.0,0.0
0.0027506876719179795,0.0,0.0
0.0028007001750437613,0.0,0.0
0.0028507126781695427,0.0,0.0
0.002900725181295324,0.0,0.0
0.0029507376844211054,0.0,0.0
0.003000750187546887,0.0,0.0
0.003050762690672668,0.0,0.0
0.00310077519379845,0.0,0.0
0.0031507876969242314,0.0,0.0
0.0032008002000500128,0.0,0.0
0.003250812703175794,0.0,0.0
0.0033008252063015755,0.0,0.0
0.0033508377094273573,0.0,0.0
0.0034008502125531387,0.0,0.0
0.00345086271567892,0.0,0.0
0.0035008752188047014,0.0,0.0
0.003550887721930483,0.0,0.0
0.003600900225056264,0.0,0.0
0.003650912728182046,0.0,0.0
0.0037009252313078274,0.0,0.0
0.0037509377344336087,0.0,0.0
0.00380095023755939,0.0,0.0
0.0038509627406851715,0.0,0.0
0.003900975243810953,0.0,0.0
0.003950987746936734,0.0,0.0
0.004001000250062516,0.0,0.0
0.004051012753188297,0.0,0.0
0.004101025256314079,0.0,0.0
0.004151037759439861,0.0,0.0
0.0042010502625656415,0.0,0.0
0.004251062765691423,0.0,0.0
0.004301075268817204,0.0,0.0
0.004351087771942986,0.0,0.0
0.004401100275068768,0.0,0.0
0.004451112778194549,0.0,0.0
0.004501125281320331,0.0,0.0
0.004551137784446112,0.0,0.0
0.004601150287571893,0.0,0.0
0.004651162790697674,0.0,0.0
0.004701175293823456,0.0,0.0
0.004751187796949238,0.0,0.0
0.004801200300075019,0.0,0.0
0.004851212803200801,0.0,0.0
0.004901225306326582,0.0,0.0
0.0049512378094523635,0.0,0.0
0.005001250312578145,0.0,0.0
0.005051262815703926,0.0,0.0
0.005101275318829708,0.0,0.0
0.005151287821955489,0.0,0.0
0.005201300325081271,0.0,0.0
0.005251312828207053,0.0,0.0
0.0053013253313328335,0.0,0.0
0.005351337834458615,0.0,0.0
0.005401350337584396,0.0,0.0
0.005451362840710178,0.0,0.0
0.005501375343835959,0.0,0.0
0.005551387846961741,0.0,0.0
0.005601400350087523,0.0,0.0
0.005651412853213304,0.0,0.0
0.005701425356339085,0.0,0.0
0.005751437859464866,0.0,0.0
0.005801450362590648,0.0,0.0
0.00585146286571643,0.0,0.0
0.005901475368842211,0.0,0.0
0.005951487871967993,0.0,0.0
0.006001500375093774,0.0,0.0
0.0060515128782195554,0.0,0.0
0.006101525381345336,0.0,0.0
0.006151537884471118,0.0,0.0
0.0062015503875969,0.0,0.0
0.006251562890722681,0.0,0.0
0.006301575393848463,0.0,0.0
0.006351587896974244,0.0,0.0
0.0064016004001000255,0.0,0.0
0.006451612903225807,0.0,0.0
0.006501625406351588,0.0,0.0
0.00655163790947737,0.0,0.0
0.006601650412603151,0.0,0.0
0.006651662915728933,0.0,0.0
0.006701675418854715,0.0,0.0
0.0067516879219804956,0.0,0.0
0.006801700425106277,0.0,0.0
0.006851712928232058,0.0,0.0
0.00690172543135784,0.0,0.0
0.006951737934483621,0.0,0.0
0.007001750437609403,0.0,0.0
0.007051762940735185,0.0,0.0
0.007101775443860966,0.0,0.0
0.007151787946986747,0.0,0.0
0.007201800450112528,0.0,0.0
0.00725181295323831,0.0,0.0
0.007301825456364092,0.0,0.0
0.007351837959489873,0.0,0.0
0.007401850462615655,0.0,0.0
0.007451862965741436,0.0,0.0
0.0075018754688672175,0.0,0.0
0.007551887971992998,0.0,0.0
0.00760190047511878,0.0,0.0
0.007651912978244562,0.0,0.0
0.007701925481370343,0.0,0.0
0.007751937984496125,0.0,0.0
0.007801950487621906,0.0,0.0
0.007851962990747688,0.0,0.0
0.007901975493873468,0.0,0.0
0.007951987996999251,0.0,0.0
0.008002000500125032,0.0,0.0
0.008052013003250813,0.0,0.0
0.008102025506376594,0.0,0.0
0.008152038009502377,0.0,0.0
0.008202050512628158,0.0,0.0
0.008252063015753939,0.0,0.0
0.008302075518879721,0.0,0.0
0.008352088022005502,0.0,0.0
0.008402100525131283,0.0,0.0
0.008452113028257066,0.0,0.0
0.008502125531382847,0.0,0.0
0.008552138034508628,0.0,0.0
0.008602150537634409,0.0,0.0
0.008652163040760191,0.0,0.0
0.008702175543885972,0.0,0.0
0.008752188047011753,0.0,0.0
0.008802200550137536,0.0,0.0
0.008852213053263317,0.0,0.0
0.008902225556389098,0.0,0.0
0.008952238059514879,0.0,0.0
0.009002250562640661,0.0,0.0
0.009052263065766442,0.0,0.0
0.009102275568892223,0.0,0.0
0.009152288072018006,0.0,0.0
0.009202300575143787,0.0,0.0
0.009252313078269568,0.0,0.0
0.009302325581395349,0.0,0.0
0.009352338084521131,0.0,0.0
0.009402350587646912,0.0,0.0
0.009452363090772693,0.0,0.0
0.009502375593898476,0.0,0.0
0.009552388097024257,0.0,0.0
0.009602400600150038,0.0,0.0
0.00965241310327582,0.0,0.0
0.009702425606401601,0.0,0.0
0.009752438109527382,0.0,0.0
0.009802450612653163,0.0,0.0
0.009852463115778946,0.0,0.0
0.009902475618904727,0.0,0.0
0.009952488122030508,0.0,0.0
0.01000250062515629,0.0001,0.0014960178972757937
0.010052513128282071,0.0001,0.0039056815564016576
0.010102525631407852,0.0001,0.005630720189256975
0.010152538134533633,0.0001,0.006865245151367771
0.010202550637659416,0.0001,0.007748331713364934
0.010252563140785197,0.0001,0.008379623354782054
0.010302575643910978,0.0001,0.008830511797199712
0.01035258814703676,0.0001,0.009152147180337201
0.010402600650162542,0.0001,0.009381177125630613
0.010452613153288322,0.0001,0.00954385861222362
0.010502625656414105,0.0001,0.00965900401928491
0.010552638159539886,0.0001,0.00974009188162328
0.010602650662665667,0.0001,0.009796779186113356
0.010652663165791448,0.0001,0.009835984889116023
0.01070267566891723,0.0001,0.0098626662259244
0.010752688172043012,0.0001,0.00988037491442473
0.010802700675168793,0.0001,0.009891655659216101
0.010852713178294575,0.0001,0.009898331668489628
0.010902725681420356,0.0001,0.009901709218760006
0.010952738184546137,0.0001,0.009902724219683455
0.011002750687671918,0.0001,0.00990204722358542
0.0110527631907977,0.0001,0.009900158661803578
0.011102775693923482,0.0001,0.009897402749389921
0.011152788197049263,0.0001,0.0098940261062982
0.011202800700175045,0.0001,0.009890205428367408
0.011252813203300826,0.0001,0.009886067312795238
0.011302825706426607,0.0001,0.009881702462526494
0.01135283820955239,0.0001,0.009877175863293826
0.01140285071267817,0.0001,0.009872534075178256
0.011452863215803952,0.0001,0.009867810456805097
0.011502875718929733,0.0001,0.00986302890833193
0.011552888222055515,0.0001,0.009858206553193105
0.011602900725181296,0.0001,0.009853355659493516
0.011652913228307077,0.0001,0.009848485016632614
0.01170292573143286,0.0001,0.009843600921616421
0.01175293823455864,0.0001,0.00983870788572206
0.011802950737684422,0.0001,0.009833809140802804
0.011852963240810203,0.0001,0.009828907002041268
0.011902975743935985,0.0001,0.009824003127851763
0.011952988247061766,0.0001,0.009819098706092934
0.012003000750187547,0.0001,0.009814194587483846
0.01205301325331333,0.0001,0.009809291381192806
0.012103025756439111,0.0001,0.009804389523324032
0.012153038259564892,0.0001,0.009799489325986422
0.012203050762690673,0.0001,0.009794591012449921
0.012253063265816455,0.0001,0.009789694742334067
0.012303075768942236,0.0001,0.009784800629654849
0.012353088272068017,0.0001,0.009779908755754798
0.0124031007751938,0.0001,0.009775019178567006
0.012453113278319581,0.0001,0.009770131939252542
0.012503125781445362,0.0001,0.00976524706695597
0.012553138284571145,0.0001,0.009760364582212544
0.012603150787696926,0.0001,0.009755484499389363
0.012653163290822706,0.0001,0.009750606828434396
0.012703175793948487,0.0001,0.009745731576129592
0.01275318829707427,0.0001,0.009740858746988724
0.012803200800200051,0.0001,0.009735988343900645
0.012853213303325832,0.0001,0.009731120368590173
0.012903225806451615,0.0001,0.0097262548219483
0.012953238309577396,0.0001,0.009721391704268785
0.013003250812703177,0.0001,0.009716531015417649
0.013053263315828957,0.0001,0.009711672754954622
0.01310327581895474,0.0001,0.00970681692222017
0.013153288322080521,0.0001,0.009701963516397823
0.013203300825206302,0.0001,0.009697112536558847
0.013253313328332085,0.0001,0.009692263981694248
0.013303325831457866,0.0001,0.009687417850737696
0.013353338334583647,0.0001,0.00968257414258195
0.01340335083770943,0.0001,0.00967773285609064
0.01345336334083521,0.0001,0.009672893990106688
0.013503375843960991,0.0001,0.009668057543458354
0.013553388347086772,0.0001,0.009663223514963563
0.013603400850212555,0.0001,0.009658391903433011
0.013653413353338336,0.0001,0.009653562707672382
0.013703425856464117,0.0001,0.009648735926483933
0.0137534383595899,0.0001,0.009643911558667655
0.01380345086271568,0.0001,0.009639089603022072
0.013853463365841461,0.0001,0.009634270058344828
0.013903475868967242,0.0001,0.009629452923433115
0.013953488372093025,0.0001,0.009624638197083967
0.014003500875218806,0.0001,0.009619825878094472
0.014053513378344587,0.0001,0.009615015965261936
0.01410352588147037,0.0001,0.009610208457383987
0.01415353838459615,0.0001,0.00960540335325865
0.014203550887721931,0.0001,0.009600600651684412
0.014253563390847712,0.0001,0.009595800351460258
0.014303575893973495,0.0001,0.009591002451385694
0.014353588397099276,0.0001,0.009586206950260781
0.014403600900225057,0.0001,0.009581413846886142
0.01445361340335084,0.0001,0.009576623140062966
0.01450362590647662,0.0001,0.009571834828593027
0.014553638409602401,0.0001,0.009567048911278686
0.014603650912728184,0.0001,0.00956226538692289
0.014653663415853965,0.0001,0.009557484254329174
0.014703675918979746,0.0001,0.009552705512301673
0.014753688422105527,0.0001,0.009547929159645115
0.01480370092523131,0.0001,0.009543155195164818
0.01485371342835709,0.0001,0.009538383617666698
0.014903725931482871,0.0001,0.00953361442595727
0.014953738434608654,0.0001,0.00952884761884364
0.015003750937734435,0.0001,0.009524083195133513
0.015053763440860216,0.0001,0.009519321153635187
0.015103775943985997,0.0001,0.00951456149315756
0.01515378844711178,0.0001,0.009509804212510119
0.01520380095023756,0.0001,0.009505049310502953
0.015253813453363341,0.0001,0.00950029678594674
0.015303825956489124,0.0001,0.009495546637652754
0.015353838459614905,0.0001,0.009490798864432866
0.015403850962740686,0.0001,0.009486053465099538
0.015453863465866469,0.0001,0.009481310438465826
0.01550387596899225,0.0001,0.009476569783345384
0.01555388847211803,0.0001,0.009471831498552448
0.015603900975243811,0.0001,0.009467095582901864
0.015653913478369592,0.0001,0.009462362035209053
0.015703925981495375,0.0001,0.00945763085429004
0.015753938484621158,0.0001,0.009452902038961436
0.015803950987746937,0.0001,0.009448175588040448
0.01585396349087272,0.0001,0.009443451500344872
0.015903975993998502,0.0001,0.00943872977469309
0.01595398849712428,0.0001,0.009434010409904088
0.016004001000250064,0.0001,0.009429293404797432
0.016054013503375847,0.0001,0.00942457875819328
0.016104026006501626,0.0001,0.00941986646891238
0.01615403850962741,0.0001,0.009415156535776072
0.016204051012753188,0.0001,0.009410448957606284
0.01625406351587897,0.0001,0.00940574373322553
0.016304076019004753,0.0001,0.009401040861456919
0.016354088522130533,0.0001,0.009396340341124142
0.016404101025256315,0.0001,0.009391642171051482
0.016454113528382098,0.0001,0.00938694635006381
0.016504126031507877,0.0001,0.009382252876986585
0.01655413853463366,0.0001,0.009377561750645849
0.016604151037759442,0.0001,0.009372872969868232
0.01665416354088522,0.0001,0.009368186533480956
0.016704176044011004,0.0001,0.009363502440311824
0.016754188547136787,0.0001,0.00935882068918923
0.016804201050262566,0.0001,0.009354141278942149
0.01685421355338835,0.0001,0.009349464208400141
0.01690422605651413,0.0001,0.009344789476393356
0.01695423855963991,0.0001,0.009340117081752525
0.017004251062765693,0.0001,0.009335447023308966
0.017054263565891473,0.0001,0.00933077929989458
0.017104276069017255,0.0001,0.009326113910341851
0.017154288572143038,0.0001,0.009321450853483852
0.017204301075268817,0.0001,0.009316790128154234
0.0172543135783946,0.0001,0.00931213173318723
0.017304326081520383,0.0001,0.009307475667417664
0.017354338584646162,0.0001,0.00930282192968093
0.017404351087771944,0.0001,0.00929817051881302
0.017454363590897727,0.0001,0.009293521433650493
0.017504376094023506,0.0001,0.009288874673030498
0.01755438859714929,0.0001,0.009284230235790768
0.01760440110027507,0.0001,0.009279588120769608
0.01765441360340085,0.0001,0.009274948326805909
0.017704426106526634,0.0001,0.009270310852739145
0.017754438609652416,0.0001,0.009265675697409364
0.017804451112778195,0.0001,0.009261042859657202
0.017854463615903978,0.0001,0.009256412338323868
0.017904476119029757,0.0001,0.00925178413225115
0.01795448862215554,0.0001,0.009247158240281422
0.018004501125281323,0.0001,0.00924253466125763
0.018054513628407102,0.0001,0.0092379133940233
0.018104526131532885,0.0001,0.009233294437422542
0.018154538634658667,0.0001,0.009228677790300037
0.018204551137784446,0.0001,0.00922406345150104
0.01825456364091023,0.0001,0.009219451419871398
0.018304576144036012,0.0001,0.009214841694257521
0.01835458864716179,0.0001,0.009210234273506404
0.018404601150287574,0.0001,0.009205629156465615
0.018454613653413356,0.0001,0.009201026341983299
0.018504626156539136,0.0001,0.009196425828908176
0.018554638659664918,0.0001,0.00919182761608954
0.018604651162790697,0.0001,0.009187231702377268
0.01865466366591648,0.0001,0.009182638086621803
0.018704676169042263,0.0001,0.009178046767674171
0.018754688672168042,0.0001,0.009173457744385962
0.018804701175293825,0.0001,0.00916887101560935
0.018854713678419607,0.0001,0.009164286580197079
0.018904726181545387,0.0001,0.009159704437002465
0.01895473868467117,0.0001,0.0091551245848794
0.019004751187796952,0.0001,0.009150547022682351
0.01905476369092273,0.0001,0.009145971749266351
0.019104776194048514,0.0001,0.009141398763487013
0.019154788697174296,0.0001,0.009136828064200514
0.019204801200300076,0.0001,0.009132259650263614
0.01925481370342586,0.0001,0.009127693520533633
0.01930482620655164,0.0001,0.00912312967386847
0.01935483870967742,0.0001,0.009118568109126594
0.019404851212803203,0.0001,0.00911400882516704
0.019454863715928982,0.0001,0.009109451820849417
0.019504876219054765,0.0001,0.009104897095033907
0.019554888722180547,0.0001,0.009100344646581255
0.019604901225306327,0.0001,0.009095794474352785
0.01965491372843211,0.0001,0.00909124657721038
0.019704926231557892,0.0001,0.009086700954016497
0.01975493873468367,0.0001,0.009082157603634166
0.019804951237809454,0.0001,0.009077616524926979
0.019854963740935237,0.0001,0.009073077716759097
0.019904976244061016,0.0001,0.009068541177995253
0.0199549887471868,0.0001,0.009064006907500742
0.02000500125031258,0.0001,0.009059474904141433
0.02005501375343836,0.0001,0.009054945166783755
0.020105026256564143,0.0001,0.00905041769429471
0.020155038759689926,0.0001,0.009045892485541862
0.020205051262815705,0.0001,0.009041369539393343
0.020255063765941488,0.0001,0.00903684885471785
0.020305076269067267,0.0001,0.00903233043038465
0.02035508877219305,0.0001,0.009027814265263567
0.020405101275318832,0.0001,0.009023300358225
0.02045511377844461,0.0001,0.009018788708139904
0.020505126281570394,0.0001,0.009014279313879802
0.020555138784696177,0.0001,0.009009772174316784
0.020605151287821956,0.0001,0.009005267288323501
0.02065516379094774,0.0001,0.009000764654773168
0.02070517629407352,0.0001,0.00899626427253956
0.0207551887971993,0.0001,0.008991766140497027
0.020805201300325083,0.0001,0.008987270257520465
0.020855213803450866,0.0001,0.008982776622485346
0.020905226306576645,0.0001,0.008978285234267696
0.020955238809702428,0.0001,0.008973796091744111
0.02100525131282821,0.0001,0.00896930919379174
0.02105526381595399,0.0001,0.008964824539288298
0.021105276319079772,0.0001,0.008960342127112062
0.02115528882220555,0.0001,0.008955861956141866
0.021205301325331334,0.0001,0.008951384025257109
0.021255313828457117,0.0001,0.008946908333337748
0.021305326331582896,0.0001,0.008942434879264298
0.02135533883470868,0.0001,0.008937963661917838
0.02140535133783446,0.0001,0.008933494680180008
0.02145536384096024,0.0001,0.008929027932932997
0.021505376344086023,0.0001,0.008924563419059567
0.021555388847211806,0.0001,0.008920101137443025
0.021605401350337585,0.0001,0.008915641086967244
0.021655413853463368,0.0001,0.008911183266516654
0.02170542635658915,0.0001,0.008906727674976243
0.02175543885971493,0.0001,0.008902274311231556
0.021805451362840712,0.0001,0.008897823174168696
0.021855463865966495,0.0001,0.00889337426267432
0.021905476369092274,0.0001,0.008888927575635645
0.021955488872218057,0.0001,0.008884483111940443
0.022005501375343836,0.0001,0.008880040870477043
0.02205551387846962,0.0001,0.008875600850134328
0.0221055263815954,0.0001,0.008871163049801739
0.02215553888472118,0.0001,0.008866727468369267
0.022205551387846963,0.0001,0.008862294104727468
0.022255563890972746,0.0001,0.008857862957767445
0.022305576394098525,0.0001,0.008853434026380853
0.022355588897224308,0.0001,0.00884900730945991
0.02240560140035009,0.0001,0.008844582805897378
0.02245561390347587,0.0001,0.008840160514586583
0.022505626406601652,0.0001,0.008835740434421398
0.022555638909727435,0.0001,0.008831322564296251
0.022605651412853214,0.0001,0.008826906903106118
0.022655663915978997,0.0001,0.008822493449746538
0.02270567641910478,0.0001,0.008818082203113586
0.02275568892223056,0.0001,0.008813673162103908
0.02280570142535634,0.0001,0.008809266325614688
0.02285571392848212,0.0001,0.008804861692543667
0.022905726431607903,0.0001,0.008800459261789136
0.022955738934733686,0.0001,0.008796059032249936
0.023005751437859465,0.0001,0.008791661002825458
0.023055763940985248,0.0001,0.008787265172415648
0.02310577644411103,0.0001,0.008782871539920996
0.02315578894723681,0.0001,0.008778480104242547
0.023205801450362593,0.0001,0.008774090864281893
0.023255813953488375,0.0001,0.00876970381894117
0.023305826456614154,0.0001,0.008765318967123075
0.023355838959739937,0.0001,0.008760936307730841
0.02340585146286572,0.0001,0.00875655583966826
0.0234558639659915,0.0001,0.008752177561839661
0.02350587646911728,0.0001,0.008747801473149934
0.02355588897224306,0.0001,0.008743427572504505
0.023605901475368844,0.0001,0.008739055858809353
0.023655913978494626,0.0001,0.008734686330971003
0.023705926481620405,0.0001,0.008730318987896526
0.023755938984746188,0.0001,0.00872595382849354
0.02380595148787197,0.0001,0.008721590851670211
0.02385596399099775,0.0001,0.00871723005633525
0.023905976494123533,0.0001,0.008712871441397908
0.023955988997249315,0.0001,0.008708515005767992
0.024006001500375095,0.0001,0.008704160748355843
0.024056014003500877,0.0001,0.008699808668072358
0.02410602650662666,0.0001,0.008695458763828968
0.02415603900975244,0.0001,0.008691111034537654
0.024206051512878222,0.0001,0.00868676547911094
0.024256064016004004,0.0001,0.008682422096461893
0.024306076519129784,0.0001,0.008678080885504128
0.024356089022255566,0.0001,0.008673741845151794
0.024406101525381346,0.0001,0.008669404974319592
0.024456114028507128,0.0001,0.008665070271922762
0.02450612653163291,0.0001,0.008660737736877085
0.02455613903475869,0.0001,0.008656407368098886
0.024606151537884473,0.0001,0.008652079164505031
0.024656164041010255,0.0001,0.008647753125012926
0.024706176544136035,0.0001,0.008643429248540523
0.024756189047261817,0.0001,0.008639107534006311
0.0248062015503876,0.0001,0.00863478798032932
0.02485621405351338,0.0001,0.008630470586429123
0.024906226556639162,0.0001,0.008626155351225831
0.024956239059764945,0.0001,0.008621842273640096
0.025006251562890724,0.0001,0.008617531352593109
0.025056264066016506,0.0001,0.0086132225870066
0.02510627656914229,0.0001,0.00860891597580284
0.02515628907226807,0.0001,0.008604611517904637
0.02520630157539385,0.0001,0.00860030921223534
0.02525631407851963,0.0001,0.008596009057718833
0.025306326581645413,0.0001,0.008591711053279537
0.025356339084771196,0.0001,0.008587415197842417
0.025406351587896975,0.0001,0.008583121490332971
0.025456364091022757,0.0001,0.008578829929677234
0.02550637659414854,0.0001,0.008574540514801781
0.02555638909727432,0.0001,0.008570253244633721
0.025606401600400102,0.0001,0.0085659681181007
0.025656414103525885,0.0001,0.0085616851341309
0.025706426606651664,0.0001,0.008557404291653041
0.025756439109777447,0.0001,0.008553125589596375
0.02580645161290323,0.0001,0.008548849026890695
0.02585646411602901,0.0001,0.008544574602466323
0.02590647661915479,0.0001,0.008540302315254118
0.025956489122280574,0.0001,0.008536032164185475
0.026006501625406353,0.0001,0.008531764148192322
0.026056514128532136,0.0001,0.00852749826620712
0.026106526631657915,0.0001,0.008523234517162867
0.026156539134783698,0.0001,0.00851897289999309
0.02620655163790948,0.0001,0.008514713413631856
0.02625656414103526,0.0001,0.008510456057013756
0.026306576644161042,0.0001,0.008506200829073923
0.026356589147286825,0.0001,0.008501947728748014
0.026406601650412604,0.0001,0.008497696754972224
0.026456614153538387,0.0001,0.008493447906683278
0.02650662665666417,0.0001,0.008489201182818432
0.02655663915978995,0.0001,0.008484956582315474
0.02660665166291573,0.0001,0.008480714104112724
0.026656664166041514,0.0001,0.00847647374714903
0.026706676669167293,0.0001,0.008472235510363774
0.026756689172293076,0.0001,0.008467999392696868
0.02680670167541886,0.0001,0.008463765393088749
0.026856714178544638,0.0001,0.008459533510480392
0.02690672668167042,0.0001,0.008455303743813295
0.0269567391847962,0.0001,0.008451076092029485
0.027006751687921982,0.0001,0.008446850554071524
0.027056764191047765,0.0001,0.008442627128882498
0.027106776694173544,0.0001,0.008438405815406023
0.027156789197299327,0.0001,0.008434186612586242
0.02720680170042511,0.0001,0.008429969519367827
0.02725681420355089,0.0001,0.008425754534695979
0.02730682670667667,0.0001,0.008421541657516421
0.027356839209802454,0.0001,0.00841733088677541
0.027406851712928233,0.0001,0.008413122221419727
0.027456864216054016,0.0001,0.008408915660396674
0.0275068767191798,0.0001,0.00840471120265409
0.027556889222305578,0.0001,0.008400508847140335
0.02760690172543136,0.0001,0.008396308592804292
0.027656914228557143,0.0001,0.008392110438595373
0.027706926731682922,0.0001,0.008387914383463514
0.027756939234808705,0.0001,0.00838372042635918
0.027806951737934484,0.0001,0.008379528566233353
0.027856964241060267,0.0001,0.008375338802037545
0.02790697674418605,0.0001,0.008371151132723792
0.02795698924731183,0.0001,0.008366965557244652
0.02800700175043761,0.0001,0.008362782074553208
0.028057014253563394,0.0001,0.008358600683603066
0.028107026756689173,0.0001,0.008354421383348354
0.028157039259814956,0.0001,0.008350244172743727
0.02820705176294074,0.0001,0.00834606905074436
0.028257064266066518,0.0001,0.008341896016305946
0.0283070767691923,0.0001,0.00833772506838471
0.028357089272318083,0.0001,0.00833355620593739
0.028407101775443862,0.0001,0.008329389427921252
0.028457114278569645,0.0001,0.008325224733294079
0.028507126781695424,0.0001,0.008321062121014175
0.028557139284821207,0.0001,0.008316901590040365
0.02860715178794699,0.0001,0.008312743139332002
0.02865716429107277,0.0001,0.008308586767848949
0.02870717679419855,0.0001,0.008304432474551595
0.028757189297324334,0.0001,0.008300280258400846
0.028807201800450113,0.0001,0.008296130118358128
0.028857214303575896,0.0001,0.008291982053385388
0.02890722680670168,0.0001,0.008287836062445092
0.028957239309827458,0.0001,0.008283692144500225
0.02900725181295324,0.0001,0.008279550298514285
0.029057264316079023,0.0001,0.008275410523451295
0.029107276819204803,0.0001,0.008271272818275794
0.029157289322330585,0.0001,0.008267137181952836
0.029207301825456368,0.0001,0.008263003613447997
0.029257314328582147,0.0001,0.008258872111727367
0.02930732683170793,0.0001,0.008254742675757555
0.02935733933483371,0.0001,0.008250615304505684
0.02940735183795949,0.0001,0.008246489996939397
0.029457364341085274,0.0001,0.00824236675202685
0.029507376844211054,0.0001,0.008238245568736716
0.029557389347336836,0.0001,0.008234126446038183
0.02960740185046262,0.0001,0.00823000938290096
0.029657414353588398,0.0001,0.008225894378295259
0.02970742685671418,0.0001,0.008221781431191821
0.029757439359839963,0.0001,0.008217670540561888
0.029807451862965743,0.0001,0.00821356170537723
0.029857464366091525,0.0001,0.00820945492461012
0.029907476869217308,0.0001,0.008205350197233353
0.029957489372343087,0.0001,0.008201247522220229
0.03000750187546887,0.0001,0.008197146898544571
0.030057514378594653,0.0001,0.008193048325180707
0.030107526881720432,0.0001,0.008188951801103482
0.030157539384846214,0.0001,0.008184857325288255
0.030207551887971994,0.0001,0.008180764896710891
0.030257564391097776,0.0001,0.008176674514347773
0.03030757689422356,0.0001,0.008172586177175794
0.030357589397349338,0.0001,0.00816849988417236
0.03040760190047512,0.0001,0.008164415634315383
0.030457614403600904,0.0001,0.008160333426583294
0.030507626906726683,0.0001,0.008156253259955025
0.030557639409852465,0.0001,0.00815217513341003
0.030607651912978248,0.0001,0.008148099045928265
0.030657664416104027,0.0001,0.0081440249964902
0.03070767691922981,0.0001,0.00813995298407681
0.030757689422355593,0.0001,0.008135883007669584
0.030807701925481372,0.0001,0.00813181506625052
0.030857714428607155,0.0001,0.008127749158802123
0.030907726931732937,0.0001,0.008123685284307406
0.030957739434858716,0.0001,0.008119623441749897
0.0310077519379845,0.0001,0.008115563630113622
0.03105776444111028,0.0001,0.008111505848383124
0.03110777694423606,0.0001,0.008107450095543449
0.031157789447361844,0.0001,0.00810339637058015
0.031207801950487623,0.0001,0.008099344672479292
0.031257814453613406,0.0001,0.008095295000227444
0.031307826956739185,0.0001,0.008091247352811677
0.03135783945986497,0.0001,0.008087201729219576
0.03140785196299075,0.0001,0.008083158128439228
0.03145786446611653,0.0001,0.008079116549459229
0.031507876969242316,0.0001,0.008075076991268679
0.031557889472368095,0.0001,0.00807103945285718
0.031607901975493874,0.0001,0.008067003933214847
0.03165791447861966,0.0001,0.008062970431332292
0.03170792698174544,0.0001,0.008058938946200637
0.03175793948487122,0.0001,0.008054909476811502
0.031807951987997005,0.0001,0.008050882022157025
0.031857964491122784,0.0001,0.008046856581229831
0.03190797699424856,0.0001,0.008042833153023059
0.03195798949737435,0.0001,0.008038811736530345
0.03200800200050013,0.0001,0.008034792330745841
0.03205801450362591,0.0001,0.008030774934664184
0.032108027006751694,0.0001,0.008026759547280526
0.03215803950987747,0.0001,0.00802274616759052
0.03220805201300325,0.0001,0.008018734794590317
0.03225806451612903,0.0001,0.00801472542727657
0.03230807701925482,0.0001,0.008010718064646441
0.0323580895223806,0.0001,0.008006712705697583
0.032408102025506376,0.0001,0.008002709349428158
0.03245811452863216,0.0001,0.007998707994836826
0.03250812703175794,0.0001,0.00799470864092275
0.03255813953488372,0.0001,0.00799071128668559
0.03260815203800951,0.0001,0.007986715931125503
0.032658164541135286,0.0001,0.007982722573243157
0.032708177044261065,0.0001,0.00797873121203971
0.03275818954738685,0.0001,0.007974741846516822
0.03280820205051263,0.0001,0.007970754475676656
0.03285821455363841,0.0001,0.007966769098521865
0.032908227056764196,0.0001,0.007962785714055613
0.032958239559889975,0.0001,0.007958804321281552
0.033008252063015754,0.0001,0.007954824919203837
0.03305826456614154,0.0001,0.007950847506827119
0.03310827706926732,0.0001,0.007946872083156547
0.0331582895723931,0.0001,0.007942898647197768
0.033208302075518885,0.0001,0.00793892719795693
0.033258314578644664,0.0001,0.00793495773444067
0.03330832708177044,0.0001,0.007930990255656125
0.03335833958489623,0.0001,0.007927024760610935
0.03340835208802201,0.0001,0.007923061248313223
0.03345836459114779,0.0001,0.007919099717771619
0.033508377094273574,0.0001,0.007915140167995244
0.03355838959739935,0.0001,0.007911182597993716
0.03360840210052513,0.0001,0.00790722700677715
0.03365841460365092,0.0001,0.007903273393356147
0.0337084271067767,0.0001,0.007899321756741816
0.03375843960990248,0.0001,0.00789537209594575
0.03380845211302826,0.0001,0.007891424409980042
0.03385846461615404,0.0001,0.007887478697857277
0.03390847711927982,0.0001,0.007883534958590531
0.0339584896224056,0.0001,0.007879593191193374
0.03400850212553139,0.0001,0.007875653394679877
0.034058514628657166,0.0001,0.007871715568064597
0.034108527131782945,0.0001,0.007867779710362581
0.03415853963490873,0.0001,0.007863845820589377
0.03420855213803451,0.0001,0.007859913897761018
0.03425856464116029,0.0001,0.007855983940894032
0.034308577144286076,0.0001,0.007852055949005439
0.034358589647411855,0.0001,0.007848129921112747
0.034408602150537634,0.0001,0.007844205856233964
0.03445861465366342,0.0001,0.007840283753387578
0.0345086271567892,0.0001,0.007836363611592574
0.03455863965991498,0.0001,0.00783244542986843
0.034608652163040765,0.0001,0.007828529207235103
0.034658664666166544,0.0001,0.007824614942713054
0.034708677169292323,0.0001,0.007820702635323225
0.03475868967241811,0.0001,0.007816792284087049
0.03480870217554389,0.0001,0.00781288388802645
0.03485871467866967,0.0001,0.007808977446163843
0.034908727181795454,0.0001,0.007805072957522124
0.03495873968492123,0.0001,0.007801170421124687
0.03500875218804701,0.0001,0.007797269835995408
0.0350587646911728,0.0001,0.007793371201158653
0.03510877719429858,0.0001,0.007789474515639276
0.03515878969742436,0.0001,0.007785579778462616
0.03520880220055014,0.0001,0.007781686988654506
0.03525881470367592,0.0001,0.007777796145241258
0.0353088272068017,0.0001,0.007773907247249677
0.03535883970992749,0.0001,0.0077700202937070525
0.03540885221305327,0.0001,0.007766135283641155
0.035458864716179046,0.0001,0.007762252216080251
0.03550887721930483,0.0001,0.007758371090053087
0.03555888972243061,0.0001,0.0077544919045889
0.03560890222555639,0.0001,0.007750614658717402
0.03565891472868217,0.0001,0.007746739351468798
0.035708927231807956,0.0001,0.00774286598187378
0.035758939734933735,0.0001,0.007738994548963518
0.035808952238059515,0.0001,0.007735125051769671
0.0358589647411853,0.0001,0.0077312574893243806
0.03590897724431108,0.0001,0.007727391860660272
0.03595898974743686,0.0001,0.0077235281648104556
0.036009002250562645,0.0001,0.007719666400808525
0.036059014753688425,0.0001,0.0077158065676885546
0.036109027256814204,0.0001,0.007711948664485103
0.03615903975993999,0.0001,0.007708092690233215
0.03620905226306577,0.0001,0.007704238643968409
0.03625906476619155,0.0001,0.007700386524726699
0.036309077269317334,0.0001,0.007696536331544569
0.036359089772443114,0.0001,0.007692688063458989
0.03640910227556889,0.0001,0.007688841719507411
0.03645911477869468,0.0001,0.007684997298727771
0.03650912728182046,0.0001,0.007681154800158479
0.03655913978494624,0.0001,0.007677314222838432
0.036609152288072024,0.0001,0.007673475565807004
0.0366591647911978,0.0001,0.007669638828104053
0.03670917729432358,0.0001,0.0076658040087699145
0.03675918979744937,0.0001,0.007661971106845401
0.03680920230057515,0.0001,0.00765814012137181
0.036859214803700927,0.0001,0.007654311051390917
0.03690922730682671,0.0001,0.007650483895944976
0.03695923980995249,0.0001,0.007646658654076715
0.03700925231307827,0.0001,0.007642835324829349
0.03705926481620406,0.0001,0.007639013907246567
0.037109277319329836,0.0001,0.007635194400372536
0.037159289822455616,0.0001,0.007631376803251905
0.037209302325581395,0.0001,0.007627561114929793
0.03725931482870718,0.0001,0.007623747334451803
0.03730932733183296,0.0001,0.007619935460864011
0.03735933983495874,0.0001,0.0076161254932129736
0.037409352338084526,0.0001,0.007612317430545722
0.037459364841210305,0.0001,0.007608511271909762
0.037509377344336084,0.0001,0.0076047070163530826
0.03755938984746187,0.0001,0.007600904662924142
0.03760940235058765,0.0001,0.007597104210671874
0.03765941485371343,0.0001,0.007593305658645695
0.037709427356839215,0.0001,0.007589509005895489
0.037759439859964994,0.0001,0.007585714251471618
0.03780945236309077,0.0001,0.007581921394424922
0.03785946486621656,0.0001,0.007578130433806708
0.03790947736934234,0.0001,0.007574341368668762
0.03795948987246812,0.0001,0.007570554198063348
0.038009502375593904,0.0001,0.007566768921043196
0.03805951487871968,0.0001,0.007562985536661515
0.03810952738184546,0.0001,0.007559204043971986
0.03815953988497125,0.0001,0.0075554244420287615
0.03820955238809703,0.0001,0.007551646729886469
0.03825956489122281,0.0001,0.00754787090660021
0.03830957739434859,0.0001,0.007544096971225554
0.03835958989747437,0.0001,0.007540324922818545
0.03840960240060015,0.0001,0.007536554760435699
0.03845961490372594,0.0001,0.007532786483134005
0.03850962740685172,0.0001,0.007529020089970926
0.038559639909977496,0.0001,0.007525255580004388
0.03860965241310328,0.0001,0.0075214929522927935
0.03865966491622906,0.0001,0.007517732205895016
0.03870967741935484,0.0001,0.0075139733398703985
0.03875968992248063,0.0001,0.007510216353278753
0.038809702425606406,0.0001,0.007506461245180364
0.038859714928732185,0.0001,0.007502708014635986
0.038909727431857964,0.0001,0.007498956660706842
0.03895973993498375,0.0001,0.007495207182454622
0.03900975243810953,0.0001,0.007491459578941489
0.03905976494123531,0.0001,0.007487713849230075
0.039109777444361095,0.0001,0.007483969992383476
0.039159789947486874,0.0001,0.007480228007465262
0.03920980245061265,0.0001,0.0074764878935394685
0.03925981495373844,0.0001,0.0074727496496705985
0.03930982745686422,0.0001,0.007469013274923624
0.03935983995999,0.0001,0.007465278768363984
0.039409852463115784,0.0001,0.007461546129057585
0.03945986496624156,0.0001,0.0074578153560708
0.03950987746936734,0.0001,0.0074540864484704695
0.03955988997249313,0.0001,0.007450359405323901
0.03960990247561891,0.0001,0.0074466342256988656
0.03965991497874469,0.0001,0.007442910908663606
0.03970992748187047,0.0001,0.007439189453286824
0.03975993998499625,0.0001,0.007435469858637691
0.03980995248812203,0.0001,0.007431752123785845
0.03985996499124782,0.0001,0.007428036247801386
0.0399099774943736,0.0001,0.00742432222975488
0.039959989997499376,0.0001,0.007420610068717358
0.04001000250062516,0.0001,0.007416899763760317
0.04006001500375094,0.0001,0.007413191313955716
0.04011002750687672,0.0001,0.007409484718375979
0.04016004001000251,0.0001,0.0074057799760939924
0.040210052513128286,0.0001,0.0074020770861831075
0.040260065016254065,0.0001,0.007398376047717142
0.04031007751937985,0.0001,0.007394676859770369
0.04036009002250563,0.0001,0.0073909795214175305
0.04041010252563141,0.0001,0.007387284031733831
0.040460115028757196,0.0001,0.007383590389794934
0.040510127531882975,0.0001,0.007379898594676969
0.040560140035008754,0.0001,0.0073762086454565255
0.040610152538134534,0.0001,0.007372520541210652
0.04066016504126032,0.0001,0.007368834281016862
0.0407101775443861,0.0001,0.007365149863953133
0.04076019004751188,0.0001,0.007361467289097896
0.040810202550637664,0.0001,0.007357786555530048
0.04086021505376344,0.0001,0.007354107662328945
0.04091022755688922,0.0001,0.007350430608574405
0.04096024006001501,0.0001,0.007346755393346705
0.04101025256314079,0.0001,0.0073430820157265805
0.04106026506626657,0.0001,0.007339410474795227
0.04111027756939235,0.0001,0.007335740769634301
0.04116029007251813,0.0001,0.007332072899325918
0.04121030257564391,0.0001,0.007328406862952649
0.0412603150787697,0.0001,0.00732474265959753
0.04131032758189548,0.0001,0.00732108028834405
0.041360340085021256,0.0001,0.0073174197482761575
0.04141035258814704,0.0001,0.007313761038478263
0.04146036509127282,0.0001,0.007310104158035228
0.0415103775943986,0.0001,0.007306449106032375
0.04156039009752439,0.0001,0.007302795881555487
0.041610402600650166,0.0001,0.0072991444836908
0.041660415103775945,0.0001,0.007295494911525008
0.04171042760690173,0.0001,0.007291847164145258
0.04176044011002751,0.0001,0.0072882012406391625
0.04181045261315329,0.0001,0.007284557140094783
0.041860465116279076,0.0001,0.007280914861600634
0.041910477619404855,0.0001,0.007277274404245695
0.041960490122530635,0.0001,0.007273635767119395
0.04201050262565642,0.0001,0.00726999894931162
0.0420605151287822,0.0001,0.007266363949912712
0.04211052763190798,0.0001,0.007262730768013466
0.04216054013503376,0.0001,0.007259099402705134
0.042210552638159544,0.0001,0.007255469853079415
0.042260565141285324,0.0001,0.0072518421182284735
0.0423105776444111,0.0001,0.007248216197244919
0.04236059014753689,0.0001,0.007244592089221818
0.04241060265066267,0.0001,0.00724096979325269
0.04246061515378845,0.0001,0.007237349308431509
0.042510627656914234,0.0001,0.007233730633852701
0.04256064016004001,0.0001,0.007230113768611145
0.04261065266316579,0.0001,0.0072264987118021715
0.04266066516629158,0.0001,0.007222885462521567
0.04271067766941736,0.0001,0.007219274019865563
0.04276069017254314,0.0001,0.007215664382930851
0.04281070267566892,0.0001,0.007212056550814569
0.0428607151787947,0.0001,0.007208450522614305
0.04291072768192048,0.0001,0.0072048462974281064
0.04296074018504627,0.0001,0.007201243874354462
0.043010752688172046,0.0001,0.007197643252492317
0.043060765191297826,0.0001,0.007194044430941063
0.04311077769442361,0.0001,0.00719044740880055
0.04316079019754939,0.0001,0.007186852185171069
0.04321080270067517,0.0001,0.007183258759153366
0.043260815203800956,0.0001,0.0071796671298486325
0.043310827706926736,0.0001,0.007176077296358515
0.043360840210052515,0.0001,0.0071724892577851055
0.0434108527131783,0.0001,0.007168903013230946
0.04346086521630408,0.0001,0.007165318561799026
0.04351087771942986,0.0001,0.007161735902592783
0.043560890222555645,0.0001,0.007158155034716109
0.043610902725681425,0.0001,0.007154575957273333
0.043660915228807204,0.0001,0.007150998669369243
0.04371092773193299,0.0001,0.0071474231701090666
0.04376094023505877,0.0001,0.007143849458598484
0.04381095273818455,0.0001,0.007140277533943617
0.04386096524131033,0.0001,0.007136707395251043
0.043910977744436114,0.0001,0.007133139041627775
0.04396099024756189,0.0001,0.007129572472181284
0.04401100275068767,0.0001,0.007126007686019479
0.04406101525381346,0.0001,0.007122444682250718
0.04411102775693924,0.0001,0.007118883459983804
0.04416104026006502,0.0001,0.007115324018327986
0.0442110527631908,0.0001,0.007111766356392959
0.04426106526631658,0.0001,0.0071082104732888615
0.04431107776944236,0.0001,0.007104656368126279
0.04436109027256815,0.0001,0.00710110404001624
0.04441110277569393,0.0001,0.00709755348807022
0.044461115278819706,0.0001,0.007094004711400137
0.04451112778194549,0.0001,0.007090457709118351
0.04456114028507127,0.0001,0.0070869124803376714
0.04461115278819705,0.0001,0.007083369024171343
0.04466116529132284,0.0001,0.00707982733973306
0.044711177794448616,0.0001,0.007076287426136961
0.044761190297574395,0.0001,0.007072749282497623
0.04481120280070018,0.0001,0.007069212907930067
0.04486121530382596,0.0001,0.007065678301549758
0.04491122780695174,0.0001,0.0070621454624726025
0.044961240310077526,0.0001,0.007058614389814951
0.045011252813203305,0.0001,0.007055085082693587
0.045061265316329084,0.0001,0.007051557540225749
0.04511127781945487,0.0001,0.007048031761529108
0.04516129032258065,0.0001,0.007044507745721779
0.04521130282570643,0.0001,0.007040985491922317
0.045261315328832215,0.0001,0.007037464999249717
0.045311327831957994,0.0001,0.007033946266823418
0.04536134033508377,0.0001,0.007030429293763296
0.04541135283820956,0.0001,0.0070269140791896665
0.04546136534133534,0.0001,0.007023400622223288
0.04551137784446112,0.0001,0.007019888921985355
0.0455613903475869,0.0001,0.007016378977597506
0.04561140285071268,0.0001,0.007012870788181812
0.04566141535383846,0.0001,0.007009364352860791
0.04571142785696424,0.0001,0.007005859670757393
0.04576144036009003,0.0001,0.0070023567409950105
0.04581145286321581,0.0001,0.006998855562697473
0.045861465366341586,0.0001,0.006995356134989048
0.04591147786946737,0.0001,0.006991858456994439
0.04596149037259315,0.0001,0.0069883625278387915
0.04601150287571893,0.0001,0.006984868346647686
0.04606151537884472,0.0001,0.00698137591254714
0.046111527881970496,0.0001,0.006977885224663608
0.046161540385096275,0.0001,0.00697439628212398
0.04621155288822206,0.0001,0.006970909084055589
0.04626156539134784,0.0001,0.006967423629586193
0.04631157789447362,0.0001,0.006963939917843995
0.046361590397599406,0.0001,0.006960457947957632
0.046411602900725185,0.0001,0.006956977719056177
0.046461615403850964,0.0001,0.006953499230269135
0.04651162790697675,0.0001,0.006950022480726452
0.04656164041010253,0.0001,0.006946547469558504
0.04661165291322831,0.0001,0.006943074195896103
0.046661665416354095,0.0001,0.006939602658870497
0.046711677919479874,0.0001,0.006936132857613368
0.04676169042260565,0.0001,0.006932664791256831
0.04681170292573144,0.0001,0.006929198458933436
0.04686171542885722,0.0001,0.006925733859776164
0.046911727931983,0.0001,0.006922270992918437
0.046961740435108784,0.0001,0.006918809857494104
0.04701175293823456,0.0001,0.0069153504526374455
0.04706176544136034,0.0001,0.00691189277748318
0.04711177794448612,0.0001,0.0069084368311664555
0.04716179044761191,0.0001,0.006904982612822852
0.04721180295073769,0.0001,0.006901530121588386
0.047261815453863466,0.0001,0.006898079356599501
0.04731182795698925,0.0001,0.006894630316993075
0.04736184046011503,0.0001,0.006891183001906417
0.04741185296324081,0.0001,0.006887737410477266
0.0474618654663666,0.0001,0.0068842935418437935
0.047511877969492376,0.0001,0.006880851395144601
0.047561890472618155,0.0001,0.006877410969518722
0.04761190297574394,0.0001,0.006873972264105621
0.04766191547886972,0.0001,0.006870535278045188
0.0477119279819955,0.0001,0.006867100010477753
0.047761940485121286,0.0001,0.006863666460544064
0.047811952988247065,0.0001,0.006860234627385306
0.047861965491372845,0.0001,0.006856804510143091
0.04791197799449863,0.0001,0.006853376107959464
0.04796199049762441,0.0001,0.006849949419976892
0.04801200300075019,0.0001,0.0068465244453382755
0.048062015503875975,0.0001,0.006843101183186942
0.048112028007001754,0.0001,0.006839679632666649
0.048162040510127534,0.0001,0.006836259792921581
0.04821205301325332,0.0001,0.006832841663096349
0.0482620655163791,0.0001,0.006829425242335993
0.04831207801950488,0.0001,0.006826010529785983
0.048362090522630664,0.0001,0.006822597524592214
0.048412103025756444,0.0001,0.006819186225901004
0.04846211552888222,0.0001,0.0068157766328591045
0.04851212803200801,0.0001,0.00681236874461369
0.04856214053513379,0.0001,0.006808962560312363
0.04861215303825957,0.0001,0.006805558079103153
0.048662165541385353,0.0001,0.006802155300134511
0.04871217804451113,0.0001,0.006798754222555317
0.04876219054763691,0.0001,0.006795354845514878
0.04881220305076269,0.0001,0.006791957168162922
0.04886221555388848,0.0001,0.006788561189649608
0.048912228057014256,0.0001,0.006785166909125517
0.048962240560140036,0.0001,0.00678177432574165
0.04901225306326582,0.0001,0.006778383438649442
0.0490622655663916,0.0001,0.006774994247000744
0.04911227806951738,0.0001,0.006771606749947834
0.049162290572643166,0.0001,0.006768220946643416
0.049212303075768946,0.0001,0.006764836836240615
0.049262315578894725,0.0001,0.006761454417892979
0.04931232808202051,0.0001,0.00675807369075448
0.04936234058514629,0.0001,0.0067546946539795176
0.04941235308827207,0.0001,0.0067513173067229055
0.049462365591397855,0.0001,0.0067479416481398885
0.049512378094523635,0.0001,0.006744567677386128
0.049562390597649414,0.0001,0.006741195393617709
0.0496124031007752,0.0001,0.006737824795991138
0.04966241560390098,0.0001,0.006734455883663347
0.04971242810702676,0.0001,0.0067310886557916845
0.049762440610152545,0.0001,0.006727723111533922
0.049812453113278324,0.0001,0.006724359250048254
0.0498624656164041,0.0001,0.006720997070493292
0.04991247811952989,0.0001,0.006717636572028073
0.04996249062265567,0.0001,0.006714277753812051
0.05001250312578145,0.0001,0.006710920615005103
0.050062515628907234,0.0001,0.006707565154767525
0.05011252813203301,0.0001,0.00670421137226003
0.05016254063515879,0.0001,0.006700859266643753
0.05021255313828458,0.0001,0.006697508837080249
0.05026256564141036,0.0001,0.006694160082731491
0.05031257814453614,0.0001,0.006690813002759874
0.05036259064766192,0.0001,0.006687467596328208
0.0504126031507877,0.0001,0.006684123862599723
0.05046261565391348,0.0001,0.0066807818007380655
0.05051262815703926,0.0001,0.006677441409907305
0.05056264066016505,0.0001,0.006674102689271927
0.050612653163290826,0.0001,0.00667076563799683
0.050662665666416605,0.0001,0.0066674302552473365
0.05071267816954239,0.0001,0.006664096540189183
0.05076269067266817,0.0001,0.006660764491988522
0.05081270317579395,0.0001,0.006657434109811928
0.050862715678919736,0.0001,0.006654105392826389
0.050912728182045515,0.0001,0.006650778340199307
0.050962740685171294,0.0001,0.006647452951098504
0.05101275318829708,0.0001,0.006644129224692216
0.05106276569142286,0.0001,0.0066408071601490965
0.05111277819454864,0.0001,0.006637486756638216
0.051162790697674425,0.0001,0.006634168013329056
0.051212803200800204,0.0001,0.006630850929391515
0.05126281570392598,0.0001,0.006627535503995908
0.05131282820705177,0.0001,0.006624221736312965
0.05136284071017755,0.0001,0.006620909625513828
0.05141285321330333,0.0001,0.006617599170770056
0.051462865716429114,0.0001,0.006614290371253622
0.05151287821955489,0.0001,0.006610983226136912
0.05156289072268067,0.0001,0.006607677734592725
0.05161290322580646,0.0001,0.006604373895794275
0.05166291572893224,0.0001,0.006601071708915191
0.05171292823205802,0.0001,0.006597771173129512
0.0517629407351838,0.0001,0.006594472287611692
0.05181295323830958,0.0001,0.006591175051536596
0.05186296574143536,0.0001,0.006587879464079503
0.05191297824456115,0.0001,0.006584585524416104
0.05196299074768693,0.0001,0.006581293231722502
0.052013003250812706,0.0001,0.006578002585175213
0.052063015753938485,0.0001,0.0065747135839511655
0.05211302825706427,0.0001,0.006571426227227694
0.05216304076019005,0.0001,0.006568140514182549
0.05221305326331583,0.0001,0.006564856443993893
0.052263065766441616,0.0001,0.006561574015840297
0.052313078269567395,0.0001,0.0065582932289007445
0.052363090772693174,0.0001,0.006555014082354627
0.05241310327581896,0.0001,0.006551736575381748
0.05246311577894474,0.0001,0.006548460707162322
0.05251312828207052,0.0001,0.00654518647687697
0.052563140785196305,0.0001,0.006541913883706728
0.052613153288322084,0.0001,0.006538642926833037
0.052663165791447863,0.0001,0.00653537360543775
0.05271317829457365,0.0001,0.0065321059187031265
0.05276319079769943,0.0001,0.006528839865811835
0.05281320330082521,0.0001,0.006525575445946954
0.052863215803950994,0.0001,0.006522312658291973
0.05291322830707677,0.0001,0.006519051502030786
0.05296324081020255,0.0001,0.0065157919763476945
0.05301325331332834,0.0001,0.006512534080427411
0.05306326581645412,0.0001,0.006509277813455052
0.0531132783195799,0.0001,0.006506023174616148
0.05316329082270568,0.0001,0.006502770163096629
0.05321330332583146,0.0001,0.0064995187780828335
0.05326331582895724,0.0001,0.006496269018761513
0.05331332833208303,0.0001,0.006493020884319818
0.05336334083520881,0.0001,0.006489774373945311
0.053413353338334586,0.0001,0.0064865294868259584
0.05346336584146037,0.0001,0.0064832862221501295
0.05351337834458615,0.0001,0.0064800445791066055
0.05356339084771193,0.0001,0.00647680455688457
0.05361340335083772,0.0001,0.006473566154673611
0.053663415853963496,0.0001,0.0064703293716637245
0.053713428357089275,0.0001,0.0064670942070453085
0.053763440860215055,0.0001,0.006463860660009169
0.05381345336334084,0.0001,0.006460628729746513
0.05386346586646662,0.0001,0.006457398415448955
0.0539134783695924,0.0001,0.0064541697163085126
0.053963490872718185,0.0001,0.006450942631517607
0.054013503375843964,0.0001,0.006447717160269061
0.054063515878969744,0.0001,0.006444493301756108
0.05411352838209553,0.0001,0.006441271055172376
0.05416354088522131,0.0001,0.006438050419711904
0.05421355338834709,0.0001,0.006434831394569128
0.054263565891472874,0.0001,0.00643161397893889
0.054313578394598654,0.0001,0.006428398172016433
0.05436359089772443,0.0001,0.006425183972997404
0.05441360340085022,0.0001,0.006421971381077851
0.054463615903976,0.0001,0.006418760395454225
0.05451362840710178,0.0001,0.0064155510153233765
0.054563640910227564,0.0001,0.006412343239882561
0.05461365341335334,0.0001,0.006409137068329431
0.05466366591647912,0.0001,0.006405932499862045
0.05471367841960491,0.0001,0.006402729533678859
0.05476369092273069,0.0001,0.006399528168978732
0.054813703425856466,0.0001,0.006396328404960921
0.05486371592898225,0.0001,0.006393130240825087
0.05491372843210803,0.0001,0.0063899336757712874
0.05496374093523381,0.0001,0.00638673870899998
0.0550137534383596,0.0001,0.006383545339712025
0.055063765941485376,0.0001,0.006380353567108681
0.055113778444611156,0.0001,0.006377163390391606
0.05516379094773694,0.0001,0.006373974808762856
0.05521380345086272,0.0001,0.0063707878214248875
0.0552638159539885,0.0001,0.006367602427580554
0.055313828457114286,0.0001,0.0063644186264331095
0.055363840960240066,0.0001,0.006361236417186206
0.055413853463365845,0.0001,0.006358055799043892
0.055463865966491624,0.0001,0.006354876771210617
0.05551387846961741,0.0001,0.006351699332891225
0.05556389097274319,0.0001,0.006348523483290959
0.05561390347586897,0.0001,0.006345349221615461
0.055663915978994755,0.0001,0.006342176547070768
0.055713928482120534,0.0001,0.006339005458863314
0.05576394098524631,0.0001,0.00633583595619993
0.0558139534883721,0.0001,0.006332668038287846
0.05586396599149788,0.0001,0.006329501704334684
0.05591397849462366,0.0001,0.006326336953548465
0.055963990997749444,0.0001,0.0063231737851376065
0.05601400350087522,0.0001,0.0063200121983109205
0.056064016004001,0.0001,0.006316852192277615
0.05611402850712679,0.0001,0.006313693766247293
0.05616404101025257,0.0001,0.006310536919429954
0.05621405351337835,0.0001,0.006307381651035991
0.05626406601650413,0.0001,0.006304227960276191
0.05631407851962991,0.0001,0.006301075846361738
0.05636409102275569,0.0001,0.00629792530850421
0.05641410352588148,0.0001,0.0062947763459155785
0.05646411602900726,0.0001,0.006291628957808208
0.056514128532133036,0.0001,0.006288483143394859
0.05656414103525882,0.0001,0.006285338901888682
0.0566141535383846,0.0001,0.006282196232503227
0.05666416604151038,0.0001,0.006279055134452431
0.05671417854463617,0.0001,0.0062759156069506295
0.056764191047761946,0.0001,0.006272777649212546
0.056814203550887725,0.0001,0.006269641260453296
0.05686421605401351,0.0001,0.0062665064398883955
0.05691422855713929,0.0001,0.006263373186733743
0.05696424106026507,0.0001,0.006260241500205636
0.05701425356339085,0.0001,0.00625711137952076
0.057064266066516635,0.0001,0.006253982823896195
0.057114278569642414,0.0001,0.006250855832549409
0.05716429107276819,0.0001,0.0062477304046982636
0.05721430357589398,0.0001,0.006244606539561013
0.05726431607901976,0.0001,0.006241484236356297
0.05731432858214554,0.0001,0.006238363494303149
0.057364341085271324,0.0001,0.006235244312620997
0.0574143535883971,0.0001,0.0062321266905296544
0.05746436609152288,0.0001,0.006229010627249325
0.05751437859464867,0.0001,0.006225896122000601
0.05756439109777445,0.0001,0.0062227831740044705
0.05761440360090023,0.0001,0.006219671782482306
0.05766441610402601,0.0001,0.00621656194665587
0.05771442860715179,0.0001,0.006213453665747315
0.05776444111027757,0.0001,0.00621034693897918
0.05781445361340336,0.0001,0.006207241765574399
0.05786446611652914,0.0001,0.0062041381447562865
0.057914478619654916,0.0001,0.006201036075748551
0.0579644911227807,0.0001,0.006197935557775287
0.05801450362590648,0.0001,0.006194836590060977
0.05806451612903226,0.0001,0.006191739171830492
0.05811452863215805,0.0001,0.00618864330230909
0.058164541135283826,0.0001,0.006185548980722418
0.058214553638409605,0.0001,0.006182456206296506
0.05826456614153539,0.0001,0.006179364978257775
0.05831457864466117,0.0001,0.006176275295833031
0.05836459114778695,0.0001,0.0061731871582494675
0.058414603650912736,0.0001,0.006170100564734664
0.058464616154038515,0.0001,0.006167015514516584
0.058514628657164294,0.0001,0.006163932006823582
0.05856464116029008,0.0001,0.006160850040884394
0.05861465366341586,0.0001,0.006157769615928142
0.05866466616654164,0.0001,0.006154690731184339
0.05871467866966742,0.0001,0.006151613385882874
0.058764691172793204,0.0001,0.0061485375792540275
0.05881470367591898,0.0001,0.006145463310528465
0.05886471617904476,0.0001,0.0061423905789372325
0.05891472868217055,0.0001,0.006139319383711764
0.05896474118529633,0.0001,0.006136249724083875
0.05901475368842211,0.0001,0.006133181599285769
0.05906476619154789,0.0001,0.006130115008550029
0.05911477869467367,0.0001,0.006127049951109625
0.05916479119779945,0.0001,0.006123986426197909
0.05921480370092524,0.0001,0.0061209244330486185
0.05926481620405102,0.0001,0.00611786397089587
0.059314828707176796,0.0001,0.006114805038974165
0.05936484121030258,0.0001,0.00611174763651839
0.05941485371342836,0.0001,0.006108691762763811
0.05946486621655414,0.0001,0.006105637416946077
0.05951487871967993,0.0001,0.0061025845983012205
0.059564891222805706,0.0001,0.0060995333060656545
0.059614903725931485,0.0001,0.006096483539476175
0.05966491622905727,0.0001,0.006093435297769959
0.05971492873218305,0.0001,0.006090388580184563
0.05976494123530883,0.0001,0.006087343385957929
0.059814953738434616,0.0001,0.0060842997143283764
0.059864966241560395,0.0001,0.006081257564534606
0.059914978744686175,0.0001,0.0060782169358157
0.05996499124781196,0.0001,0.006075177827411123
0.06001500375093774,0.0001,0.006072140238560717
0.06006501625406352,0.0001,0.006069104168504705
0.060115028757189305,0.0001,0.006066069616483688
0.060165041260315084,0.0001,0.006063036581738651
0.060215053763440864,0.0001,0.006060005063510954
0.06026506626656665,0.0001,0.00605697506104234
0.06031507876969243,0.0001,0.006053946573574928
0.06036509127281821,0.0001,0.006050919600351219
0.06041510377594399,0.0001,0.00604789414061409
0.060465116279069774,0.0001,0.006044870193606797
0.06051512878219555,0.0001,0.0060418477585729765
0.06056514128532133,0.0001,0.006038826834756642
0.06061515378844712,0.0001,0.006035807421402184
0.0606651662915729,0.0001,0.006032789517754372
0.060715178794698677,0.0001,0.006029773123058354
0.06076519129782446,0.0001,0.0060267582365596505
0.06081520380095024,0.0001,0.006023744857504165
0.06086521630407602,0.0001,0.006020732985138176
0.06091522880720181,0.0001,0.006017722618708339
0.060965241310327586,0.0001,0.006014713757461684
0.061015253813453366,0.0001,0.006011706400645623
0.06106526631657915,0.0001,0.006008700547507938
0.06111527881970493,0.0001,0.006005696197296791
0.06116529132283071,0.0001,0.0060026933492607175
0.061215303825956496,0.0001,0.005999692002648631
0.061265316329082276,0.0001,0.005996692156709821
0.061315328832208055,0.0001,0.005993693810693947
0.06136534133533384,0.0001,0.0059906969638510495
0.06141535383845962,0.0001,0.005987701615431542
0.0614653663415854,0.0001,0.005984707764686215
0.061515378844711185,0.0001,0.005981715410866228
0.061565391347836965,0.0001,0.0059787245532231205
0.061615403850962744,0.0001,0.005975735191008803
0.06166541635408853,0.0001,0.005972747323475561
0.06171542885721431,0.0001,0.005969760949876056
0.06176544136034009,0.0001,0.005966776069463319
0.061815453863465875,0.0001,0.005963792681490756
0.061865466366591654,0.0001,0.00596081078521215
0.06191547886971743,0.0001,0.005957830379881652
0.06196549137284321,0.0001,0.005954851464753787
0.062015503875969,0.0001,0.005951874039083456
0.06206551637909478,0.0001,0.0059488981021259294
0.06211552888222056,0.0001,0.005945923653136849
0.06216554138534634,0.0001,0.0059429506913722336
0.06221555388847212,0.0001,0.005939979216088468
0.0622655663915979,0.0001,0.0059370092265423145
0.06231557889472369,0.0001,0.005934040721990903
0.06236559139784947,0.0001,0.005931073701691735
0.062415603900975246,0.0001,0.0059281081649026875
0.06246561640410103,0.0001,0.0059251441108820035
0.06251562890722681,0.0001,0.005922181538888299
0.06256564141035259,0.0001,0.00591922044818056
0.06261565391347837,0.0001,0.005916260838018143
0.06266566641660416,0.0001,0.005913302707660778
0.06271567891972994,0.0001,0.00591034605636856
0.06276569142285572,0.0001,0.005907390883401958
0.0628157039259815,0.0001,0.005904437188021807
0.06286571642910728,0.0001,0.005901484969489316
0.06291572893223306,0.0001,0.005898534227066061
0.06296574143535884,0.0001,0.005895584960013987
0.06301575393848463,0.0001,0.005892637167595407
0.06306576644161041,0.0001,0.005889690849073007
0.06311577894473619,0.0001,0.005886746003709836
0.06316579144786197,0.0001,0.005883802630769317
0.06321580395098775,0.0001,0.005880860729515237
0.06326581645411353,0.0001,0.005877920299211754
0.06331582895723932,0.0001,0.005874981339123393
0.0633658414603651,0.0001,0.005872043848515044
0.06341585396349088,0.0001,0.00586910782665197
0.06346586646661666,0.0001,0.0058661732727997955
0.06351587896974244,0.0001,0.005863240186224516
0.06356589147286822,0.0001,0.005860308566192496
0.06361590397599401,0.0001,0.005857378411970461
0.06366591647911979,0.0001,0.005854449722825505
0.06371592898224557,0.0001,0.005851522498025093
0.06376594148537135,0.0001,0.005848596736837049
0.06381595398849713,0.0001,0.005845672438529569
0.0638659664916229,0.0001,0.005842749602371212
0.0639159789947487,0.0001,0.005839828227630903
0.06396599149787448,0.0001,0.005836908313577935
0.06401600400100026,0.0001,0.005833989859481963
0.06406601650412604,0.0001,0.0058310728646130084
0.06411602900725182,0.0001,0.005828157328241459
0.0641660415103776,0.0001,0.005825243249638063
0.06421605401350339,0.0001,0.005822330628073939
0.06426606651662917,0.0001,0.005819419462820566
0.06431607901975495,0.0001,0.00581650975314979
0.06436609152288073,0.0001,0.005813601498333819
0.0644161040260065,0.0001,0.005810694697645226
0.06446611652913228,0.0001,0.005807789350356947
0.06451612903225806,0.0001,0.005804885455742282
0.06456614153538386,0.0001,0.005801983013074893
0.06461615403850964,0.0001,0.005799082021628808
0.06466616654163541,0.0001,0.005796182480678416
0.0647161790447612,0.0001,0.005793284389498468
0.06476619154788697,0.0001,0.005790387747364081
0.06481620405101275,0.0001,0.005787492553550731
0.06486621655413854,0.0001,0.005784598807334258
0.06491622905726432,0.0001,0.005781706507990862
0.0649662415603901,0.0001,0.0057788156547971085
0.06501625406351588,0.0001,0.0057759262470299215
0.06506626656664166,0.0001,0.0057730382839665875
0.06511627906976744,0.0001,0.005770151764884756
0.06516629157289323,0.0001,0.005767266689062435
0.06521630407601901,0.0001,0.005764383055777994
0.06526631657914479,0.0001,0.005761500864310165
0.06531632908227057,0.0001,0.005758620113938041
0.06536634158539635,0.0001,0.005755740803941074
0.06541635408852213,0.0001,0.005752862933599074
0.06546636659164792,0.0001,0.005749986502192216
0.0655163790947737,0.0001,0.005747111509001031
0.06556639159789948,0.0001,0.005744237953306412
0.06561640410102526,0.0001,0.00574136583438961
0.06566641660415104,0.0001,0.005738495151532235
0.06571642910727682,0.0001,0.00573562590401626
0.06576644161040261,0.0001,0.005732758091124013
0.06581645411352839,0.0001,0.005729891712138183
0.06586646661665417,0.0001,0.005727026766341815
0.06591647911977995,0.0001,0.005724163253018316
0.06596649162290573,0.0001,0.005721301171451449
0.06601650412603151,0.0001,0.005718440520925336
0.0660665166291573,0.0001,0.005715581300724456
0.06611652913228308,0.0001,0.005712723510133645
0.06616654163540886,0.0001,0.005709867148438101
0.06621655413853464,0.0001,0.005707012214923376
0.06626656664166042,0.0001,0.005704158708875376
0.0663165791447862,0.0001,0.005701306629580371
0.06636659164791198,0.0001,0.005698455976324984
0.06641660415103777,0.0001,0.0056956067483961955
0.06646661665416355,0.0001,0.005692758945081343
0.06651662915728933,0.0001,0.005689912565668116
0.06656664166041511,0.0001,0.005687067609444567
0.06661665416354089,0.0001,0.0056842240756991005
0.06666666666666667,0.0001,0.005681381963720478
0.06671667916979246,0.0001,0.005678541272797813
0.06676669167291824,0.0001,0.005675702002220581
0.06681670417604402,0.0001,0.005672864151278607
0.0668667166791698,0.0001,0.0056700277192620755
0.06691672918229558,0.0001,0.005667192705461523
0.06696674168542135,0.0001,0.0056643591091678405
0.06701675418854715,0.0001,0.005661526929672275
0.06706676669167293,0.0001,0.005658696166266429
0.0671167791947987,0.0001,0.005655866818242255
0.06716679169792449,0.0001,0.005653038884892064
0.06721680420105026,0.0001,0.005650212365508518
0.06726681670417604,0.0001,0.0056473872593846355
0.06731682920730184,0.0001,0.005644563565813785
0.06736684171042762,0.0001,0.005641741284089691
0.0674168542135534,0.0001,0.005638920413506429
0.06746686671667917,0.0001,0.00563610095335843
0.06751687921980495,0.0001,0.005633282902940475
0.06756689172293073,0.0001,0.0056304662615477
0.06761690422605653,0.0001,0.005627651028475591
0.0676669167291823,0.0001,0.005624837203019989
0.06771692923230808,0.0001,0.005622024784477086
0.06776694173543386,0.0001,0.005619213772143425
0.06781695423855964,0.0001,0.005616404165315903
0.06786696674168542,0.0001,0.005613595963291765
0.0679169792448112,0.0001,0.005610789165368608
0.067966991747937,0.0001,0.005607983770844384
0.06801700425106277,0.0001,0.005605179779017394
0.06806701675418855,0.0001,0.005602377189186287
0.06811702925731433,0.0001,0.005599576000650066
0.06816704176044011,0.0001,0.005596776212708085
0.06821705426356589,0.0001,0.005593977824660046
0.06826706676669168,0.0001,0.005591180835806001
0.06831707926981746,0.0001,0.005588385245446354
0.06836709177294324,0.0001,0.005585591052881858
0.06841710427606902,0.0001,0.005582798257413615
0.0684671167791948,0.0001,0.005580006858343077
0.06851712928232058,0.0001,0.005577216854972046
0.06856714178544637,0.0001,0.005574428246602671
0.06861715428857215,0.0001,0.0055716410325374515
0.06866716679169793,0.0001,0.005568855212079235
0.06871717929482371,0.0001,0.005566070784531219
0.06876719179794949,0.0001,0.0055632877491969485
0.06881720430107527,0.0001,0.005560506105380315
0.06886721680420106,0.0001,0.005557725852385562
0.06891722930732684,0.0001,0.005554946989517276
0.06896724181045262,0.0001,0.005552169516080397
0.0690172543135784,0.0001,0.005549393431380206
0.06906726681670418,0.0001,0.005546618734722337
0.06911727931982996,0.0001,0.005543845425412768
0.06916729182295575,0.0001,0.005541073502757825
0.06921730432608153,0.0001,0.005538302966064179
0.06926731682920731,0.0001,0.005535533814638853
0.06931732933233309,0.0001,0.00553276604778921
0.06936734183545887,0.0001,0.005529999664822964
0.06941735433858465,0.0001,0.005527234665048171
0.06946736684171043,0.0001,0.005524471047773237
0.06951737934483622,0.0001,0.005521708812306912
0.069567391847962,0.0001,0.005518947957958291
0.06961740435108778,0.0001,0.005516188484036817
0.06966741685421356,0.0001,0.005513430389852273
0.06971742935733934,0.0001,0.005510673674714793
0.06976744186046512,0.0001,0.0055079183379348525
0.06981745436359091,0.0001,0.005505164378823274
0.06986746686671669,0.0001,0.005502411796691221
0.06991747936984247,0.0001,0.005499660590850207
0.06996749187296825,0.0001,0.0054969107606120836
0.07001750437609403,0.0001,0.005494162305289053
0.0700675168792198,0.0001,0.0054914152241936545
0.0701175293823456,0.0001,0.005488669516638774
0.07016754188547138,0.0001,0.005485925181937644
0.07021755438859716,0.0001,0.005483182219403834
0.07026756689172294,0.0001,0.005480440628351264
0.07031757939484871,0.0001,0.00547770040809419
0.0703675918979745,0.0001,0.005474961557947217
0.07041760440110029,0.0001,0.005472224077225289
0.07046761690422607,0.0001,0.0054694879652436934
0.07051762940735185,0.0001,0.005466753221318059
0.07056764191047762,0.0001,0.00546401984476436
0.0706176544136034,0.0001,0.005461287834898909
0.07066766691672918,0.0001,0.0054585571910383615
0.07071767941985498,0.0001,0.005455827912499717
0.07076769192298075,0.0001,0.005453099998600313
0.07081770442610653,0.0001,0.00545037344865783
0.07086771692923231,0.0001,0.005447648261990291
0.07091772943235809,0.0001,0.005444924437916057
0.07096774193548387,0.0001,0.005442201975753832
0.07101775443860966,0.0001,0.00543948087482266
0.07106776694173544,0.0001,0.005436761134441924
0.07111777944486122,0.0001,0.005434042753931349
0.071167791947987,0.0001,0.005431325732611002
0.07121780445111278,0.0001,0.005428610069801287
0.07126781695423856,0.0001,0.005425895764822949
0.07131782945736434,0.0001,0.005423182816997071
0.07136784196049013,0.0001,0.005420471225645079
0.07141785446361591,0.0001,0.005417760990088734
0.07146786696674169,0.0001,0.005415052109650139
0.07151787946986747,0.0001,0.005412344583651734
0.07156789197299325,0.0001,0.005409638411416302
0.07161790447611903,0.0001,0.005406933592266958
0.07166791697924482,0.0001,0.00540423012552716
0.0717179294823706,0.0001,0.005401528010520705
0.07176794198549638,0.0001,0.005398827246571726
0.07181795448862216,0.0001,0.005396127833004692
0.07186796699174794,0.0001,0.005393429769144415
0.07191797949487372,0.0001,0.005390733054316038
0.07196799199799951,0.0001,0.005388037687845047
0.07201800450112529,0.0001,0.005385343669057264
0.07206801700425107,0.0001,0.005382650997278848
0.07211802950737685,0.0001,0.005379959671836293
0.07216804201050263,0.0001,0.00537726969205643
0.07221805451362841,0.0001,0.005374581057266429
0.0722680670167542,0.0001,0.005371893766793795
0.07231807951987998,0.0001,0.005369207819966369
0.07236809202300576,0.0001,0.00536652321611233
0.07241810452613154,0.0001,0.005363839954560188
0.07246811702925732,0.0001,0.005361158034638796
0.0725181295323831,0.0001,0.005358477455677336
0.07256814203550889,0.0001,0.005355798217005329
0.07261815453863467,0.0001,0.005353120317952631
0.07266816704176045,0.0001,0.005350443757849431
0.07271817954488623,0.0001,0.005347768536026254
0.072768192048012,0.0001,0.00534509465181396
0.07281820455113779,0.0001,0.0053424221045437455
0.07286821705426356,0.0001,0.005339750893547138
0.07291822955738936,0.0001,0.0053370810181560015
0.07296824206051514,0.0001,0.005334412477702532
0.07301825456364092,0.0001,0.005331745271519261
0.0730682670667667,0.0001,0.005329079398939054
0.07311827956989247,0.0001,0.0053264148592951106
0.07316829207301825,0.0001,0.005323751651920961
0.07321830457614405,0.0001,0.0053210897761504705
0.07326831707926983,0.0001,0.005318429231317837
0.0733183295823956,0.0001,0.005315770016757594
0.07336834208552138,0.0001,0.005313112131804601
0.07341835458864716,0.0001,0.005310455575794058
0.07346836709177294,0.0001,0.005307800348061492
0.07351837959489874,0.0001,0.005305146447942764
0.07356839209802452,0.0001,0.005302493874774069
0.0736184046011503,0.0001,0.005299842627891931
0.07366841710427607,0.0001,0.005297192706633206
0.07371842960740185,0.0001,0.005294544110335082
0.07376844211052763,0.0001,0.005291896838335081
0.07381845461365343,0.0001,0.0052892508899710505
0.0738684671167792,0.0001,0.005286606264581175
0.07391847961990498,0.0001,0.005283962961503966
0.07396849212303076,0.0001,0.00528132098007827
0.07401850462615654,0.0001,0.005278680319643259
0.07406851712928232,0.0001,0.0052760409795384365
0.07411852963240811,0.0001,0.00527340295910364
0.0741685421355339,0.0001,0.005270766257679034
0.07421855463865967,0.0001,0.005268130874605112
0.07426856714178545,0.0001,0.0052654968092227
0.07431857964491123,0.0001,0.0052628640608729516
0.07436859214803701,0.0001,0.00526023262889735
0.07441860465116279,0.0001,0.005257602512637711
0.07446861715428858,0.0001,0.005254973711436173
0.07451862965741436,0.0001,0.005252346224635207
0.07456864216054014,0.0001,0.005249720051577616
0.07461865466366592,0.0001,0.005247095191606526
0.0746686671667917,0.0001,0.005244471644065394
0.07471867966991748,0.0001,0.005241849408298004
0.07476869217304327,0.0001,0.005239228483648473
0.07481870467616905,0.0001,0.005236608869461238
0.07486871717929483,0.0001,0.005233990565081069
0.07491872968242061,0.0001,0.005231373569853063
0.07496874218554639,0.0001,0.005228757883122645
0.07501875468867217,0.0001,0.005226143504235564
0.07506876719179796,0.0001,0.005223530432537899
0.07511877969492374,0.0001,0.005220918667376055
0.07516879219804952,0.0001,0.005218308208096765
0.0752188047011753,0.0001,0.005215699054047087
0.07526881720430108,0.0001,0.005213091204574407
0.07531882970742686,0.0001,0.005210484659026437
0.07536884221055265,0.0001,0.005207879416751214
0.07541885471367843,0.0001,0.0052052754770971
0.07546886721680421,0.0001,0.005202672839412788
0.07551887971992999,0.0001,0.005200071503047289
0.07556889222305577,0.0001,0.0051974714673499465
0.07561890472618155,0.0001,0.005194872731670426
0.07566891722930734,0.0001,0.005192275295358718
0.07571892973243312,0.0001,0.0051896791577651395
0.0757689422355589,0.0001,0.00518708431824033
0.07581895473868468,0.0001,0.005184490776135255
0.07586896724181046,0.0001,0.005181898530801207
0.07591897974493624,0.0001,0.005179307581589798
0.07596899224806203,0.0001,0.005176717927852969
0.07601900475118781,0.0001,0.005174129568942981
0.07606901725431359,0.0001,0.0051715425042124195
0.07611902975743937,0.0001,0.005168956733014198
0.07616904226056515,0.0001,0.005166372254701547
0.07621905476369092,0.0001,0.005163789068628025
0.0762690672668167,0.0001,0.005161207174147514
0.0763190797699425,0.0001,0.005158626570614217
0.07636909227306828,0.0001,0.005156047257382659
0.07641910477619406,0.0001,0.00515346923380769
0.07646911727931983,0.0001,0.005150892499244483
0.07651912978244561,0.0001,0.005148317053048529
0.07656914228557139,0.0001,0.005145742894575645
0.07661915478869719,0.0001,0.005143170023181973
0.07666916729182296,0.0001,0.00514059843822397
0.07671917979494874,0.0001,0.0051380281390584195
0.07676919229807452,0.0001,0.0051354591250424245
0.0768192048012003,0.0001,0.005132891395533411
0.07686921730432608,0.0001,0.005130324949889127
0.07691922980745187,0.0001,0.005127759787467637
0.07696924231057765,0.0001,0.005125195907627332
0.07701925481370343,0.0001,0.005122633309726919
0.07706926731682921,0.0001,0.00512007199312543
0.07711927981995499,0.0001,0.0051175119571822145
0.07716929232308077,0.0001,0.0051149532012569445
0.07721930482620656,0.0001,0.00511239572470961
0.07726931732933234,0.0001,0.005109839526900523
0.07731932983245812,0.0001,0.005107284607190313
0.0773693423355839,0.0001,0.005104730964939933
0.07741935483870968,0.0001,0.005102178599510652
0.07746936734183546,0.0001,0.005099627510264057
0.07751937984496125,0.0001,0.00509707769656206
0.07756939234808703,0.0001,0.005094529157766888
0.07761940485121281,0.0001,0.005091981893241086
0.07766941735433859,0.0001,0.00508943590234752
0.07771942985746437,0.0001,0.005086891184449374
0.07776944236059015,0.0001,0.005084347738910152
0.07781945486371593,0.0001,0.005081805565093672
0.07786946736684172,0.0001,0.005079264662364074
0.0779194798699675,0.0001,0.005076725030085816
0.07796949237309328,0.0001,0.0050741866676236695
0.07801950487621906,0.0001,0.005071649574342726
0.07806951737934484,0.0001,0.005069113749608397
0.07811952988247062,0.0001,0.00506657919278641
0.07816954238559641,0.0001,0.005064045903242807
0.07821955488872219,0.0001,0.005061513880343951
0.07826956739184797,0.0001,0.005058983123456516
0.07831957989497375,0.0001,0.005056453631947499
0.07836959239809953,0.0001,0.00505392540518421
0.0784196049012253,0.0001,0.005051398442534276
0.0784696174043511,0.0001,0.005048872743365642
0.07851962990747688,0.0001,0.005046348307046566
0.07856964241060266,0.0001,0.0050438251329456224
0.07861965491372844,0.0001,0.005041303220431702
0.07866966741685422,0.0001,0.005038782568874013
0.07871967991998,0.0001,0.0050362631776420756
0.07876969242310579,0.0001,0.0050337450461057295
0.07881970492623157,0.0001,0.005031228173635124
0.07886971742935735,0.0001,0.005028712559600729
0.07891972993248313,0.0001,0.005026198203373324
0.0789697424356089,0.0001,0.005023685104324008
0.07901975493873468,0.0001,0.005021173261824189
0.07906976744186048,0.0001,0.005018662675245594
0.07911977994498626,0.0001,0.005016153343960262
0.07916979244811204,0.0001,0.005013645267340548
0.07921980495123782,0.0001,0.005011138444759116
0.0792698174543636,0.0001,0.005008632875588949
0.07931982995748937,0.0001,0.005006128559203341
0.07936984246061515,0.0001,0.005003625494975901
0.07941985496374095,0.0001,0.005001123682280547
0.07946986746686673,0.0001,0.004998623120491514
0.0795198799699925,0.0001,0.004996123808983351
0.07956989247311828,0.0001,0.004993625747130915
0.07961990497624406,0.0001,0.004991128934309379
0.07966991747936984,0.0001,0.004988633369894229
0.07971992998249564,0.0001,0.00498613905326126
0.07976994248562141,0.0001,0.004983645983786581
0.0798199549887472,0.0001,0.004981154160846614
0.07986996749187297,0.0001,0.004978663583818091
0.07991997999499875,0.0001,0.004976174252078056
0.07996999249812453,0.0001,0.004973686165003866
0.08002000500125032,0.0001,0.004971199321973187
0.0800700175043761,0.0001,0.004968713722363997
0.08012003000750188,0.0001,0.004966229365554586
0.08017004251062766,0.0001,0.004963746250923553
0.08022005501375344,0.0001,0.00496126437784981
0.08027006751687922,0.0001,0.004958783745712579
0.08032008002000501,0.0001,0.00495630435389139
0.08037009252313079,0.0001,0.004953826201766085
0.08042010502625657,0.0001,0.004951349288716817
0.08047011752938235,0.0001,0.004948873614124049
0.08052013003250813,0.0001,0.004946399177368551
0.08057014253563391,0.0001,0.0049439259778314044
0.0806201550387597,0.0001,0.0049414540148940015
0.08067016754188548,0.0001,0.004938983287938041
0.08072018004501126,0.0001,0.004936513796345533
0.08077019254813704,0.0001,0.004934045539498795
0.08082020505126282,0.0001,0.004931578516780455
0.0808702175543886,0.0001,0.004929112727573449
0.08092023005751439,0.0001,0.00492664817126102
0.08097024256064017,0.0001,0.004924184847226722
0.08102025506376595,0.0001,0.004921722754854416
0.08107026756689173,0.0001,0.00491926189352827
0.08112028007001751,0.0001,0.0049168022626327615
0.08117029257314329,0.0001,0.004914343861552674
0.08122030507626907,0.0001,0.004911886689673102
0.08127031757939486,0.0001,0.004909430746379445
0.08132033008252064,0.0001,0.004906976031057408
0.08137034258564642,0.0001,0.004904522543093006
0.0814203550887722,0.0001,0.0049020702818725614
0.08147036759189798,0.0001,0.004899619246782701
0.08152038009502376,0.0001,0.004897169437210361
0.08157039259814955,0.0001,0.004894720852542782
0.08162040510127533,0.0001,0.00489227349216751
0.08167041760440111,0.0001,0.0048898273554724
0.08172043010752689,0.0001,0.004887382441845612
0.08177044261065267,0.0001,0.004884938750675612
0.08182045511377845,0.0001,0.0048824962813511725
0.08187046761690424,0.0001,0.00488005503326137
0.08192048012003002,0.0001,0.0048776150057955854
0.0819704926231558,0.0001,0.004875176198343509
0.08202050512628158,0.0001,0.004872738610295134
0.08207051762940736,0.0001,0.004870302241040756
0.08212053013253313,0.0001,0.004867867089970981
0.08217054263565893,0.0001,0.004865433156476715
0.0822205551387847,0.0001,0.004863000439949172
0.08227056764191049,0.0001,0.004860568939779866
0.08232058014503627,0.0001,0.00485813865536062
0.08237059264816204,0.0001,0.004855709586083558
0.08242060515128782,0.0001,0.00485328173134111
0.08247061765441362,0.0001,0.004850855090526007
0.0825206301575394,0.0001,0.004848429663031287
0.08257064266066517,0.0001,0.004846005448250289
0.08262065516379095,0.0001,0.004843582445576655
0.08267066766691673,0.0001,0.004841160654404334
0.08272068017004251,0.0001,0.004838740074127574
0.08277069267316829,0.0001,0.004836320704140926
0.08282070517629408,0.0001,0.004833902543839247
0.08287071767941986,0.0001,0.004831485592617694
0.08292073018254564,0.0001,0.004829069849871726
0.08297074268567142,0.0001,0.0048266553149971065
0.0830207551887972,0.0001,0.004824241987389898
0.08307076769192298,0.0001,0.004821829866446468
0.08312078019504877,0.0001,0.004819418951563486
0.08317079269817455,0.0001,0.004817009242137919
0.08322080520130033,0.0001,0.004814600737567039
0.08327081770442611,0.0001,0.004812193437248421
0.08332083020755189,0.0001,0.004809787340579936
0.08337084271067767,0.0001,0.004807382446959761
0.08342085521380346,0.0001,0.00480497875578637
0.08347086771692924,0.0001,0.004802576266458541
0.08352088022005502,0.0001,0.004800174978375352
0.0835708927231808,0.0001,0.0047977748909361784
0.08362090522630658,0.0001,0.0047953760035407
0.08367091772943236,0.0001,0.004792978315588895
0.08372093023255815,0.0001,0.00479058182648104
0.08377094273568393,0.0001,0.004788186535617714
0.08382095523880971,0.0001,0.004785792442399794
0.08387096774193549,0.0001,0.004783399546228459
0.08392098024506127,0.0001,0.004781007846505186
0.08397099274818705,0.0001,0.004778617342631747
0.08402100525131284,0.0001,0.004776228034010221
0.08407101775443862,0.0001,0.004773839920042981
0.0841210302575644,0.0001,0.0047714530001326996
0.08417104276069018,0.0001,0.004769067273682349
0.08422105526381596,0.0001,0.004766682740095198
0.08427106776694174,0.0001,0.004764299398774816
0.08432108027006752,0.0001,0.004761917249125069
0.08437109277319331,0.0001,0.004759536290550122
0.08442110527631909,0.0001,0.0047571565224544385
0.08447111777944487,0.0001,0.004754777944242778
0.08452113028257065,0.0001,0.004752400555320197
0.08457114278569643,0.0001,0.004750024355092054
0.0846211552888222,0.0001,0.004747649342964
0.084671167791948,0.0001,0.004745275518341985
0.08472118029507378,0.0001,0.004742902880632257
0.08477119279819956,0.0001,0.004740531429241359
0.08482120530132534,0.0001,0.004738161163576131
0.08487121780445112,0.0001,0.004735792083043712
0.0849212303075769,0.0001,0.004733424187051533
0.08497124281070269,0.0001,0.004731057475007326
0.08502125531382847,0.0001,0.004728691946319117
0.08507126781695425,0.0001,0.004726327600395227
0.08512128032008003,0.0001,0.004723964436644275
0.0851712928232058,0.0001,0.004721602454475173
0.08522130532633158,0.0001,0.0047192416532971316
0.08527131782945738,0.0001,0.004716882032519655
0.08532133033258316,0.0001,0.004714523591552541
0.08537134283570894,0.0001,0.004712166329805888
0.08542135533883471,0.0001,0.004709810246690082
0.0854713678419605,0.0001,0.0047074553416158104
0.08552138034508627,0.0001,0.004705101613994051
0.08557139284821207,0.0001,0.004702749063236077
0.08562140535133785,0.0001,0.004700397688753459
0.08567141785446362,0.0001,0.004698047489958057
0.0857214303575894,0.0001,0.004695698466262029
0.08577144286071518,0.0001,0.0046933506170778235
0.08582145536384096,0.0001,0.004691003941818186
0.08587146786696676,0.0001,0.004688658439896154
0.08592148037009253,0.0001,0.004686314110725058
0.08597149287321831,0.0001,0.004683970953718523
0.08602150537634409,0.0001,0.004681628968290469
0.08607151787946987,0.0001,0.004679288153855103
0.08612153038259565,0.0001,0.004676948509826931
0.08617154288572143,0.0001,0.004674610035620748
0.08622155538884722,0.0001,0.004672272730651644
0.086271567891973,0.0001,0.004669936594334999
0.08632158039509878,0.0001,0.0046676016260864895
0.08637159289822456,0.0001,0.00466526782532208
0.08642160540135034,0.0001,0.004662935191458027
0.08647161790447612,0.0001,0.004660603723910883
0.08652163040760191,0.0001,0.004658273422097488
0.08657164291072769,0.0001,0.0046559442854349755
0.08662165541385347,0.0001,0.00465361631334077
0.08667166791697925,0.0001,0.004651289505232587
0.08672168042010503,0.0001,0.004648963860528434
0.08677169292323081,0.0001,0.004646639378646609
0.0868217054263566,0.0001,0.0046443160590057
0.08687171792948238,0.0001,0.004641993901024588
0.08692173043260816,0.0001,0.004639672904122443
0.08697174293573394,0.0001,0.004637353067718722
0.08702175543885972,0.0001,0.004635034391233182
0.0870717679419855,0.0001,0.004632716874085859
0.08712178044511129,0.0001,0.004630400515697086
0.08717179294823707,0.0001,0.004628085315487483
0.08722180545136285,0.0001,0.0046257712728779606
0.08727181795448863,0.0001,0.004623458387289719
0.08732183045761441,0.0001,0.004621146658144247
0.08737184296074019,0.0001,0.004618836084863324
0.08742185546386598,0.0001,0.0046165266668690185
0.08747186796699176,0.0001,0.0046142184035836845
0.08752188047011754,0.0001,0.004611911294429971
0.08757189297324332,0.0001,0.004609605338830808
0.0876219054763691,0.0001,0.004607300536209421
0.08767191797949488,0.0001,0.004604996885989322
0.08772193048262066,0.0001,0.004602694387594308
0.08777194298574645,0.0001,0.004600393040448468
0.08782195548887223,0.0001,0.004598092843976177
0.087871967991998,0.0001,0.004595793797602098
0.08792198049512379,0.0001,0.0045934959007511815
0.08797199299824957,0.0001,0.0045911991528486676
0.08802200550137534,0.0001,0.004588903553320081
0.08807201800450114,0.0001,0.004586609101591234
0.08812203050762692,0.0001,0.004584315797088227
0.0881720430107527,0.0001,0.004582023639237449
0.08822205551387848,0.0001,0.004579732627465572
0.08827206801700425,0.0001,0.004577442761199557
0.08832208052013003,0.0001,0.0045751540398666505
0.08837209302325583,0.0001,0.004572866462894388
0.0884221055263816,0.0001,0.004570580029710586
0.08847211802950739,0.0001,0.004568294739743353
0.08852213053263316,0.0001,0.004566010592421081
0.08857214303575894,0.0001,0.004563727587172444
0.08862215553888472,0.0001,0.004561445723426409
0.08867216804201052,0.0001,0.004559165000612223
0.0887221805451363,0.0001,0.00455688541815942
0.08877219304826207,0.0001,0.0045546069754978215
0.08882220555138785,0.0001,0.004552329672057528
0.08887221805451363,0.0001,0.004550053507268931
0.08892223055763941,0.0001,0.004547778480562705
0.0889722430607652,0.0001,0.004545504591369809
0.08902225556389098,0.0001,0.004543231839121485
0.08907226806701676,0.0001,0.004540960223249262
0.08912228057014254,0.0001,0.004538689743184951
0.08917229307326832,0.0001,0.0045364203983606485
0.0892223055763941,0.0001,0.004534152188208735
0.08927231807951988,0.0001,0.004531885112161874
0.08932233058264567,0.0001,0.004529619169653012
0.08937234308577145,0.0001,0.00452735436011538
0.08942235558889723,0.0001,0.004525090682982495
0.08947236809202301,0.0001,0.004522828137688152
0.08952238059514879,0.0001,0.0045205667236664325
0.08957239309827457,0.0001,0.004518306440351701
0.08962240560140036,0.0001,0.0045160472871786025
0.08967241810452614,0.0001,0.0045137892635820675
0.08972243060765192,0.0001,0.004511532368997307
0.0897724431107777,0.0001,0.004509276602859816
0.08982245561390348,0.0001,0.0045070219646053695
0.08987246811702926,0.0001,0.004504768453670028
0.08992248062015505,0.0001,0.00450251606949013
0.08997249312328083,0.0001,0.004500264811502297
0.09002250562640661,0.0001,0.004498014679143437
0.09007251812953239,0.0001,0.004495765671850731
0.09012253063265817,0.0001,0.004493517789061648
0.09017254313578395,0.0001,0.004491271030213937
0.09022255563890974,0.0001,0.004489025394745626
0.09027256814203552,0.0001,0.004486780882095026
0.0903225806451613,0.0001,0.004484537491700727
0.09037259314828708,0.0001,0.004482295223001603
0.09042260565141286,0.0001,0.004480054075436805
0.09047261815453864,0.0001,0.004477814048445766
0.09052263065766443,0.0001,0.004475575141468198
0.09057264316079021,0.0001,0.004473337353944097
0.09062265566391599,0.0001,0.004471100685313734
0.09067266816704177,0.0001,0.0044688651350176635
0.09072268067016755,0.0001,0.004466630702496717
0.09077269317329333,0.0001,0.004464397387192009
0.09082270567641912,0.0001,0.0044621651885449285
0.0908727181795449,0.0001,0.004459934105997149
0.09092273068267068,0.0001,0.00445770413899062
0.09097274318579646,0.0001,0.004455475286967571
0.09102275568892224,0.0001,0.00445324754937051
0.09107276819204801,0.0001,0.004451020925642224
0.0911227806951738,0.0001,0.00444879541522578
0.09117279319829959,0.0001,0.004446571017564521
0.09122280570142537,0.0001,0.004444347732102069
0.09127281820455115,0.0001,0.004442125558282325
0.09132283070767692,0.0001,0.004439904495549468
0.0913728432108027,0.0001,0.004437684543347953
0.09142285571392848,0.0001,0.004435465701122517
0.09147286821705428,0.0001,0.004433247968318171
0.09152288072018006,0.0001,0.004431031344380203
0.09157289322330583,0.0001,0.004428815828754182
0.09162290572643161,0.0001,0.00442660142088595
0.09167291822955739,0.0001,0.004424388120221629
0.09172293073268317,0.0001,0.004422175926207617
0.09177294323580897,0.0001,0.004419964838290589
0.09182295573893474,0.0001,0.004417754855917497
0.09187296824206052,0.0001,0.004415545978535568
0.0919229807451863,0.0001,0.004413338205592307
0.09197299324831208,0.0001,0.004411131536535496
0.09202300575143786,0.0001,0.0044089259708131896
0.09207301825456365,0.0001,0.004406721507873721
0.09212303075768943,0.0001,0.004404518147165699
0.09217304326081521,0.0001,0.004402315888138009
0.09222305576394099,0.0001,0.004400114730239809
0.09227306826706677,0.0001,0.004397914672920535
0.09232308077019255,0.0001,0.004395715715629899
0.09237309327331834,0.0001,0.004393517857817883
0.09242310577644412,0.0001,0.004391321098934752
0.0924731182795699,0.0001,0.0043891254384310395
0.09252313078269568,0.0001,0.004386930875757556
0.09257314328582146,0.0001,0.004384737410365386
0.09262315578894724,0.0001,0.00438254504170589
0.09267316829207302,0.0001,0.004380353769230701
0.09272318079519881,0.0001,0.004378163592391725
0.09277319329832459,0.0001,0.004375974510641147
0.09282320580145037,0.0001,0.004373786523431422
0.09287321830457615,0.0001,0.004371599630215278
0.09292323080770193,0.0001,0.00436941383044572
0.09297324331082771,0.0001,0.004367229123576023
0.0930232558139535,0.0001,0.004365045509059738
0.09307326831707928,0.0001,0.004362862986350689
0.09312328082020506,0.0001,0.004360681554902972
0.09317329332333084,0.0001,0.004358501214170955
0.09322330582645662,0.0001,0.0043563219636092824
0.0932733183295824,0.0001,0.004354143802672868
0.09332333083270819,0.0001,0.004351966730816899
0.09337334333583397,0.0001,0.0043497907474968345
0.09342335583895975,0.0001,0.004347615852168409
0.09347336834208553,0.0001,0.004345442044287624
0.0935233808452113,0.0001,0.004343269323310756
0.09357339334833709,0.0001,0.0043410976886943545
0.09362340585146288,0.0001,0.004338927139895239
0.09367341835458866,0.0001,0.0043367576763705
0.09372343085771444,0.0001,0.004334589297577501
0.09377344336084022,0.0001,0.004332422002973875
0.093823455863966,0.0001,0.004330255792017529
0.09387346836709178,0.0001,0.004328090664166638
0.09392348087021757,0.0001,0.0043259266188796506
0.09397349337334335,0.0001,0.004323763655615284
0.09402350587646913,0.0001,0.004321601773832527
0.0940735183795949,0.0001,0.0043194409729906385
0.09412353088272069,0.0001,0.004317281252549149
0.09417354338584646,0.0001,0.004315122611967858
0.09422355588897224,0.0001,0.004312965050706835
0.09427356839209804,0.0001,0.00431080856822642
0.09432358089522382,0.0001,0.004308653163987221
0.0943735933983496,0.0001,0.004306498837450122
0.09442360590147537,0.0001,0.004304345588076268
0.09447361840460115,0.0001,0.004302193415327078
0.09452363090772693,0.0001,0.0043000423186642395
0.09457364341085273,0.0001,0.004297892297549712
0.0946236559139785,0.0001,0.0042957433514457175
0.09467366841710428,0.0001,0.004293595479814753
0.09472368092023006,0.0001,0.004291448682119582
0.09477369342335584,0.0001,0.004289302957823237
0.09482370592648162,0.0001,0.004287158306389017
0.09487371842960741,0.0001,0.004285014727280492
0.0949237309327332,0.0001,0.004282872219961499
0.09497374343585897,0.0001,0.004280730783896143
0.09502375593898475,0.0001,0.004278590418548797
0.09507376844211053,0.0001,0.004276451123384103
0.09512378094523631,0.0001,0.004274312897866968
0.0951737934483621,0.0001,0.00427217574146257
0.09522380595148788,0.0001,0.004270039653636351
0.09527381845461366,0.0001,0.004267904633854024
0.09532383095773944,0.0001,0.004265770681581567
0.09537384346086522,0.0001,0.0042636377962852225
0.095423855963991,0.0001,0.004261505977431504
0.0954738684671168,0.0001,0.00425937522448719
0.09552388097024257,0.0001,0.0042572455369193265
0.09557389347336835,0.0001,0.0042551169141952245
0.09562390597649413,0.0001,0.004252989355782462
0.09567391847961991,0.0001,0.004250862861148884
0.09572393098274569,0.0001,0.004248737429762601
0.09577394348587148,0.0001,0.00424661306109199
0.09582395598899726,0.0001,0.00424448975460569
0.09587396849212304,0.0001,0.004242367509772612
0.09592398099524882,0.0001,0.004240246326061928
0.0959739934983746,0.0001,0.004238126202943077
0.09602400600150038,0.0001,0.004236007139885764
0.09607401850462616,0.0001,0.004233889136359958
0.09612403100775195,0.0001,0.004231772191835893
0.09617404351087773,0.0001,0.0042296563057840665
0.09622405601400351,0.0001,0.0042275414776752444
0.09627406851712929,0.0001,0.0042254277069804546
0.09632408102025507,0.0001,0.0042233149931709905
0.09637409352338085,0.0001,0.004221203335718409
0.09642410602650664,0.0001,0.0042190927340945315
0.09647411852963242,0.0001,0.004216983187771445
0.0965241310327582,0.0001,0.0042148746962214975
0.09657414353588398,0.0001,0.004212767258917303
0.09662415603900976,0.0001,0.004210660875331738
0.09667416854213554,0.0001,0.004208555544937944
0.09672418104526133,0.0001,0.004206451267209326
0.09677419354838711,0.0001,0.004204348041619549
0.09682420605151289,0.0001,0.004202245867642546
0.09687421855463867,0.0001,0.00420014474475251
0.09692423105776445,0.0001,0.004198044672423897
0.09697424356089022,0.0001,0.004195945650131425
0.09702425606401602,0.0001,0.004193847677350078
0.0970742685671418,0.0001,0.0041917507535550996
0.09712428107026758,0.0001,0.004189654878221997
0.09717429357339336,0.0001,0.004187560050826539
0.09722430607651913,0.0001,0.004185466270844758
0.09727431857964491,0.0001,0.004183373537752944
0.09732433108277071,0.0001,0.0041812818510276566
0.09737434358589649,0.0001,0.004179191210145709
0.09742435608902227,0.0001,0.00417710161458418
0.09747436859214804,0.0001,0.00417501306382041
0.09752438109527382,0.0001,0.004172925557332001
0.0975743935983996,0.0001,0.004170839094596815
0.09762440610152538,0.0001,0.004168753675092974
0.09767441860465118,0.0001,0.004166669298298863
0.09772443110777695,0.0001,0.004164585963693127
0.09777444361090273,0.0001,0.004162503670754673
0.09782445611402851,0.0001,0.004160422418962667
0.09787446861715429,0.0001,0.004158342207796534
0.09792448112028007,0.0001,0.0041562630367359635
0.09797449362340586,0.0001,0.0041541849052609
0.09802450612653164,0.0001,0.004152107812851555
0.09807451862965742,0.0001,0.004150031758988391
0.0981245311327832,0.0001,0.004147956743152137
0.09817454363590898,0.0001,0.00414588276482378
0.09822455613903476,0.0001,0.004143809823484564
0.09827456864216055,0.0001,0.004141737918615998
0.09832458114528633,0.0001,0.004139667049699844
0.09837459364841211,0.0001,0.0041375972162181265
0.09842460615153789,0.0001,0.0041355284176531285
0.09847461865466367,0.0001,0.004133460653487391
0.09852463115778945,0.0001,0.004131393923203716
0.09857464366091524,0.0001,0.0041293282262851606
0.09862465616404102,0.0001,0.004127263562215043
0.0986746686671668,0.0001,0.004125199930476938
0.09872468117029258,0.0001,0.004123137330554682
0.09877469367341836,0.0001,0.0041210757619323645
0.09882470617654414,0.0001,0.004119015224094338
0.09887471867966993,0.0001,0.004116955716525208
0.09892473118279571,0.0001,0.004114897238709842
0.09897474368592149,0.0001,0.004112839790133362
0.09902475618904727,0.0001,0.0041107833702811476
0.09907476869217305,0.0001,0.004108727978638839
0.09912478119529883,0.0001,0.004106673614692329
0.09917479369842461,0.0001,0.004104620277927772
0.0992248062015504,0.0001,0.004102567967831575
0.09927481870467618,0.0001,0.004100516683890406
0.09932483120780196,0.0001,0.004098466425591186
0.09937484371092774,0.0001,0.0040964171924210944
0.09942485621405352,0.0001,0.004094368983867566
0.0994748687171793,0.0001,0.004092321799418292
0.09952488122030509,0.0001,0.004090275638561222
0.09957489372343087,0.0001,0.00408823050078456
0.09962490622655665,0.0001,0.0040861863855767636
0.09967491872968243,0.0001,0.004084143292426551
0.0997249312328082,0.0001,0.0040821012208228915
0.09977494373593399,0.0001,0.004080060170255013
0.09982495623905978,0.0001,0.004078020140212397
0.09987496874218556,0.0001,0.004075981130184782
0.09992498124531134,0.0001,0.004073943139662158
0.09997499374843712,0.0001,0.0040719061681347745
0.1000250062515629,0.0001,0.004069870215093133
0.10007501875468867,0.0001,0.004067835280027992
0.10012503125781447,0.0001,0.004065801362430362
0.10017504376094025,0.0001,0.00406376846179151
0.10022505626406603,0.0001,0.004061736577602956
0.1002750687671918,0.0001,0.004059705709356474
0.10032508127031758,0.0001,0.004057675856544096
0.10037509377344336,0.0001,0.004055647018658102
0.10042510627656916,0.0001,0.0040536191951910305
0.10047511877969494,0.0001,0.0040515923856356715
0.10052513128282071,0.0001,0.0040495665894850685
0.1005751437859465,0.0001,0.00404754180623252
0.10062515628907227,0.0001,0.004045518035371577
0.10067516879219805,0.0001,0.0040434952763960435
0.10072518129532385,0.0001,0.0040414735287999754
0.10077519379844962,0.0001,0.0040394527920776845
0.1008252063015754,0.0001,0.004037433065723734
0.10087521880470118,0.0001,0.004035414349232939
0.10092523130782696,0.0001,0.004033396642100368
0.10097524381095274,0.0001,0.004031379943821343
0.10102525631407852,0.0001,0.004029364253891437
0.10107526881720431,0.0001,0.004027349571806474
0.1011252813203301,0.0001,0.004025335897062533
0.10117529382345587,0.0001,0.004023323229155944
0.10122530632658165,0.0001,0.0040213115675832856
0.10127531882970743,0.0001,0.004019300911841394
0.10132533133283321,0.0001,0.004017291261427352
0.101375343835959,0.0001,0.004015282615838495
0.10142535633908478,0.0001,0.004013274974572412
0.10147536884221056,0.0001,0.004011268337126942
0.10152538134533634,0.0001,0.004009262703000173
0.10157539384846212,0.0001,0.004007258071690447
0.1016254063515879,0.0001,0.004005254442696354
0.10167541885471369,0.0001,0.0040032518155167385
0.10172543135783947,0.0001,0.0040012501896506915
0.10177544386096525,0.0001,0.003999249564597557
0.10182545636409103,0.0001,0.003997249939856927
0.10187546886721681,0.0001,0.003995251314928648
0.10192548137034259,0.0001,0.003993253689312811
0.10197549387346838,0.0001,0.003991257062509763
0.10202550637659416,0.0001,0.003989261434020094
0.10207551887971994,0.0001,0.003987266803344649
0.10212553138284572,0.0001,0.003985273169984521
0.1021755438859715,0.0001,0.003983280533441054
0.10222555638909728,0.0001,0.003981288893215836
0.10227556889222307,0.0001,0.003979298248810711
0.10232558139534885,0.0001,0.003977308599727767
0.10237559389847463,0.0001,0.003975319945469344
0.10242560640160041,0.0001,0.003973332285538029
0.10247561890472619,0.0001,0.00397134561943666
0.10252563140785197,0.0001,0.0039693599466683206
0.10257564391097775,0.0001,0.003967375266736344
0.10262565641410354,0.0001,0.003965391579144314
0.10267566891722932,0.0001,0.003963408883396058
0.1027256814203551,0.0001,0.003961427178995657
0.10277569392348088,0.0001,0.003959446465447434
0.10282570642660666,0.0001,0.003957466742255965
0.10287571892973243,0.0001,0.003955488008926071
0.10292573143285823,0.0001,0.003953510264962821
0.10297574393598401,0.0001,0.003951533509871533
0.10302575643910979,0.0001,0.003949557743157769
0.10307576894223557,0.0001,0.003947582964327342
0.10312578144536134,0.0001,0.0039456091728863095
0.10317579394848712,0.0001,0.003943636368340978
0.10322580645161292,0.0001,0.003941664550197898
0.1032758189547387,0.0001,0.003939693717963868
0.10332583145786448,0.0001,0.003937723871145936
0.10337584396099025,0.0001,0.003935755009251391
0.10342585646411603,0.0001,0.003933787131787774
0.10347586896724181,0.0001,0.003931820238262867
0.1035258814703676,0.0001,0.0039298543281847025
0.10357589397349339,0.0001,0.003927889401061557
0.10362590647661916,0.0001,0.003925925456401952
0.10367591897974494,0.0001,0.003923962493714656
0.10372593148287072,0.0001,0.003922000512508684
0.1037759439859965,0.0001,0.003920039512293294
0.1038259564891223,0.0001,0.003918079492577992
0.10387596899224807,0.0001,0.003916120452872527
0.10392598149537385,0.0001,0.003914162392686895
0.10397599399849963,0.0001,0.003912205311531334
0.10402600650162541,0.0001,0.003910249208916331
0.10407601900475119,0.0001,0.003908294084352615
0.10412603150787697,0.0001,0.003906339937351161
0.10417604401100276,0.0001,0.0039043867674231868
0.10422605651412854,0.0001,0.0039024345740801564
0.10427606901725432,0.0001,0.003900483356833777
0.1043260815203801,0.0001,0.0038985331151960008
0.10437609402350588,0.0001,0.003896583848679023
0.10442610652663166,0.0001,0.003894635556795283
0.10447611902975745,0.0001,0.003892688239057465
0.10452613153288323,0.0001,0.003890741894978495
0.10457614403600901,0.0001,0.003888796524071545
0.10462615653913479,0.0001,0.0038868521258500284
0.10467616904226057,0.0001,0.003884908699827602
0.10472618154538635,0.0001,0.0038829662455181664
0.10477619404851214,0.0001,0.0038810247624358647
0.10482620655163792,0.0001,0.0038790842500950845
0.1048762190547637,0.0001,0.0038771447080104544
0.10492623155788948,0.0001,0.0038752061356968465
0.10497624406101526,0.0001,0.0038732685326693748
0.10502625656414104,0.0001,0.003871331898443397
0.10507626906726683,0.0001,0.003869396232534512
0.10512628157039261,0.0001,0.0038674615344585616
0.10517629407351839,0.0001,0.0038655278037316287
0.10522630657664417,0.0001,0.0038635950398700387
0.10527631907976995,0.0001,0.00386166324239036
0.10532633158289573,0.0001,0.003859732410809401
0.10537634408602152,0.0001,0.0038578025446442126
0.1054263565891473,0.0001,0.0038558736434120854
0.10547636909227308,0.0001,0.0038539457066305545
0.10552638159539886,0.0001,0.0038520187338173953
0.10557639409852464,0.0001,0.003850092724490622
0.10562640660165042,0.0001,0.0038481676781684923
0.10567641910477621,0.0001,0.0038462435943695033
0.10572643160790199,0.0001,0.0038443204726123937
0.10577644411102777,0.0001,0.0038423983124161428
0.10582645661415355,0.0001,0.0038404771132999694
0.10587646911727933,0.0001,0.0038385568747833342
0.1059264816204051,0.0001,0.0038366375963859375
0.10597649412353088,0.0001,0.0038347192776277197
0.10602650662665668,0.0001,0.003832801918028861
0.10607651912978246,0.0001,0.003830885517109782
0.10612653163290824,0.0001,0.0038289700743911427
0.10617654413603402,0.0001,0.003827055589393842
0.1062265566391598,0.0001,0.003825142061639021
0.10627656914228557,0.0001,0.0038232294906480574
0.10632658164541137,0.0001,0.0038213178759425688
0.10637659414853715,0.0001,0.003819407217044413
0.10642660665166292,0.0001,0.0038174975134756864
0.1064766191547887,0.0001,0.0038155887647587246
0.10652663165791448,0.0001,0.003813680970416101
0.10657664416104026,0.0001,0.0038117741299706293
0.10662665666416606,0.0001,0.0038098682429453606
0.10667666916729183,0.0001,0.003807963308863584
0.10672668167041761,0.0001,0.003806059327248829
0.1067766941735434,0.0001,0.0038041562976248613
0.10682670667666917,0.0001,0.0038022542195156853
0.10687671917979495,0.0001,0.0038003530924455445
0.10692673168292074,0.0001,0.0037984529159389184
0.10697674418604652,0.0001,0.003796553689520526
0.1070267566891723,0.0001,0.003794655412715324
0.10707676919229808,0.0001,0.0037927580850485045
0.10712678169542386,0.0001,0.0037908617060454985
0.10717679419854964,0.0001,0.003788966275231974
0.10722680670167543,0.0001,0.0037870717921338363
0.10727681920480121,0.0001,0.003785178256277228
0.10732683170792699,0.0001,0.0037832856671885275
0.10737684421105277,0.0001,0.003781394024394352
0.10742685671417855,0.0001,0.0037795033274215543
0.10747686921730433,0.0001,0.003777613575797223
0.10752688172043011,0.0001,0.003775724769048684
0.1075768942235559,0.0001,0.003773836906703499
0.10762690672668168,0.0001,0.0037719499882894673
0.10767691922980746,0.0001,0.0037700640133346234
0.10772693173293324,0.0001,0.0037681789813672367
0.10777694423605902,0.0001,0.0037662948919158145
0.1078269567391848,0.0001,0.0037644117445090985
0.10787696924231059,0.0001,0.0037625295386760657
0.10792698174543637,0.0001,0.0037606482739459303
0.10797699424856215,0.0001,0.0037587679498481403
0.10802700675168793,0.0001,0.00375688856591238
0.10807701925481371,0.0001,0.0037550101216685667
0.10812703175793949,0.0001,0.003753132616646857
0.10817704426106528,0.0001,0.003751256050377638
0.10822705676419106,0.0001,0.003749380422391534
0.10827706926731684,0.0001,0.003747505732219404
0.10832708177044262,0.0001,0.00374563197939234
0.1083770942735684,0.0001,0.00374375916344167
0.10842710677669418,0.0001,0.0037418872838989553
0.10847711927981997,0.0001,0.003740016340295993
0.10852713178294575,0.0001,0.003738146332164813
0.10857714428607153,0.0001,0.0037362772590376794
0.10862715678919731,0.0001,0.003734409120447089
0.10867716929232309,0.0001,0.003732541915925775
0.10872718179544887,0.0001,0.0037306756450067014
0.10877719429857466,0.0001,0.0037288103072230685
0.10882720680170044,0.0001,0.003726945902108308
0.10887721930482622,0.0001,0.003725082429196085
0.108927231807952,0.0001,0.0037232198880202995
0.10897724431107778,0.0001,0.003721358278115082
0.10902725681420355,0.0001,0.0037194975990147974
0.10907726931732933,0.0001,0.0037176378502540445
0.10912728182045513,0.0001,0.0037157790313676517
0.1091772943235809,0.0001,0.0037139211418906826
0.10922730682670669,0.0001,0.003712064181358433
0.10927731932983246,0.0001,0.00371020814930643
0.10932733183295824,0.0001,0.0037083530452704343
0.10937734433608402,0.0001,0.003706498868786437
0.10942735683920982,0.0001,0.0037046456193906624
0.1094773693423356,0.0001,0.0037027932966195664
0.10952738184546137,0.0001,0.0037009419000098363
0.10957739434858715,0.0001,0.0036990914290983925
0.10962740685171293,0.0001,0.0036972418834223847
0.10967741935483871,0.0001,0.0036953932625191956
0.1097274318579645,0.0001,0.0036935455659264384
0.10977744436109028,0.0001,0.003691698793181959
0.10982745686421606,0.0001,0.003689852943823833
0.10987746936734184,0.0001,0.003688008017390366
0.10992748187046762,0.0001,0.003686164013420097
0.1099774943735934,0.0001,0.0036843209314517938
0.1100275068767192,0.0001,0.0036824787710244555
0.11007751937984497,0.0001,0.0036806375316773116
0.11012753188297075,0.0001,0.003678797212949823
0.11017754438609653,0.0001,0.0036769578143816778
0.11022755688922231,0.0001,0.003675119335512798
0.11027756939234809,0.0001,0.0036732817758833324
0.11032758189547388,0.0001,0.0036714451350336637
0.11037759439859966,0.0001,0.0036696094125044003
0.11042760690172544,0.0001,0.003667774607836382
0.11047761940485122,0.0001,0.0036659407205706786
0.110527631907977,0.0001,0.003664107750248589
0.11057764441110278,0.0001,0.0036622756964116415
0.11062765691422857,0.0001,0.003660444558601593
0.11067766941735435,0.0001,0.003658614336360431
0.11072768192048013,0.0001,0.0036567850292303704
0.11077769442360591,0.0001,0.003654956636753856
0.11082770692673169,0.0001,0.00365312915847356
0.11087771942985747,0.0001,0.003651302593932386
0.11092773193298325,0.0001,0.0036494769426734627
0.11097774443610904,0.0001,0.0036476522042401508
0.11102775693923482,0.0001,0.003645828378176036
0.1110777694423606,0.0001,0.0036440054640249344
0.11112778194548638,0.0001,0.0036421834613308895
0.11117779444861216,0.0001,0.0036403623696381724
0.11122780695173794,0.0001,0.0036385421884912823
0.11127781945486373,0.0001,0.003636722917434947
0.11132783195798951,0.0001,0.0036349045560141206
0.11137784446111529,0.0001,0.003633087103773986
0.11142785696424107,0.0001,0.003631270560259953
0.11147786946736685,0.0001,0.0036294549250176574
0.11152788197049263,0.0001,0.003627640197592964
0.11157789447361842,0.0001,0.0036258263775319644
0.1116279069767442,0.0001,0.0036240134643809765
0.11167791947986998,0.0001,0.0036222014576865456
0.11172793198299576,0.0001,0.0036203903569954426
0.11177794448612154,0.0001,0.003618580161854666
0.11182795698924732,0.0001,0.0036167708718114417
0.11187796949237311,0.0001,0.0036149624864132194
0.11192798199549889,0.0001,0.0036131550052076774
0.11197799449862467,0.0001,0.003611348427742719
0.11202800700175045,0.0001,0.0036095427535664747
0.11207801950487623,0.0001,0.0036077379822273
0.112128032008002,0.0001,0.0036059341132737752
0.1121780445111278,0.0001,0.0036041311462547093
0.11222805701425358,0.0001,0.0036023290807191337
0.11227806951737936,0.0001,0.003600527916216307
0.11232808202050514,0.0001,0.0035987276522957135
0.11237809452363091,0.0001,0.0035969282885070612
0.1124281070267567,0.0001,0.003595129824400284
0.11247811952988247,0.0001,0.003593332259525542
0.11252813203300827,0.0001,0.0035915355934332182
0.11257814453613404,0.0001,0.0035897398256739227
0.11262815703925982,0.0001,0.003587944955798488
0.1126781695423856,0.0001,0.0035861509833579725
0.11272818204551138,0.0001,0.003584357907903658
0.11277819454863716,0.0001,0.003582565728987052
0.11282820705176295,0.0001,0.003580774446159885
0.11287821955488873,0.0001,0.003578984058974114
0.11292823205801451,0.0001,0.003577194566981917
0.11297824456114029,0.0001,0.003575405969735698
0.11302825706426607,0.0001,0.0035736182667880827
0.11307826956739185,0.0001,0.0035718314576919227
0.11312828207051764,0.0001,0.0035700455420002923
0.11317829457364342,0.0001,0.0035682605192664885
0.1132283070767692,0.0001,0.003566476389044034
0.11327831957989498,0.0001,0.0035646931508866715
0.11332833208302076,0.0001,0.00356291080434837
0.11337834458614654,0.0001,0.003561129348983318
0.11342835708927233,0.0001,0.00355934878434593
0.11347836959239811,0.0001,0.0035575691099908433
0.11352838209552389,0.0001,0.0035557903254729148
0.11357839459864967,0.0001,0.0035540124303472267
0.11362840710177545,0.0001,0.003552235424169083
0.11367841960490123,0.0001,0.003550459306494009
0.11372843210802702,0.0001,0.0035486840768777553
0.1137784446111528,0.0001,0.00354690973487629
0.11382845711427858,0.0001,0.0035451362800458077
0.11387846961740436,0.0001,0.0035433637119427217
0.11392848212053014,0.0001,0.0035415920301236697
0.11397849462365592,0.0001,0.003539821234145508
0.1140285071267817,0.0001,0.0035380513235653177
0.11407851962990749,0.0001,0.003536282297940399
0.11412853213303327,0.0001,0.0035345141568282733
0.11417854463615905,0.0001,0.0035327468997866864
0.11422855713928483,0.0001,0.003530980526373601
0.11427856964241061,0.0001,0.003529215036147204
0.11432858214553639,0.0001,0.0035274504286659015
0.11437859464866218,0.0001,0.0035256867034883215
0.11442860715178796,0.0001,0.003523923860173312
0.11447861965491374,0.0001,0.003522161898279942
0.11452863215803952,0.0001,0.0035204008173675
0.1145786446611653,0.0001,0.0035186406169954955
0.11462865716429108,0.0001,0.003516881296723658
0.11467866966741687,0.0001,0.0035151228561119386
0.11472868217054265,0.0001,0.003513365294720507
0.11477869467366843,0.0001,0.0035116086121097533
0.1148287071767942,0.0001,0.0035098528078402864
0.11487871967991999,0.0001,0.003508097881472936
0.11492873218304576,0.0001,0.003506343832568751
0.11497874468617156,0.0001,0.0035045906606889993
0.11502875718929734,0.0001,0.0035028383653951693
0.11507876969242312,0.0001,0.003501086946248968
0.1151287821955489,0.0001,0.003499336402812322
0.11517879469867467,0.0001,0.0034975867346473764
0.11522880720180045,0.0001,0.003495837941316494
0.11527881970492625,0.0001,0.0034940900223822597
0.11532883220805203,0.0001,0.003492342977407474
0.1153788447111778,0.0001,0.0034905968059551567
0.11542885721430358,0.0001,0.003488851507588548
0.11547886971742936,0.0001,0.003487107081871104
0.11552888222055514,0.0001,0.0034853635283665007
0.11557889472368094,0.0001,0.003483620846638632
0.11562890722680672,0.0001,0.0034818790362516087
0.1156789197299325,0.0001,0.0034801380967697613
0.11572893223305827,0.0001,0.0034783980277576366
0.11577894473618405,0.0001,0.0034766588287799996
0.11582895723930983,0.0001,0.003474920499401833
0.11587896974243561,0.0001,0.0034731830391883383
0.1159289822455614,0.0001,0.003471446447704932
0.11597899474868718,0.0001,0.0034697107245172487
0.11602900725181296,0.0001,0.0034679758691911417
0.11607901975493874,0.0001,0.00346624188129268
0.11612903225806452,0.0001,0.003464508760388149
0.1161790447611903,0.0001,0.0034627765060440525
0.1162290572643161,0.0001,0.0034610451178271094
0.11627906976744187,0.0001,0.0034593145953042575
0.11632908227056765,0.0001,0.003457584938042648
0.11637909477369343,0.0001,0.003455856145609652
0.11642910727681921,0.0001,0.0034541282175728537
0.11647911977994499,0.0001,0.0034524011535000568
0.11652913228307078,0.0001,0.003450674952959278
0.11657914478619656,0.0001,0.0034489496155187516
0.11662915728932234,0.0001,0.003447225140746928
0.11667916979244812,0.0001,0.0034455015282124717
0.1167291822955739,0.0001,0.0034437787774842655
0.11677919479869968,0.0001,0.003442056888131404
0.11682920730182547,0.0001,0.0034403358597232016
0.11687921980495125,0.0001,0.0034386156918291854
0.11692923230807703,0.0001,0.0034368963840190983
0.11697924481120281,0.0001,0.0034351779358628982
0.11702925731432859,0.0001,0.003433460346930758
0.11707926981745437,0.0001,0.0034317436167930664
0.11712928232058016,0.0001,0.003430027745020425
0.11717929482370594,0.0001,0.0034283127311836525
0.11722930732683172,0.0001,0.0034265985748537808
0.1172793198299575,0.0001,0.003424885275602056
0.11732933233308328,0.0001,0.003423172832999939
0.11737934483620906,0.0001,0.003421461246619105
0.11742935733933484,0.0001,0.003419750516031444
0.11747936984246063,0.0001,0.0034180406408090593
0.11752938234558641,0.0001,0.003416331620524268
0.11757939484871219,0.0001,0.0034146234547496007
0.11762940735183797,0.0001,0.0034129161430578032
0.11767941985496375,0.0001,0.003411209685021834
0.11772943235808953,0.0001,0.0034095040802148654
0.11777944486121532,0.0001,0.003407799328210282
0.1178294573643411,0.0001,0.003406095428581683
0.11787946986746688,0.0001,0.0034043923809028813
0.11792948237059266,0.0001,0.003402690184747901
0.11797949487371844,0.0001,0.0034009888396909797
0.11802950737684421,0.0001,0.00339928834530657
0.11807951987997001,0.0001,0.0033975887011693353
0.11812953238309579,0.0001,0.0033958899068541504
0.11817954488622157,0.0001,0.003394191961936106
0.11822955738934735,0.0001,0.0033924948659905026
0.11827956989247312,0.0001,0.003390798618592854
0.1183295823955989,0.0001,0.0033891032193188865
0.1183795948987247,0.0001,0.0033874086677445382
0.11842960740185048,0.0001,0.00338571496344596
0.11847961990497625,0.0001,0.0033840221059995125
0.11852963240810203,0.0001,0.003382330094981772
0.11857964491122781,0.0001,0.003380638929969522
0.11862965741435359,0.0001,0.0033789486105397608
0.11867966991747939,0.0001,0.0033772591362696957
0.11872968242060516,0.0001,0.0033755705067367494
0.11877969492373094,0.0001,0.003373882721518551
0.11882970742685672,0.0001,0.0033721957801929442
0.1188797199299825,0.0001,0.0033705096823379833
0.11892973243310828,0.0001,0.0033688244275319316
0.11897974493623406,0.0001,0.003367140015353266
0.11902975743935985,0.0001,0.003365456445380672
0.11907976994248563,0.0001,0.003363773717193047
0.11912978244561141,0.0001,0.0033620918303694986
0.11917979494873719,0.0001,0.003360410784489344
0.11922980745186297,0.0001,0.003358730579132112
0.11927981995498875,0.0001,0.003357051213877541
0.11932983245811454,0.0001,0.0033553726883055798
0.11937984496124032,0.0001,0.003353695001996387
0.1194298574643661,0.0001,0.003352018154530331
0.11947986996749188,0.0001,0.0033503421454879907
0.11952988247061766,0.0001,0.003348666974450155
0.11957989497374344,0.0001,0.00334699264099782
0.11962990747686923,0.0001,0.003345319144712194
0.11967991997999501,0.0001,0.003343646485174693
0.11972993248312079,0.0001,0.0033419746619669437
0.11977994498624657,0.0001,0.003340303674670781
0.11982995748937235,0.0001,0.0033386335228682484
0.11987996999249813,0.0001,0.0033369642061416
0.11992998249562392,0.0001,0.003335295724073297
0.1199799949987497,0.0001,0.003333628076246011
0.12003000750187548,0.0001,0.0033319612622426218
0.12008002000500126,0.0001,0.0033302952816462164
0.12013003250812704,0.0001,0.003328630134040092
0.12018004501125282,0.0001,0.003326965819007753
0.12023005751437861,0.0001,0.003325302336132913
0.12028007001750439,0.0001,0.0033236396849994935
0.12033008252063017,0.0001,0.0033219778651916226
0.12038009502375595,0.0001,0.0033203168762936386
0.12043010752688173,0.0001,0.003318656717890087
0.1204801200300075,0.0001,0.00331699738956572
0.1205301325331333,0.0001,0.0033153388909054975
0.12058014503625908,0.0001,0.003313681221494588
0.12063015753938486,0.0001,0.0033120243809183665
0.12068017004251064,0.0001,0.0033103683687624153
0.12073018254563642,0.0001,0.003308713184612525
0.1207801950487622,0.0001,0.0033070588280546924
0.12083020755188797,0.0001,0.003305405298675122
0.12088022005501377,0.0001,0.0033037525960602234
0.12093023255813955,0.0001,0.0033021007197966156
0.12098024506126533,0.0001,0.003300449669471122
0.1210302575643911,0.0001,0.0032987994446707753
0.12108027006751688,0.0001,0.0032971500449828104
0.12113028257064266,0.0001,0.0032955014699946722
0.12118029507376846,0.0001,0.0032938537192940117
0.12123030757689424,0.0001,0.0032922067924686846
0.12128032008002002,0.0001,0.003290560689106752
0.1213303325831458,0.0001,0.0032889154087964835
0.12138034508627157,0.0001,0.0032872709511263536
0.12143035758939735,0.0001,0.003285627315685041
0.12148037009252315,0.0001,0.003283984502061432
0.12153038259564893,0.0001,0.003282342509844618
0.1215803950987747,0.0001,0.003280701338623895
0.12163040760190048,0.0001,0.0032790609879887653
0.12168042010502626,0.0001,0.003277421457528936
0.12173043260815204,0.0001,0.00327578274683432
0.12178044511127784,0.0001,0.0032741448554950343
0.12183045761440361,0.0001,0.0032725077831014006
0.1218804701175294,0.0001,0.0032708715292439467
0.12193048262065517,0.0001,0.0032692360935134045
0.12198049512378095,0.0001,0.0032676014755007106
0.12203050762690673,0.0001,0.003265967674797006
0.12208052013003252,0.0001,0.003264334690993636
0.1221305326331583,0.0001,0.0032627025236821503
0.12218054513628408,0.0001,0.003261071172454304
0.12223055763940986,0.0001,0.0032594406369020543
0.12228057014253564,0.0001,0.0032578109166175643
0.12233058264566142,0.0001,0.003256182011193199
0.1223805951487872,0.0001,0.003254553920221529
0.12243060765191299,0.0001,0.003252926643295328
0.12248062015503877,0.0001,0.0032513001800075735
0.12253063265816455,0.0001,0.0032496745299514457
0.12258064516129033,0.0001,0.003248049692720329
0.12263065766441611,0.0001,0.0032464256679078105
0.12268067016754189,0.0001,0.0032448024551076818
0.12273068267066768,0.0001,0.0032431800539139354
0.12278069517379346,0.0001,0.0032415584639207697
0.12283070767691924,0.0001,0.0032399376847225838
0.12288072018004502,0.0001,0.0032383177159139797
0.1229307326831708,0.0001,0.0032366985570897633
0.12298074518629658,0.0001,0.0032350802078449418
0.12303075768942237,0.0001,0.0032334626677747256
0.12308077019254815,0.0001,0.0032318459364745282
0.12313078269567393,0.0001,0.003230230013539964
0.12318079519879971,0.0001,0.0032286148985668506
0.12323080770192549,0.0001,0.0032270005911512064
0.12328082020505127,0.0001,0.0032253870908892533
0.12333083270817706,0.0001,0.003223774397377415
0.12338084521130284,0.0001,0.003222162510212315
0.12343085771442862,0.0001,0.003220551428990781
0.1234808702175544,0.0001,0.003218941153309841
0.12353088272068018,0.0001,0.0032173316827667246
0.12358089522380596,0.0001,0.0032157230169588633
0.12363090772693175,0.0001,0.003214115155483889
0.12368092023005753,0.0001,0.0032125080979396353
0.12373093273318331,0.0001,0.003210901843924137
0.12378094523630909,0.0001,0.0032092963930356305
0.12383095773943487,0.0001,0.0032076917448725507
0.12388097024256065,0.0001,0.003206087899033536
0.12393098274568642,0.0001,0.003204484855117424
0.12398099524881222,0.0001,0.003202882612723253
0.124031007751938,0.0001,0.003201281171450263
0.12408102025506378,0.0001,0.003199680530897893
0.12413103275818956,0.0001,0.003198080690665782
0.12418104526131533,0.0001,0.0031964816503537697
0.12423105776444111,0.0001,0.0031948834095618973
0.1242810702675669,0.0001,0.0031932859678904047
0.12433108277069269,0.0001,0.003191689324939731
0.12438109527381846,0.0001,0.0031900934803105164
0.12443110777694424,0.0001,0.0031884984336035993
0.12448112028007002,0.0001,0.003186904184420019
0.1245311327831958,0.0001,0.003185310732361014
0.1245811452863216,0.0001,0.003183718077028022
0.12463115778944737,0.0001,0.0031821262180226793
0.12468117029257315,0.0001,0.0031805351549468227
0.12473118279569893,0.0001,0.0031789448874024874
0.12478119529882471,0.0001,0.003177355414991908
0.12483120780195049,0.0001,0.003175766737317517
0.12488122030507628,0.0001,0.0031741788539819465
0.12493123280820206,0.0001,0.0031725917645880277
0.12498124531132784,0.0001,0.003171005468738789
0.12503125781445362,0.0001,0.0031694199660374585
0.1250812703175794,0.0001,0.003167835256087462
0.12513128282070518,0.0001,0.0031662513384924248
0.12518129532383096,0.0001,0.0031646682128561683
0.12523130782695674,0.0001,0.003163085878782713
0.12528132033008252,0.0001,0.0031615043358762785
0.12533133283320833,0.0001,0.003159923583741281
0.1253813453363341,0.0001,0.003158343621982334
0.12543135783945988,0.0001,0.00315676445020425
0.12548137034258566,0.0001,0.0031551860680120386
0.12553138284571144,0.0001,0.0031536084750109074
0.12558139534883722,0.0001,0.003152031670806259
0.125631407851963,0.0001,0.0031504556550036975
0.12568142035508878,0.0001,0.0031488804272090214
0.12573143285821456,0.0001,0.0031473059870282256
0.12578144536134034,0.0001,0.0031457323340675033
0.12583145786446612,0.0001,0.0031441594679332456
0.1258814703675919,0.0001,0.003142587388232038
0.12593148287071768,0.0001,0.0031410160945706655
0.12598149537384348,0.0001,0.0031394455865561065
0.12603150787696926,0.0001,0.0031378758637955386
0.12608152038009504,0.0001,0.0031363069258963346
0.12613153288322082,0.0001,0.003134738772466064
0.1261815453863466,0.0001,0.003133171403112492
0.12623155788947238,0.0001,0.0031316048174435803
0.12628157039259816,0.0001,0.0031300390150674874
0.12633158289572394,0.0001,0.0031284739955925664
0.12638159539884972,0.0001,0.0031269097586273664
0.1264316079019755,0.0001,0.003125346303780632
0.12648162040510127,0.0001,0.003123783630661305
0.12653163290822705,0.0001,0.003122221738878522
0.12658164541135286,0.0001,0.0031206606280416134
0.12663165791447864,0.0001,0.0031191002977601075
0.12668167041760442,0.0001,0.003117540747643726
0.1267316829207302,0.0001,0.003115981977302386
0.12678169542385598,0.0001,0.0031144239863462003
0.12683170792698176,0.0001,0.003112866774385477
0.12688172043010754,0.0001,0.003111310341030717
0.12693173293323332,0.0001,0.0031097546858926193
0.1269817454363591,0.0001,0.003108199808582074
0.12703175793948487,0.0001,0.0031066457087101677
0.12708177044261065,0.0001,0.003105092385888181
0.12713178294573643,0.0001,0.003103539839727589
0.12718179544886224,0.0001,0.0031019880698400612
0.12723180795198802,0.0001,0.0031004370758374615
0.1272818204551138,0.0001,0.003098886857331846
0.12733183295823958,0.0001,0.0030973374139354674
0.12738184546136536,0.0001,0.0030957887452607714
0.12743185796449114,0.0001,0.003094240850920397
0.12748187046761691,0.0001,0.0030926937305271757
0.1275318829707427,0.0001,0.0030911473836941353
0.12758189547386847,0.0001,0.003089601810034495
0.12763190797699425,0.0001,0.0030880570091616688
0.12768192048012003,0.0001,0.003086512980689263
0.1277319329832458,0.0001,0.003084969724231077
0.1277819454863716,0.0001,0.003083427239401104
0.1278319579894974,0.0001,0.0030818855258135302
0.12788197049262318,0.0001,0.0030803445830827345
0.12793198299574896,0.0001,0.003078804410823288
0.12798199549887473,0.0001,0.003077265008649954
0.1280320080020005,0.0001,0.003075726376177691
0.1280820205051263,0.0001,0.003074188513021649
0.12813203300825207,0.0001,0.003072651418797169
0.12818204551137785,0.0001,0.0030711150931197846
0.12823205801450363,0.0001,0.0030695795356052236
0.1282820705176294,0.0001,0.0030680447458694034
0.1283320830207552,0.0001,0.0030665107235284352
0.12838209552388097,0.0001,0.0030649774681986213
0.12843210802700677,0.0001,0.0030634449794964564
0.12848212053013255,0.0001,0.003061913257038627
0.12853213303325833,0.0001,0.0030603823004420098
0.1285821455363841,0.0001,0.0030588521093236755
0.1286321580395099,0.0001,0.0030573226833008845
0.12868217054263567,0.0001,0.0030557940219910883
0.12873218304576145,0.0001,0.003054266125011931
0.12878219554888723,0.0001,0.0030527389919812473
0.128832208052013,0.0001,0.0030512126225170633
0.1288822205551388,0.0001,0.0030496870162375956
0.12893223305826457,0.0001,0.0030481621727612524
0.12898224556139035,0.0001,0.003046638091706631
0.12903225806451613,0.0001,0.0030451147726925205
0.12908227056764193,0.0001,0.0030435922153379015
0.1291322830707677,0.0001,0.003042070419261944
0.1291822955738935,0.0001,0.003040549384084009
0.12923230807701927,0.0001,0.003039029109423647
0.12928232058014505,0.0001,0.003037509594900599
0.12933233308327083,0.0001,0.003035990840134797
0.1293823455863966,0.0001,0.0030344728447463613
0.1294323580895224,0.0001,0.003032955608355605
0.12948237059264817,0.0001,0.0030314391305830274
0.12953238309577395,0.0001,0.0030299234110493204
0.12958239559889972,0.0001,0.003028408449375365
0.1296324081020255,0.0001,0.0030268942451822304
0.1296824206051513,0.0001,0.0030253807980911776
0.1297324331082771,0.0001,0.0030238681077236537
0.12978244561140287,0.0001,0.003022356173701298
0.12983245811452865,0.0001,0.003020844995645938
0.12988247061765443,0.0001,0.0030193345731795895
0.1299324831207802,0.0001,0.0030178249059244584
0.12998249562390599,0.0001,0.003016315993502939
0.13003250812703177,0.0001,0.0030148078355376148
0.13008252063015754,0.0001,0.0030133004316512577
0.13013253313328332,0.0001,0.003011793781466828
0.1301825456364091,0.0001,0.0030102878846074745
0.13023255813953488,0.0001,0.003008782740696535
0.1302825706426607,0.0001,0.003007278349357536
0.13033258314578647,0.0001,0.003005774710214191
0.13038259564891225,0.0001,0.0030042718228904014
0.13043260815203803,0.0001,0.003002769687010258
0.1304826206551638,0.0001,0.0030012683021980392
0.13053263315828958,0.0001,0.0029997676680782108
0.13058264566141536,0.0001,0.002998267784275427
0.13063265816454114,0.0001,0.002996768650414528
0.13068267066766692,0.0001,0.0029952702661205444
0.1307326831707927,0.0001,0.0029937726310186926
0.13078269567391848,0.0001,0.002992275744734376
0.13083270817704426,0.0001,0.0029907796068931857
0.13088272068017004,0.0001,0.0029892842171209003
0.13093273318329585,0.0001,0.002987789575043486
0.13098274568642163,0.0001,0.0029862956802870944
0.1310327581895474,0.0001,0.002984802532478066
0.13108277069267318,0.0001,0.0029833101312429257
0.13113278319579896,0.0001,0.0029818184762083876
0.13118279569892474,0.0001,0.0029803275670013513
0.13123280820205052,0.0001,0.0029788374032489033
0.1312828207051763,0.0001,0.0029773479845783156
0.13133283320830208,0.0001,0.002975859310617048
0.13138284571142786,0.0001,0.002974371380992745
0.13143285821455364,0.0001,0.0029728841953332395
0.13148287071767942,0.0001,0.002971397753266548
0.13153288322080522,0.0001,0.002969912054420874
0.131582895723931,0.0001,0.002968427098424608
0.13163290822705678,0.0001,0.0029669428849063238
0.13168292073018256,0.0001,0.0029654594134947833
0.13173293323330834,0.0001,0.002963976683818933
0.13178294573643412,0.0001,0.002962494695507905
0.1318329582395599,0.0001,0.002961013448191018
0.13188297074268568,0.0001,0.0029595329414977742
0.13193298324581146,0.0001,0.0029580531750578606
0.13198299574893724,0.0001,0.0029565741485011524
0.13203300825206302,0.0001,0.0029550958614577064
0.1320830207551888,0.0001,0.0029536183135577677
0.1321330332583146,0.0001,0.002952141504431763
0.13218304576144038,0.0001,0.0029506654337103063
0.13223305826456616,0.0001,0.002949190101024194
0.13228307076769194,0.0001,0.0029477155060044103
0.13233308327081772,0.0001,0.0029462416482821207
0.1323830957739435,0.0001,0.0029447685274886773
0.13243310827706928,0.0001,0.0029432961432556146
0.13248312078019506,0.0001,0.0029418244952146536
0.13253313328332084,0.0001,0.0029403535829976976
0.13258314578644662,0.0001,0.0029388834062368347
0.1326331582895724,0.0001,0.0029374139645643367
0.13268317079269817,0.0001,0.00293594525761266
0.13273318329582395,0.0001,0.0029344772850144435
0.13278319579894976,0.0001,0.002933010046402511
0.13283320830207554,0.0001,0.0029315435414098696
0.13288322080520132,0.0001,0.002930077769669709
0.1329332333083271,0.0001,0.002928612730815403
0.13298324581145288,0.0001,0.002927148424480509
0.13303325831457866,0.0001,0.0029256848502987676
0.13308327081770444,0.0001,0.002924222007904102
0.13313328332083021,0.0001,0.002922759896930618
0.133183295823956,0.0001,0.002921298517012605
0.13323330832708177,0.0001,0.0029198378677845367
0.13328332083020755,0.0001,0.0029183779488810672
0.13333333333333333,0.0001,0.002916918759937033
0.13338334583645914,0.0001,0.0029154603005874568
0.13343335833958492,0.0001,0.00291400257046754
0.1334833708427107,0.0001,0.0029125455692126673
0.13353338334583648,0.0001,0.002911089296458407
0.13358339584896226,0.0001,0.0029096337518405083
0.13363340835208803,0.0001,0.002908178934994904
0.1336834208552138,0.0001,0.0029067248455577075
0.1337334333583396,0.0001,0.0029052714831652136
0.13378344586146537,0.0001,0.002903818847453901
0.13383345836459115,0.0001,0.002902366938060429
0.13388347086771693,0.0001,0.0029009157546216386
0.1339334833708427,0.0001,0.0028994652967745537
0.1339834958739685,0.0001,0.002898015564156376
0.1340335083770943,0.0001,0.002896566556404493
0.13408352088022008,0.0001,0.002895118273156471
0.13413353338334585,0.0001,0.002893670714050057
0.13418354588647163,0.0001,0.0028922238787231816
0.1342335583895974,0.0001,0.002890777766813954
0.1342835708927232,0.0001,0.0028893323779606668
0.13433358339584897,0.0001,0.0028878877118017907
0.13438359589897475,0.0001,0.002886443767975979
0.13443360840210053,0.0001,0.0028850005461220655
0.1344836209052263,0.0001,0.002883558045879064
0.1345336334083521,0.0001,0.0028821162668861682
0.13458364591147787,0.0001,0.0028806752087827537
0.13463365841460367,0.0001,0.002879234871208377
0.13468367091772945,0.0001,0.002877795253802772
0.13473368342085523,0.0001,0.002876356356205855
0.134783695923981,0.0001,0.002874918178057721
0.1348337084271068,0.0001,0.002873480718998646
0.13488372093023257,0.0001,0.002872043978669086
0.13493373343335835,0.0001,0.0028706079567096753
0.13498374593648413,0.0001,0.0028691726527612297
0.1350337584396099,0.0001,0.0028677380664647433
0.1350837709427357,0.0001,0.00286630419746139
0.13513378344586147,0.0001,0.0028648710453925237
0.13518379594898725,0.0001,0.002863438609899677
0.13523380845211305,0.0001,0.0028620068906245622
0.13528382095523883,0.0001,0.0028605758872090694
0.1353338334583646,0.0001,0.0028591455992952692
0.1353838459614904,0.0001,0.002857716026525412
0.13543385846461617,0.0001,0.0028562871685419242
0.13548387096774195,0.0001,0.002854859024987413
0.13553388347086773,0.0001,0.0028534315955046647
0.1355838959739935,0.0001,0.002852004879736643
0.13563390847711929,0.0001,0.00285057887732649
0.13568392098024507,0.0001,0.002849153587917527
0.13573393348337084,0.0001,0.002847729011153254
0.13578394598649662,0.0001,0.002846305146677348
0.1358339584896224,0.0001,0.002844881994133665
0.1358839709927482,0.0001,0.0028434595531662394
0.135933983495874,0.0001,0.002842037823419282
0.13598399599899977,0.0001,0.0028406168045371845
0.13603400850212555,0.0001,0.0028391964961645127
0.13608402100525133,0.0001,0.0028377768979460124
0.1361340335083771,0.0001,0.0028363580095266067
0.13618404601150289,0.0001,0.002834939830551396
0.13623405851462866,0.0001,0.002833522360665658
0.13628407101775444,0.0001,0.002832105599514848
0.13633408352088022,0.0001,0.0028306895467445988
0.136384096024006,0.0001,0.0028292742020007196
0.13643410852713178,0.0001,0.002827859564929197
0.1364841210302576,0.0001,0.002826445635176196
0.13653413353338337,0.0001,0.002825032412388057
0.13658414603650915,0.0001,0.0028236198962112978
0.13663415853963493,0.0001,0.0028222080862926116
0.1366841710427607,0.0001,0.0028207969822788706
0.13673418354588648,0.0001,0.0028193865838171215
0.13678419604901226,0.0001,0.0028179768905545882
0.13683420855213804,0.0001,0.0028165679021386718
0.13688422105526382,0.0001,0.0028151596182169484
0.1369342335583896,0.0001,0.0028137520384371715
0.13698424606151538,0.0001,0.002812345162447269
0.13703425856464116,0.0001,0.002810938989895348
0.13708427106776697,0.0001,0.0028095335204296875
0.13713428357089275,0.0001,0.0028081287536987454
0.13718429607401852,0.0001,0.002806724689351154
0.1372343085771443,0.0001,0.002805321327035722
0.13728432108027008,0.0001,0.0028039186664014326
0.13733433358339586,0.0001,0.0028025167070974454
0.13738434608652164,0.0001,0.0028011154487730967
0.13743435858964742,0.0001,0.0027997148910778955
0.1374843710927732,0.0001,0.002798315033661527
0.13753438359589898,0.0001,0.0027969158761738523
0.13758439609902476,0.0001,0.002795517418264907
0.13763440860215054,0.0001,0.0027941196595849013
0.13768442110527632,0.0001,0.002792722599784221
0.13773443360840212,0.0001,0.0027913262385134267
0.1377844461115279,0.0001,0.0027899305754232532
0.13783445861465368,0.0001,0.00278853561016461
0.13788447111777946,0.0001,0.0027871413423885827
0.13793448362090524,0.0001,0.0027857477717464284
0.13798449612403102,0.0001,0.00278435489788958
0.1380345086271568,0.0001,0.002782962720469646
0.13808452113028258,0.0001,0.0027815712391384075
0.13813453363340836,0.0001,0.0027801804535478192
0.13818454613653414,0.0001,0.0027787903633500126
0.13823455863965992,0.0001,0.00277740096819729
0.1382845711427857,0.0001,0.0027760122677421293
0.1383345836459115,0.0001,0.0027746242616371814
0.13838459614903728,0.0001,0.002773236949535272
0.13843460865216306,0.0001,0.0027718503310893996
0.13848462115528884,0.0001,0.0027704644059527352
0.13853463365841462,0.0001,0.0027690791737786237
0.1385846461615404,0.0001,0.002767694634220586
0.13863465866466618,0.0001,0.0027663107869323124
0.13868467116779196,0.0001,0.002764927631567669
0.13873468367091774,0.0001,0.002763545167780693
0.13878469617404351,0.0001,0.0027621633952255964
0.1388347086771693,0.0001,0.002760782313556763
0.13888472118029507,0.0001,0.002759401922428749
0.13893473368342085,0.0001,0.0027580222214962855
0.13898474618654666,0.0001,0.0027566432104142737
0.13903475868967244,0.0001,0.0027552648888377884
0.13908477119279822,0.0001,0.0027538872564220776
0.139134783695924,0.0001,0.0027525103128225596
0.13918479619904978,0.0001,0.0027511340576948273
0.13923480870217556,0.0001,0.0027497584906946444
0.13928482120530133,0.0001,0.0027483836114779465
0.1393348337084271,0.0001,0.0027470094197008434
0.1393848462115529,0.0001,0.0027456359150196145
0.13943485871467867,0.0001,0.002744263097090712
0.13948487121780445,0.0001,0.0027428909655707596
0.13953488372093023,0.0001,0.0027415195201165527
0.13958489622405604,0.0001,0.0027401487603850587
0.13963490872718182,0.0001,0.0027387786860334157
0.1396849212303076,0.0001,0.0027374092967189347
0.13973493373343338,0.0001,0.0027360405920990967
0.13978494623655915,0.0001,0.0027346725718315544
0.13983495873968493,0.0001,0.002733305235574131
0.1398849712428107,0.0001,0.002731938582984823
0.1399349837459365,0.0001,0.0027305726137217953
0.13998499624906227,0.0001,0.0027292073274433845
0.14003500875218805,0.0001,0.0027278427238080984
0.14008502125531383,0.0001,0.002726478802474616
0.1401350337584396,0.0001,0.002725115563101786
0.14018504626156542,0.0001,0.002723753005348629
0.1402350587646912,0.0001,0.0027223911288743333
0.14028507126781697,0.0001,0.002721029933338261
0.14033508377094275,0.0001,0.0027196694183999424
0.14038509627406853,0.0001,0.002718309583719079
0.1404351087771943,0.0001,0.0027169504289555418
0.1404851212803201,0.0001,0.0027155919537693723
0.14053513378344587,0.0001,0.0027142341578207814
0.14058514628657165,0.0001,0.002712877040770151
0.14063515878969743,0.0001,0.002711520602278031
0.1406851712928232,0.0001,0.0027101648420051437
0.140735183795949,0.0001,0.002708809759612378
0.14078519629907477,0.0001,0.0027074553547607955
0.14083520880220057,0.0001,0.002706101627111624
0.14088522130532635,0.0001,0.0027047485763262635
0.14093523380845213,0.0001,0.002703396202066282
0.1409852463115779,0.0001,0.002702044503993416
0.1410352588147037,0.0001,0.002700693481769572
0.14108527131782947,0.0001,0.0026993431350568263
0.14113528382095525,0.0001,0.002697993463517423
0.14118529632408103,0.0001,0.002696644466813775
0.1412353088272068,0.0001,0.0026952961446084648
0.14128532133033259,0.0001,0.002693948496564243
0.14133533383345837,0.0001,0.0026926015223440293
0.14138534633658414,0.0001,0.0026912552216109115
0.14143535883970995,0.0001,0.002689909594028147
0.14148537134283573,0.0001,0.0026885646392591587
0.1415353838459615,0.0001,0.0026872203569675416
0.1415853963490873,0.0001,0.0026858767468170563
0.14163540885221307,0.0001,0.002684533808471632
0.14168542135533885,0.0001,0.0026831915415953668
0.14173543385846463,0.0001,0.0026818499458525257
0.1417854463615904,0.0001,0.0026805090209075424
0.14183545886471619,0.0001,0.002679168766425017
0.14188547136784196,0.0001,0.0026778291820697196
0.14193548387096774,0.0001,0.0026764902675065856
0.14198549637409352,0.0001,0.0026751520224007185
0.14203550887721933,0.0001,0.002673814446417391
0.1420855213803451,0.0001,0.002672477539222041
0.1421355338834709,0.0001,0.0026711413004802745
0.14218554638659667,0.0001,0.002669805729857866
0.14223555888972245,0.0001,0.002668470827020754
0.14228557139284823,0.0001,0.0026671365916350466
0.142335583895974,0.0001,0.0026658030233670175
0.14238559639909978,0.0001,0.0026644701218831095
0.14243560890222556,0.0001,0.002663137886849929
0.14248562140535134,0.0001,0.0026618063179342515
0.14253563390847712,0.0001,0.002660475414803018
0.1425856464116029,0.0001,0.0026591451771233363
0.14263565891472868,0.0001,0.002657815604562481
0.1426856714178545,0.0001,0.0026564866967878913
0.14273568392098027,0.0001,0.002655158453467176
0.14278569642410605,0.0001,0.002653830874268107
0.14283570892723182,0.0001,0.002652503958858623
0.1428857214303576,0.0001,0.002651177706906831
0.14293573393348338,0.0001,0.002649852118081001
0.14298574643660916,0.0001,0.0026485271920495697
0.14303575893973494,0.0001,0.002647202928481141
0.14308577144286072,0.0001,0.002645879327044482
0.1431357839459865,0.0001,0.002644556387408527
0.14318579644911228,0.0001,0.0026432341092423764
0.14323580895223806,0.0001,0.0026419124922152956
0.14328582145536387,0.0001,0.0026405915359967143
0.14333583395848964,0.0001,0.002639271240256229
0.14338584646161542,0.0001,0.0026379516046635995
0.1434358589647412,0.0001,0.002636632628888753
0.14348587146786698,0.0001,0.0026353143126017805
0.14353588397099276,0.0001,0.0026339966554729376
0.14358589647411854,0.0001,0.0026326796571726446
0.14363590897724432,0.0001,0.0026313633173714887
0.1436859214803701,0.0001,0.00263004763574022
0.14373593398349588,0.0001,0.0026287326119497534
0.14378594648662166,0.0001,0.0026274182456711673
0.14383595898974744,0.0001,0.0026261045365757072
0.14388597149287322,0.0001,0.002624791484334781
0.14393598399599902,0.0001,0.002623479088619962
0.1439859964991248,0.0001,0.002622167349102986
0.14403600900225058,0.0001,0.002620856265455756
0.14408602150537636,0.0001,0.002619545837350335
0.14413603400850214,0.0001,0.0026182360644589533
0.14418604651162792,0.0001,0.0026169269464540036
0.1442360590147537,0.0001,0.0026156184830080425
0.14428607151787948,0.0001,0.002614310673793791
0.14433608402100526,0.0001,0.002613003518484133
0.14438609652413104,0.0001,0.002611697016752116
0.14443610902725681,0.0001,0.0026103911682709515
0.1444861215303826,0.0001,0.002609085972714014
0.1445361340335084,0.0001,0.002607781429754842
0.14458614653663418,0.0001,0.002606477539067135
0.14463615903975996,0.0001,0.0026051743003247586
0.14468617154288574,0.0001,0.0026038717132017396
0.14473618404601152,0.0001,0.002602569777372269
0.1447861965491373,0.0001,0.0026012684925106992
0.14483620905226308,0.0001,0.0025999678582915462
0.14488622155538886,0.0001,0.00259866787438949
0.14493623405851463,0.0001,0.0025973685404793705
0.14498624656164041,0.0001,0.0025960698562361934
0.1450362590647662,0.0001,0.0025947718213351237
0.14508627156789197,0.0001,0.002593474435451492
0.14513628407101778,0.0001,0.0025921776982607875
0.14518629657414356,0.0001,0.0025908816094386655
0.14523630907726934,0.0001,0.002589586168660941
0.14528632158039512,0.0001,0.002588291375603592
0.1453363340835209,0.0001,0.002586997229942758
0.14538634658664668,0.0001,0.002585703731354741
0.14543635908977245,0.0001,0.0025844108795160044
0.14548637159289823,0.0001,0.002583118674103174
0.145536384096024,0.0001,0.002581827114793036
0.1455863965991498,0.0001,0.00258053620126254
0.14563640910227557,0.0001,0.0025792459331887953
0.14568642160540135,0.0001,0.0025779563102490744
0.14573643410852713,0.0001,0.0025766673321208095
0.14578644661165294,0.0001,0.0025753789984815957
0.14583645911477872,0.0001,0.002574091309009188
0.1458864716179045,0.0001,0.0025728042633815034
0.14593648412103027,0.0001,0.002571517861276619
0.14598649662415605,0.0001,0.002570232102372774
0.14603650912728183,0.0001,0.002568946986348367
0.1460865216304076,0.0001,0.0025676625128819583
0.1461365341335334,0.0001,0.0025663786816522696
0.14618654663665917,0.0001,0.0025650954923381827
0.14623655913978495,0.0001,0.0025638129446187395
0.14628657164291073,0.0001,0.0025625310381731424
0.1463365841460365,0.0001,0.002561249772680755
0.14638659664916231,0.0001,0.0025599691478211005
0.1464366091522881,0.0001,0.002558689163273863
0.14648662165541387,0.0001,0.0025574098187188853
0.14653663415853965,0.0001,0.002556131113836171
0.14658664666166543,0.0001,0.002554853048305886
0.1466366591647912,0.0001,0.002553575621808352
0.146686671667917,0.0001,0.002552298834024054
0.14673668417104277,0.0001,0.0025510226846336345
0.14678669667416855,0.0001,0.0025497471733178976
0.14683670917729433,0.0001,0.002548472299757805
0.1468867216804201,0.0001,0.0025471980636344784
0.1469367341835459,0.0001,0.0025459244646292008
0.1469867466866717,0.0001,0.0025446515024234125
0.14703675918979747,0.0001,0.002543379176698714
0.14708677169292325,0.0001,0.0025421074871368643
0.14713678419604903,0.0001,0.0025408364334197817
0.1471867966991748,0.0001,0.002539566015229545
0.1472368092023006,0.0001,0.0025382962322483904
0.14728682170542637,0.0001,0.0025370270841587133
0.14733683420855215,0.0001,0.0025357585706430675
0.14738684671167793,0.0001,0.0025344906913841664
0.1474368592148037,0.0001,0.002533223446064881
0.14748687171792949,0.0001,0.0025319568343682426
0.14753688422105526,0.0001,0.0025306908559774395
0.14758689672418104,0.0001,0.0025294255105758182
0.14763690922730685,0.0001,0.002528160797846885
0.14768692173043263,0.0001,0.002526896717474303
0.1477369342335584,0.0001,0.0025256332691418935
0.1477869467366842,0.0001,0.002524370452533637
0.14783695923980997,0.0001,0.002523108267333672
0.14788697174293575,0.0001,0.0025218467132262943
0.14793698424606153,0.0001,0.002520585789895956
0.1479869967491873,0.0001,0.0025193254970272702
0.14803700925231308,0.0001,0.002518065834305006
0.14808702175543886,0.0001,0.00251680680141409
0.14813703425856464,0.0001,0.0025155483980396054
0.14818704676169042,0.0001,0.0025142906238667957
0.14823705926481623,0.0001,0.0025130334785810585
0.148287071767942,0.0001,0.002511776961867952
0.1483370842710678,0.0001,0.0025105210734131887
0.14838709677419357,0.0001,0.00250926581290264
0.14843710927731935,0.0001,0.0025080111800223326
0.14848712178044512,0.0001,0.002506757174458453
0.1485371342835709,0.0001,0.002505503795897342
0.14858714678669668,0.0001,0.002504251044025499
0.14863715928982246,0.0001,0.0025029989185295786
0.14868717179294824,0.0001,0.0025017474190963925
0.14873718429607402,0.0001,0.0025004965454129098
0.1487871967991998,0.0001,0.0024992462971662566
0.14883720930232558,0.0001,0.0024979966740437134
0.1488872218054514,0.0001,0.0024967476757327186
0.14893723430857717,0.0001,0.002495499301920866
0.14898724681170294,0.0001,0.0024942515522959063
0.14903725931482872,0.0001,0.0024930044265457463
0.1490872718179545,0.0001,0.0024917579243584486
0.14913728432108028,0.0001,0.0024905120454222314
0.14918729682420606,0.0001,0.002489266789425469
0.14923730932733184,0.0001,0.002488022156056692
0.14928732183045762,0.0001,0.002486778145004587
0.1493373343335834,0.0001,0.0024855347559579947
0.14938734683670918,0.0001,0.002484291988605913
0.14943735933983496,0.0001,0.002483049842637494
0.14948737184296076,0.0001,0.0024818083177420465
0.14953738434608654,0.0001,0.0024805674136090332
0.14958739684921232,0.0001,0.002479327129928074
0.1496374093523381,0.0001,0.0024780874663889426
0.14968742185546388,0.0001,0.002476848422681567
0.14973743435858966,0.0001,0.002475609998496033
0.14978744686171544,0.0001,0.002474372193522578
0.14983745936484122,0.0001,0.0024731350074515975
0.149887471867967,0.0001,0.0024718984399736393
0.14993748437109278,0.0001,0.0024706624907794073
0.14998749687421856,0.0001,0.0024694271595597597
0.15003750937734434,0.0001,0.002468192446005709
0.15008752188047014,0.0001,0.0024669583498084227
0.15013753438359592,0.0001,0.0024657248706592217
0.1501875468867217,0.0001,0.0024644920082495824
0.15023755938984748,0.0001,0.0024632597622711353
0.15028757189297326,0.0001,0.0024620281324156646
0.15033758439609904,0.0001,0.0024607971183751086
0.15038759689922482,0.0001,0.00245956671984156
0.1504376094023506,0.0001,0.0024583369365072656
0.15048762190547638,0.0001,0.0024571077680646254
0.15053763440860216,0.0001,0.0024558792142061942
0.15058764691172793,0.0001,0.002454651274624679
0.15063765941485371,0.0001,0.002453423949012942
0.1506876719179795,0.0001,0.002452197237063998
0.1507376844211053,0.0001,0.0024509711384710156
0.15078769692423108,0.0001,0.002449745652927317
0.15083770942735686,0.0001,0.0024485207801263776
0.15088772193048264,0.0001,0.0024472965197618254
0.15093773443360842,0.0001,0.002446072871527443
0.1509877469367342,0.0001,0.0024448498351171653
0.15103775943985998,0.0001,0.0024436274102250803
0.15108777194298575,0.0001,0.0024424055965454284
0.15113778444611153,0.0001,0.0024411843937726034
0.1511877969492373,0.0001,0.002439963801601152
0.1512378094523631,0.0001,0.002438743819725774
0.15128782195548887,0.0001,0.002437524447841321
0.15133783445861468,0.0001,0.0024363056856427966
0.15138784696174046,0.0001,0.0024350875328253596
0.15143785946486624,0.0001,0.0024338699890843183
0.15148787196799202,0.0001,0.0024326530541151346
0.1515378844711178,0.0001,0.002431436727613423
0.15158789697424357,0.0001,0.00243022100927495
0.15163790947736935,0.0001,0.002429005898795633
0.15168792198049513,0.0001,0.0024277913958715433
0.1517379344836209,0.0001,0.0024265775001989028
0.1517879469867467,0.0001,0.002425364211474086
0.15183795948987247,0.0001,0.0024241515293936186
0.15188797199299825,0.0001,0.0024229394536541796
0.15193798449612406,0.0001,0.0024217279839525976
0.15198799699924984,0.0001,0.0024205171199858534
0.15203800950237562,0.0001,0.00241930686145108
0.1520880220055014,0.0001,0.0024180972080455614
0.15213803450862717,0.0001,0.0024168881594667326
0.15218804701175295,0.0001,0.0024156797154121813
0.15223805951487873,0.0001,0.0024144718755796444
0.1522880720180045,0.0001,0.0024132646396670117
0.1523380845211303,0.0001,0.002412058007372322
0.15238809702425607,0.0001,0.0024108519783937674
0.15243810952738185,0.0001,0.0024096465524296893
0.15248812203050763,0.0001,0.0024084417291785802
0.1525381345336334,0.0001,0.002407237508339085
0.15258814703675921,0.0001,0.0024060338896099965
0.152638159539885,0.0001,0.0024048308726902605
0.15268817204301077,0.0001,0.0024036284572789717
0.15273818454613655,0.0001,0.002402426643075376
0.15278819704926233,0.0001,0.002401225429778869
0.1528382095523881,0.0001,0.002400024817088998
0.1528882220555139,0.0001,0.00239882480470546
0.15293823455863967,0.0001,0.002397625392328101
0.15298824706176545,0.0001,0.002396426579656918
0.15303825956489123,0.0001,0.0023952283663920583
0.153088272068017,0.0001,0.002394030752233818
0.15313828457114279,0.0001,0.002392833736882645
0.1531882970742686,0.0001,0.0023916373200391352
0.15323830957739437,0.0001,0.0023904415014040343
0.15328832208052015,0.0001,0.0023892462806782383
0.15333833458364593,0.0001,0.0023880516575627933
0.1533883470867717,0.0001,0.002386857631758893
0.1534383595898975,0.0001,0.002385664202967882
0.15348837209302327,0.0001,0.0023844713708912548
0.15353838459614905,0.0001,0.002383279135230653
0.15358839709927483,0.0001,0.002382087495687869
0.1536384096024006,0.0001,0.0023808964519648444
0.15368842210552638,0.0001,0.0023797060037636683
0.15373843460865216,0.0001,0.002378516150786581
0.15378844711177794,0.0001,0.0023773268927359693
0.15383845961490375,0.0001,0.002376138229314371
0.15388847211802953,0.0001,0.002374950160224471
0.1539384846211553,0.0001,0.002373762685169104
0.1539884971242811,0.0001,0.0023725758038512517
0.15403850962740687,0.0001,0.002371389515974046
0.15408852213053265,0.0001,0.0023702038212407663
0.15413853463365842,0.0001,0.0023690187193548414
0.1541885471367842,0.0001,0.002367834210019847
0.15423855963990998,0.0001,0.0023666502929395082
0.15428857214303576,0.0001,0.0023654669678176963
0.15433858464616154,0.0001,0.0023642842343584336
0.15438859714928732,0.0001,0.002363102092265888
0.15443860965241313,0.0001,0.0023619205412443766
0.1544886221555389,0.0001,0.0023607395809983633
0.1545386346586647,0.0001,0.002359559211232461
0.15458864716179047,0.0001,0.0023583794316514293
0.15463865966491624,0.0001,0.002357200241960176
0.15468867216804202,0.0001,0.002356021641863756
0.1547386846711678,0.0001,0.0023548436310673712
0.15478869717429358,0.0001,0.002353666209276373
0.15483870967741936,0.0001,0.002352489376196258
0.15488872218054514,0.0001,0.0023513131315326704
0.15493873468367092,0.0001,0.0023501374749914025
0.1549887471867967,0.0001,0.0023489624062783933
0.1550387596899225,0.0001,0.002347787925099728
0.15508877219304829,0.0001,0.00234661403116164
0.15513878469617406,0.0001,0.0023454407241705086
0.15518879719929984,0.0001,0.0023442680038328607
0.15523880970242562,0.0001,0.002343095869855369
0.1552888222055514,0.0001,0.0023419243219448545
0.15533883470867718,0.0001,0.0023407533598082827
0.15538884721180296,0.0001,0.0023395829831527673
0.15543885971492874,0.0001,0.002338413191685567
0.15548887221805452,0.0001,0.002337243985114088
0.1555388847211803,0.0001,0.0023360753631458835
0.15558889722430608,0.0001,0.00233490732548865
0.15563890972743186,0.0001,0.0023337398718502335
0.15568892223055766,0.0001,0.002332573001938624
0.15573893473368344,0.0001,0.0023314067154619578
0.15578894723680922,0.0001,0.002330241012128518
0.155838959739935,0.0001,0.0023290758916467325
0.15588897224306078,0.0001,0.002327911353725176
0.15593898474618656,0.0001,0.0023267473980725685
0.15598899724931234,0.0001,0.002325584024397775
0.15603900975243812,0.0001,0.0023244212324098064
0.1560890222555639,0.0001,0.00232325902181782
0.15613903475868968,0.0001,0.002322097392331117
0.15618904726181546,0.0001,0.002320936343659146
0.15623905976494123,0.0001,0.0023197758755114984
0.15628907226806704,0.0001,0.0023186159875979127
0.15633908477119282,0.0001,0.002317456679628272
0.1563890972743186,0.0001,0.002316297951312604
0.15643910977744438,0.0001,0.0023151398023610816
0.15648912228057016,0.0001,0.0023139822324840225
0.15653913478369594,0.0001,0.00231282524139189
0.15658914728682172,0.0001,0.0023116688287952917
0.1566391597899475,0.0001,0.0023105129944049796
0.15668917229307328,0.0001,0.0023093577379318503
0.15673918479619905,0.0001,0.002308203059086946
0.15678919729932483,0.0001,0.0023070489575814515
0.1568392098024506,0.0001,0.0023058954331266978
0.15688922230557642,0.0001,0.00230474248543416
0.1569392348087022,0.0001,0.002303590114215456
0.15698924731182798,0.0001,0.0023024383191823494
0.15703925981495376,0.0001,0.002301287100046747
0.15708927231807954,0.0001,0.0023001364565207005
0.15713928482120532,0.0001,0.0022989863883164058
0.1571892973243311,0.0001,0.002297836895146201
0.15723930982745687,0.0001,0.0022966879767225687
0.15728932233058265,0.0001,0.0022955396327581363
0.15733933483370843,0.0001,0.002294391862965675
0.1573893473368342,0.0001,0.0022932446670580974
0.15743935983996,0.0001,0.002292098044748462
0.15748937234308577,0.0001,0.0022909519957499693
0.15753938484621158,0.0001,0.0022898065197759637
0.15758939734933736,0.0001,0.0022886616165399337
0.15763940985246314,0.0001,0.0022875172857555093
0.15768942235558892,0.0001,0.0022863735271364655
0.1577394348587147,0.0001,0.0022852303403967196
0.15778944736184047,0.0001,0.0022840877252503313
0.15783945986496625,0.0001,0.0022829456814115042
0.15788947236809203,0.0001,0.002281804208594585
0.1579394848712178,0.0001,0.002280663306514062
0.1579894973743436,0.0001,0.0022795229748845676
0.15803950987746937,0.0001,0.0022783832134208757
0.15808952238059515,0.0001,0.002277244021837904
0.15813953488372096,0.0001,0.002276105399850712
0.15818954738684673,0.0001,0.002274967347174502
0.15823955988997251,0.0001,0.002273829863524618
0.1582895723930983,0.0001,0.002272692948616547
0.15833958489622407,0.0001,0.002271556602165918
0.15838959739934985,0.0001,0.0022704208238885026
0.15843960990247563,0.0001,0.002269285613500214
0.1584896224056014,0.0001,0.0022681509707171083
0.1585396349087272,0.0001,0.0022670168952553813
0.15858964741185297,0.0001,0.0022658833868313736
0.15863965991497875,0.0001,0.0022647504451615663
0.15868967241810453,0.0001,0.0022636180699625824
0.1587396849212303,0.0001,0.0022624862609511858
0.1587896974243561,0.0001,0.002261355017844283
0.1588397099274819,0.0001,0.0022602243403589224
0.15888972243060767,0.0001,0.002259094228212292
0.15893973493373345,0.0001,0.0022579646811217236
0.15898974743685923,0.0001,0.002256835698804689
0.159039759939985,0.0001,0.002255707280978801
0.1590897724431108,0.0001,0.002254579427361814
0.15913978494623657,0.0001,0.0022534521376716236
0.15918979744936235,0.0001,0.0022523254116262664
0.15923980995248813,0.0001,0.0022511992489439203
0.1592898224556139,0.0001,0.0022500736493429032
0.15933983495873968,0.0001,0.0022489486125416755
0.1593898474618655,0.0001,0.002247824138258836
0.15943985996499127,0.0001,0.0022467002262131267
0.15948987246811705,0.0001,0.0022455768761234286
0.15953988497124283,0.0001,0.0022444540877087633
0.1595898974743686,0.0001,0.002243331860688294
0.1596399099774944,0.0001,0.002242210194781323
0.15968992248062017,0.0001,0.002241089089707294
0.15973993498374595,0.0001,0.0022399685451857903
0.15978994748687173,0.0001,0.002238848560936536
0.1598399599899975,0.0001,0.0022377291366793947
0.15988997249312328,0.0001,0.00223661027213437
0.15993998499624906,0.0001,0.002235491967021606
0.15998999749937487,0.0001,0.002234374221061387
0.16004001000250065,0.0001,0.0022332570339741366
0.16009002250562643,0.0001,0.0022321404054804184
0.1601400350087522,0.0001,0.0022310243353009353
0.160190047511878,0.0001,0.00222990882315653
0.16024006001500377,0.0001,0.002228793868768185
0.16029007251812954,0.0001,0.0022276794718570233
0.16034008502125532,0.0001,0.002226565632144305
0.1603900975243811,0.0001,0.002225452349351432
0.16044011002750688,0.0001,0.0022243396231999436
0.16049012253063266,0.0001,0.002223227453411519
0.16054013503375844,0.0001,0.002222115839707978
0.16059014753688422,0.0001,0.0022210047818112763
0.16064016004001003,0.0001,0.0022198942794435113
0.1606901725431358,0.0001,0.002218784332326919
0.16074018504626159,0.0001,0.0022176749401838737
0.16079019754938736,0.0001,0.002216566102736888
0.16084021005251314,0.0001,0.0022154578197086145
0.16089022255563892,0.0001,0.0022143500908218434
0.1609402350587647,0.0001,0.002213242915799504
0.16099024756189048,0.0001,0.002212136294364665
0.16104026006501626,0.0001,0.002211030226240531
0.16109027256814204,0.0001,0.002209924711150448
0.16114028507126782,0.0001,0.0022088197488178978
0.1611902975743936,0.0001,0.0022077153389665027
0.1612403100775194,0.0001,0.0022066114813200214
0.16129032258064518,0.0001,0.0022055081756023522
0.16134033508377096,0.0001,0.0022044054215375306
0.16139034758689674,0.0001,0.0022033032188497293
0.16144036009002252,0.0001,0.002202201567263261
0.1614903725931483,0.0001,0.002201100466502574
0.16154038509627408,0.0001,0.0021999999162922563
0.16159039759939986,0.0001,0.0021988999163570317
0.16164041010252564,0.0001,0.002197800466421764
0.16169042260565142,0.0001,0.0021967015662114524
0.1617404351087772,0.0001,0.002195603215451234
0.16179044761190298,0.0001,0.002194505413866385
0.16184046011502878,0.0001,0.002193408161182316
0.16189047261815456,0.0001,0.0021923114571245784
0.16194048512128034,0.0001,0.002191215301418858
0.16199049762440612,0.0001,0.002190119693790979
0.1620405101275319,0.0001,0.0021890246339669028
0.16209052263065768,0.0001,0.002187930121672727
0.16214053513378346,0.0001,0.0021868361566346867
0.16219054763690924,0.0001,0.0021857427385791545
0.16224056014003502,0.0001,0.002184649867232638
0.1622905726431608,0.0001,0.002183557542321784
0.16234058514628658,0.0001,0.0021824657635733736
0.16239059764941235,0.0001,0.0021813745307143265
0.16244061015253813,0.0001,0.002180283843471697
0.16249062265566394,0.0001,0.0021791937015726774
0.16254063515878972,0.0001,0.002178104104744596
0.1625906476619155,0.0001,0.0021770150527149175
0.16264066016504128,0.0001,0.002175926545211243
0.16269067266816706,0.0001,0.0021748385819613087
0.16274068517129284,0.0001,0.002173751162692988
0.16279069767441862,0.0001,0.0021726642871342894
0.1628407101775444,0.0001,0.0021715779550133597
0.16289072268067017,0.0001,0.0021704921660584786
0.16294073518379595,0.0001,0.002169406919998064
0.16299074768692173,0.0001,0.002168322216560668
0.1630407601900475,0.0001,0.00216723805547498
0.16309077269317332,0.0001,0.002166154436469823
0.1631407851962991,0.0001,0.0021650713592741566
0.16319079769942488,0.0001,0.0021639888236170777
0.16324081020255066,0.0001,0.0021629068292278153
0.16329082270567644,0.0001,0.0021618253758357367
0.16334083520880222,0.0001,0.0021607444631703433
0.163390847711928,0.0001,0.0021596640909612706
0.16344086021505377,0.0001,0.0021585842589382917
0.16349087271817955,0.0001,0.0021575049668313123
0.16354088522130533,0.0001,0.0021564262143703755
0.1635908977244311,0.0001,0.0021553480012856583
0.1636409102275569,0.0001,0.0021542703273074717
0.16369092273068267,0.0001,0.0021531931921662632
0.16374093523380848,0.0001,0.0021521165955926138
0.16379094773693426,0.0001,0.00215104053731724
0.16384096024006004,0.0001,0.0021499650170709933
0.16389097274318581,0.0001,0.0021488900345848585
0.1639409852463116,0.0001,0.0021478155895899554
0.16399099774943737,0.0001,0.0021467416818175384
0.16404101025256315,0.0001,0.0021456683109989964
0.16409102275568893,0.0001,0.002144595476865853
0.1641410352588147,0.0001,0.002143523179149764
0.1641910477619405,0.0001,0.0021424514175825225
0.16424106026506627,0.0001,0.0021413801918960533
0.16429107276819205,0.0001,0.0021403095018224165
0.16434108527131785,0.0001,0.0021392393470938053
0.16439109777444363,0.0001,0.0021381697274425473
0.1644411102775694,0.0001,0.0021371006426011033
0.1644911227806952,0.0001,0.002136032092302069
0.16454113528382097,0.0001,0.002134964076278174
0.16459114778694675,0.0001,0.0021338965942622793
0.16464116029007253,0.0001,0.0021328296459873814
0.1646911727931983,0.0001,0.00213176323118661
0.1647411852963241,0.0001,0.0021306973495932276
0.16479119779944987,0.0001,0.002129632000940631
0.16484121030257565,0.0001,0.0021285671849623497
0.16489122280570143,0.0001,0.002127502901392046
0.16494123530882723,0.0001,0.002126439149963517
0.164991247811953,0.0001,0.0021253759304106904
0.1650412603150788,0.0001,0.00212431324246763
0.16509127281820457,0.0001,0.002123251085868529
0.16514128532133035,0.0001,0.0021221894603477174
0.16519129782445613,0.0001,0.0021211283656396547
0.1652413103275819,0.0001,0.002120067801478935
0.1652913228307077,0.0001,0.0021190077676002846
0.16534133533383347,0.0001,0.0021179482637385624
0.16539134783695925,0.0001,0.0021168892896287605
0.16544136034008503,0.0001,0.0021158308450060018
0.1654913728432108,0.0001,0.002114772929605544
0.16554138534633658,0.0001,0.0021137155431627756
0.1655913978494624,0.0001,0.002112658685413217
0.16564141035258817,0.0001,0.0021116023560925224
0.16569142285571395,0.0001,0.002110546554936477
0.16574143535883973,0.0001,0.002109491281680999
0.1657914478619655,0.0001,0.0021084365360621374
0.1658414603650913,0.0001,0.0021073823178160748
0.16589147286821707,0.0001,0.0021063286266791233
0.16594148537134285,0.0001,0.00210527546238773
0.16599149787446862,0.0001,0.0021042228246784707
0.1660415103775944,0.0001,0.0021031707132880555
0.16609152288072018,0.0001,0.0021021191279533245
0.16614153538384596,0.0001,0.00210106806841125
0.16619154788697177,0.0001,0.002100017534398935
0.16624156039009755,0.0001,0.002098967525653616
0.16629157289322333,0.0001,0.002097918041912658
0.1663415853963491,0.0001,0.0020968690829135596
0.16639159789947489,0.0001,0.00209582064839395
0.16644161040260066,0.0001,0.002094772738091589
0.16649162290572644,0.0001,0.0020937253517443687
0.16654163540885222,0.0001,0.0020926784890903114
0.166591647911978,0.0001,0.0020916321498675693
0.16664166041510378,0.0001,0.0020905863338144285
0.16669167291822956,0.0001,0.0020895410406693033
0.16674168542135534,0.0001,0.002088496270170739
0.16679169792448115,0.0001,0.002087452022057414
0.16684171042760693,0.0001,0.0020864082960681345
0.1668917229307327,0.0001,0.0020853650919418383
0.16694173543385848,0.0001,0.0020843224094175953
0.16699174793698426,0.0001,0.002083280248234603
0.16704176044011004,0.0001,0.0020822386081321914
0.16709177294323582,0.0001,0.0020811974888498203
0.1671417854463616,0.0001,0.0020801568901270794
0.16719179794948738,0.0001,0.002079116811703689
0.16724181045261316,0.0001,0.0020780772533194993
0.16729182295573894,0.0001,0.002077038214714491
0.16734183545886472,0.0001,0.002075999695628775
0.1673918479619905,0.0001,0.0020749616958025906
0.1674418604651163,0.0001,0.002073924214976309
0.16749187296824208,0.0001,0.002072887252890429
0.16754188547136786,0.0001,0.0020718508092855813
0.16759189797449364,0.0001,0.0020708148839025248
0.16764191047761942,0.0001,0.0020697794764821496
0.1676919229807452,0.0001,0.002068744586765474
0.16774193548387098,0.0001,0.0020677102144936454
0.16779194798699676,0.0001,0.0020666763594079426
0.16784196049012254,0.0001,0.0020656430212497717
0.16789197299324832,0.0001,0.0020646101997606687
0.1679419854963741,0.0001,0.002063577894682299
0.16799199799949988,0.0001,0.0020625461057564584
0.16804201050262568,0.0001,0.00206151483272507
0.16809202300575146,0.0001,0.0020604840753301857
0.16814203550887724,0.0001,0.0020594538333139887
0.16819204801200302,0.0001,0.0020584241064187892
0.1682420605151288,0.0001,0.002057394894387027
0.16829207301825458,0.0001,0.0020563661969612694
0.16834208552138036,0.0001,0.002055338013884214
0.16839209802450614,0.0001,0.002054310344898686
0.16844211052763192,0.0001,0.0020532831897476407
0.1684921230307577,0.0001,0.0020522565481741603
0.16854213553388347,0.0001,0.0020512304199214555
0.16859214803700925,0.0001,0.002050204804732867
0.16864216054013503,0.0001,0.0020491797023518624
0.16869217304326084,0.0001,0.002048155112522037
0.16874218554638662,0.0001,0.0020471310349871163
0.1687921980495124,0.0001,0.0020461074694909523
0.16884221055263818,0.0001,0.0020450844157775252
0.16889222305576396,0.0001,0.002044061873590944
0.16894223555888974,0.0001,0.002043039842675446
0.16899224806201552,0.0001,0.0020420183227753946
0.1690422605651413,0.0001,0.0020409973136352832
0.16909227306826707,0.0001,0.0020399768149997307
0.16914228557139285,0.0001,0.0020389568266134857
0.16919229807451863,0.0001,0.0020379373482214236
0.1692423105776444,0.0001,0.0020369183795685463
0.16929232308077022,0.0001,0.0020358999203999853
0.169342335583896,0.0001,0.0020348819704609973
0.16939234808702178,0.0001,0.002033864529496969
0.16944236059014756,0.0001,0.0020328475972534116
0.16949237309327334,0.0001,0.002031831173475966
0.16954238559639911,0.0001,0.002030815257910398
0.1695923980995249,0.0001,0.0020297998503026023
0.16964241060265067,0.0001,0.0020287849503985993
0.16969242310577645,0.0001,0.0020277705579445386
0.16974243560890223,0.0001,0.0020267566726866935
0.169792448112028,0.0001,0.0020257432943714673
0.1698424606151538,0.0001,0.0020247304227453875
0.1698924731182796,0.0001,0.0020237180575551107
0.16994248562140538,0.0001,0.0020227061985474185
0.16999249812453116,0.0001,0.00202169484546922
0.17004251062765693,0.0001,0.0020206839980675497
0.1700925231307827,0.0001,0.0020196736560895694
0.1701425356339085,0.0001,0.002018663819282568
0.17019254813703427,0.0001,0.0020176544873939596
0.17024256064016005,0.0001,0.0020166456601712845
0.17029257314328583,0.0001,0.0020156373373622105
0.1703425856464116,0.0001,0.00201462951871453
0.1703925981495374,0.0001,0.0020136222039761633
0.17044261065266317,0.0001,0.0020126153928951545
0.17049262315578895,0.0001,0.0020116090852196765
0.17054263565891475,0.0001,0.0020106032806980257
0.17059264816204053,0.0001,0.0020095979790786256
0.1706426606651663,0.0001,0.0020085931801100245
0.1706926731682921,0.0001,0.002007588883540897
0.17074268567141787,0.0001,0.002006585089120044
0.17079269817454365,0.0001,0.0020055817965963906
0.17084271067766943,0.0001,0.002004579005718989
0.1708927231807952,0.0001,0.002003576716237016
0.170942735683921,0.0001,0.0020025749278997727
0.17099274818704677,0.0001,0.0020015736404566877
0.17104276069017255,0.0001,0.0020005728536573136
0.17109277319329833,0.0001,0.0019995725672513295
0.17114278569642413,0.0001,0.0019985727809885374
0.1711927981995499,0.0001,0.001997573494618866
0.1712428107026757,0.0001,0.0019965747078923694
0.17129282320580147,0.0001,0.0019955764205592257
0.17134283570892725,0.0001,0.001994578632369738
0.17139284821205303,0.0001,0.001993581343074335
0.1714428607151788,0.0001,0.0019925845524235686
0.1714928732183046,0.0001,0.001991588260168118
0.17154288572143037,0.0001,0.0019905924660587842
0.17159289822455615,0.0001,0.0019895971698464946
0.17164291072768192,0.0001,0.0019886023712823012
0.1716929232308077,0.0001,0.0019876080701173794
0.1717429357339335,0.0001,0.0019866142661030296
0.1717929482370593,0.0001,0.0019856209589906772
0.17184296074018507,0.0001,0.0019846281485318704
0.17189297324331085,0.0001,0.001983635834478282
0.17194298574643663,0.0001,0.0019826440165817113
0.1719929982495624,0.0001,0.001981652694594078
0.17204301075268819,0.0001,0.001980661868267428
0.17209302325581396,0.0001,0.001979671537353931
0.17214303575893974,0.0001,0.0019786817016058805
0.17219304826206552,0.0001,0.0019776923607756937
0.1722430607651913,0.0001,0.0019767035146159113
0.17229307326831708,0.0001,0.001975715162879199
0.17234308577144286,0.0001,0.0019747273053183443
0.17239309827456867,0.0001,0.00197373994168626
0.17244311077769445,0.0001,0.0019727530717359816
0.17249312328082023,0.0001,0.001971766695220668
0.172543135783946,0.0001,0.001970780811893602
0.17259314828707178,0.0001,0.0019697954215081885
0.17264316079019756,0.0001,0.001968810523817958
0.17269317329332334,0.0001,0.001967826118576562
0.17274318579644912,0.0001,0.001966842205537777
0.1727931982995749,0.0001,0.0019658587844555
0.17284321080270068,0.0001,0.001964875855083755
0.17289322330582646,0.0001,0.0019638934171766855
0.17294323580895224,0.0001,0.001962911470488559
0.17299324831207805,0.0001,0.0019619300147737666
0.17304326081520383,0.0001,0.001960949049786821
0.1730932733183296,0.0001,0.0019599685752823585
0.17314328582145538,0.0001,0.0019589885910151384
0.17319329832458116,0.0001,0.0019580090967400415
0.17324331082770694,0.0001,0.001957030092212072
0.17329332333083272,0.0001,0.0019560515771863568
0.1733433358339585,0.0001,0.001955073551418144
0.17339334833708428,0.0001,0.0019540960146628046
0.17344336084021006,0.0001,0.001953118966675833
0.17349337334333584,0.0001,0.0019521424072128449
0.17354338584646162,0.0001,0.0019511663360295783
0.1735933983495874,0.0001,0.001950190752881893
0.1736434108527132,0.0001,0.0019492156575257713
0.17369342335583898,0.0001,0.0019482410497173174
0.17374343585896476,0.0001,0.0019472669292127575
0.17379344836209054,0.0001,0.0019462932957684399
0.17384346086521632,0.0001,0.0019453201491408342
0.1738934733683421,0.0001,0.0019443474890865316
0.17394348587146788,0.0001,0.0019433753153622465
0.17399349837459366,0.0001,0.0019424036277248139
0.17404351087771944,0.0001,0.0019414324259311897
0.17409352338084522,0.0001,0.001940461709738452
0.174143535883971,0.0001,0.0019394914789038005
0.17419354838709677,0.0001,0.0019385217331845562
0.17424356089022258,0.0001,0.0019375524723381614
0.17429357339334836,0.0001,0.0019365836961221798
0.17434358589647414,0.0001,0.0019356154042942963
0.17439359839959992,0.0001,0.001934647596612317
0.1744436109027257,0.0001,0.001933680272834168
0.17449362340585148,0.0001,0.001932713432717898
0.17454363590897726,0.0001,0.0019317470760216759
0.17459364841210304,0.0001,0.0019307812025037923
0.17464366091522882,0.0001,0.0019298158119226575
0.1746936734183546,0.0001,0.0019288509040368028
0.17474368592148037,0.0001,0.0019278864786048812
0.17479369842460615,0.0001,0.0019269225353856652
0.17484371092773196,0.0001,0.001925959074138049
0.17489372343085774,0.0001,0.0019249960946210465
0.17494373593398352,0.0001,0.0019240335965937927
0.1749937484371093,0.0001,0.001923071579815543
0.17504376094023508,0.0001,0.001922110044045672
0.17509377344336086,0.0001,0.0019211489890436754
0.17514378594648664,0.0001,0.00192018841456917
0.17519379844961241,0.0001,0.001919228320381892
0.1752438109527382,0.0001,0.0019182687062416978
0.17529382345586397,0.0001,0.0019173095719085638
0.17534383595898975,0.0001,0.0019163509171425859
0.17539384846211553,0.0001,0.0019153927417039816
0.1754438609652413,0.0001,0.0019144350453530862
0.17549387346836712,0.0001,0.0019134778278503562
0.1755438859714929,0.0001,0.001912521088956368
0.17559389847461868,0.0001,0.0019115648284318166
0.17564391097774446,0.0001,0.0019106090460375177
0.17569392348087023,0.0001,0.001909653741534406
0.175743935983996,0.0001,0.0019086989146835354
0.1757939484871218,0.0001,0.0019077445652460805
0.17584396099024757,0.0001,0.0019067906929833343
0.17589397349337335,0.0001,0.0019058372976567095
0.17594398599649913,0.0001,0.0019048843790277384
0.1759939984996249,0.0001,0.0019039319368580716
0.1760440110027507,0.0001,0.00190297997090948
0.1760940235058765,0.0001,0.0019020284809438525
0.17614403600900227,0.0001,0.001901077466723198
0.17619404851212805,0.0001,0.0019001269280096436
0.17624406101525383,0.0001,0.0018991768645654362
0.1762940735183796,0.0001,0.0018982272761529414
0.1763440860215054,0.0001,0.0018972781625346425
0.17639409852463117,0.0001,0.0018963295234731426
0.17644411102775695,0.0001,0.0018953813587311644
0.17649412353088273,0.0001,0.0018944336680715467
0.1765441360340085,0.0001,0.0018934864512572486
0.1765941485371343,0.0001,0.0018925397080513484
0.17664416104026007,0.0001,0.001891593438217041
0.17669417354338587,0.0001,0.001890647641517641
0.17674418604651165,0.0001,0.001889702317716581
0.17679419854963743,0.0001,0.0018887574665774113
0.1768442110527632,0.0001,0.0018878130878638019
0.176894223555889,0.0001,0.0018868691813395393
0.17694423605901477,0.0001,0.001885925746768529
0.17699424856214055,0.0001,0.0018849827839147947
0.17704426106526633,0.0001,0.0018840402925424775
0.1770942735683921,0.0001,0.0018830982724158363
0.1771442860715179,0.0001,0.001882156723299249
0.17719429857464367,0.0001,0.0018812156449572097
0.17724431107776945,0.0001,0.0018802750371543315
0.17729432358089522,0.0001,0.001879334899655345
0.17734433608402103,0.0001,0.0018783952322250982
0.1773943485871468,0.0001,0.0018774560346285565
0.1774443610902726,0.0001,0.0018765173066308037
0.17749437359339837,0.0001,0.00187557904799704
0.17754438609652415,0.0001,0.0018746412584925833
0.17759439859964993,0.0001,0.001873703937882869
0.1776444111027757,0.0001,0.0018727670859334503
0.17769442360590149,0.0001,0.0018718307024099955
0.17774443610902727,0.0001,0.0018708947870782933
0.17779444861215304,0.0001,0.001869959339704247
0.17784446111527882,0.0001,0.001869024360053878
0.1778944736184046,0.0001,0.0018680898478933249
0.1779444861215304,0.0001,0.001867155802988842
0.1779944986246562,0.0001,0.001866222225106802
0.17804451112778197,0.0001,0.001865289114013693
0.17809452363090775,0.0001,0.0018643564694761207
0.17814453613403353,0.0001,0.0018634242912608076
0.1781945486371593,0.0001,0.0018624925791345924
0.17824456114028508,0.0001,0.0018615613328644303
0.17829457364341086,0.0001,0.0018606305522173938
0.17834458614653664,0.0001,0.0018597002369606713
0.17839459864966242,0.0001,0.0018587703868615673
0.1784446111527882,0.0001,0.001857841001687503
0.17849462365591398,0.0001,0.0018569120812060164
0.17854463615903976,0.0001,0.0018559836251847608
0.17859464866216557,0.0001,0.0018550556333915055
0.17864466116529135,0.0001,0.0018541281055941374
0.17869467366841713,0.0001,0.0018532010415606586
0.1787446861715429,0.0001,0.0018522744410591865
0.17879469867466868,0.0001,0.001851348303857956
0.17884471117779446,0.0001,0.0018504226297253164
0.17889472368092024,0.0001,0.0018494974184297334
0.17894473618404602,0.0001,0.0018485726697397885
0.1789947486871718,0.0001,0.001847648383424179
0.17904476119029758,0.0001,0.001846724559251718
0.17909477369342336,0.0001,0.0018458011969913334
0.17914478619654914,0.0001,0.0018448782964120693
0.17919479869967495,0.0001,0.001843955857283085
0.17924481120280072,0.0001,0.0018430338793736557
0.1792948237059265,0.0001,0.0018421123624531718
0.17934483620905228,0.0001,0.0018411913062911381
0.17939484871217806,0.0001,0.0018402707106571763
0.17944486121530384,0.0001,0.0018393505753210217
0.17949487371842962,0.0001,0.0018384309000525258
0.1795448862215554,0.0001,0.0018375116846216539
0.17959489872468118,0.0001,0.0018365929287984884
0.17964491122780696,0.0001,0.0018356746323532247
0.17969492373093274,0.0001,0.001834756795056174
0.17974493623405852,0.0001,0.001833839416677762
0.17979494873718432,0.0001,0.00183292249698853
0.1798449612403101,0.0001,0.001832006035759133
0.17989497374343588,0.0001,0.0018310900327603414
0.17994498624656166,0.0001,0.0018301744877630398
0.17999499874968744,0.0001,0.0018292594005382273
0.18004501125281322,0.0001,0.0018283447708570177
0.180095023755939,0.0001,0.001827430598490639
0.18014503625906478,0.0001,0.0018265168832104343
0.18019504876219056,0.0001,0.00182560362478786
0.18024506126531634,0.0001,0.001824690822994487
0.18029507376844212,0.0001,0.0018237784776020014
0.1803450862715679,0.0001,0.001822866588382203
0.18039509877469367,0.0001,0.0018219551551070046
0.18044511127781948,0.0001,0.001821044177548434
0.18049512378094526,0.0001,0.0018201336554786336
0.18054513628407104,0.0001,0.0018192235886698583
0.18059514878719682,0.0001,0.0018183139768944776
0.1806451612903226,0.0001,0.0018174048199249752
0.18069517379344838,0.0001,0.0018164961175339484
0.18074518629657416,0.0001,0.0018155878694941074
0.18079519879969994,0.0001,0.0018146800755782769
0.18084521130282571,0.0001,0.0018137727355593946
0.1808952238059515,0.0001,0.0018128658492105125
0.18094523630907727,0.0001,0.0018119594163047952
0.18099524881220305,0.0001,0.0018110534366155213
0.18104526131532886,0.0001,0.0018101479099160824
0.18109527381845464,0.0001,0.001809242835979984
0.18114528632158042,0.0001,0.0018083382145808447
0.1811952988247062,0.0001,0.0018074340454923958
0.18124531132783198,0.0001,0.0018065303284884814
0.18129532383095776,0.0001,0.0018056270633430595
0.18134533633408353,0.0001,0.0018047242498302008
0.1813953488372093,0.0001,0.0018038218877240893
0.1814453613403351,0.0001,0.0018029199767990215
0.18149537384346087,0.0001,0.001802018516829407
0.18154538634658665,0.0001,0.0018011175075897678
0.18159539884971243,0.0001,0.001800216948854739
0.18164541135283824,0.0001,0.001799316840399068
0.18169542385596402,0.0001,0.001798417181997616
0.1817454363590898,0.0001,0.001797517973425355
0.18179544886221558,0.0001,0.0017966192144573709
0.18184546136534135,0.0001,0.0017957209048688613
0.18189547386846713,0.0001,0.0017948230444351364
0.1819454863715929,0.0001,0.0017939256329316193
0.1819954988747187,0.0001,0.0017930286701338444
0.18204551137784447,0.0001,0.0017921321558174586
0.18209552388097025,0.0001,0.0017912360897582229
0.18214553638409603,0.0001,0.0017903404717320064
0.1821955488872218,0.0001,0.001789445301514794
0.1822455613903476,0.0001,0.0017885505788826808
0.1822955738934734,0.0001,0.0017876563036118745
0.18234558639659917,0.0001,0.0017867624754786943
0.18239559889972495,0.0001,0.0017858690942595713
0.18244561140285073,0.0001,0.0017849761597310485
0.1824956239059765,0.0001,0.0017840836716697809
0.1825456364091023,0.0001,0.0017831916298525344
0.18259564891222807,0.0001,0.0017823000340561872
0.18264566141535385,0.0001,0.0017814088840577289
0.18269567391847963,0.0001,0.0017805181796342608
0.1827456864216054,0.0001,0.0017796279205629952
0.1827956989247312,0.0001,0.001778738106621256
0.18284571142785697,0.0001,0.0017778487375864783
0.18289572393098277,0.0001,0.0017769598132362089
0.18294573643410855,0.0001,0.0017760713333481051
0.18299574893723433,0.0001,0.0017751832976999362
0.1830457614403601,0.0001,0.001774295706069582
0.1830957739434859,0.0001,0.001773408558235034
0.18314578644661167,0.0001,0.0017725218539743942
0.18319579894973745,0.0001,0.0017716355930658752
0.18324581145286323,0.0001,0.0017707497752878013
0.183295823955989,0.0001,0.0017698644004186072
0.18334583645911479,0.0001,0.0017689794682368386
0.18339584896224057,0.0001,0.0017680949785211513
0.18344586146536634,0.0001,0.0017672109310503125
0.18349587396849212,0.0001,0.0017663273256032003
0.18354588647161793,0.0001,0.001765444161958802
0.1835958989747437,0.0001,0.0017645614398962169
0.1836459114778695,0.0001,0.0017636791591946538
0.18369592398099527,0.0001,0.0017627973196334321
0.18374593648412105,0.0001,0.0017619159209919816
0.18379594898724683,0.0001,0.0017610349630498433
0.1838459614903726,0.0001,0.0017601544455866666
0.18389597399349839,0.0001,0.001759274368382213
0.18394598649662416,0.0001,0.0017583947312163524
0.18399599899974994,0.0001,0.0017575155338690651
0.18404601150287572,0.0001,0.0017566367761204429
0.1840960240060015,0.0001,0.0017557584577506853
0.1841460365091273,0.0001,0.0017548805785401037
0.1841960490122531,0.0001,0.0017540031382691182
0.18424606151537887,0.0001,0.001753126136718259
0.18429607401850465,0.0001,0.001752249573668166
0.18434608652163043,0.0001,0.0017513734488995882
0.1843960990247562,0.0001,0.001750497762193386
0.18444611152788198,0.0001,0.0017496225133305275
0.18449612403100776,0.0001,0.0017487477020920916
0.18454613653413354,0.0001,0.0017478733282592655
0.18459614903725932,0.0001,0.001746999391613347
0.1846461615403851,0.0001,0.001746125891935742
0.18469617404351088,0.0001,0.0017452528290079672
0.1847461865466367,0.0001,0.0017443802026116467
0.18479619904976247,0.0001,0.0017435080125285157
0.18484621155288825,0.0001,0.0017426362585404175
0.18489622405601402,0.0001,0.0017417649404293035
0.1849462365591398,0.0001,0.0017408940579772363
0.18499624906226558,0.0001,0.001740023610966386
0.18504626156539136,0.0001,0.0017391535991790321
0.18509627406851714,0.0001,0.0017382840223975626
0.18514628657164292,0.0001,0.001737414880404475
0.1851962990747687,0.0001,0.0017365461729823752
0.18524631157789448,0.0001,0.001735677899913977
0.18529632408102026,0.0001,0.001734810060982104
0.18534633658414604,0.0001,0.0017339426559696881
0.18539634908727184,0.0001,0.0017330756846597691
0.18544636159039762,0.0001,0.001732209146835496
0.1854963740935234,0.0001,0.001731343042280126
0.18554638659664918,0.0001,0.0017304773707770248
0.18559639909977496,0.0001,0.001729612132109666
0.18564641160290074,0.0001,0.0017287473260616322
0.18569642410602652,0.0001,0.0017278829524166133
0.1857464366091523,0.0001,0.001727019010958408
0.18579644911227808,0.0001,0.0017261555014709226
0.18584646161540386,0.0001,0.001725292423738172
0.18589647411852964,0.0001,0.0017244297775442785
0.18594648662165542,0.0001,0.0017235675626734734
0.18599649912478122,0.0001,0.0017227057789100946
0.186046511627907,0.0001,0.0017218444260385887
0.18609652413103278,0.0001,0.0017209835038435094
0.18614653663415856,0.0001,0.001720123012109519
0.18619654913728434,0.0001,0.0017192629506213861
0.18624656164041012,0.0001,0.0017184033191639885
0.1862965741435359,0.0001,0.0017175441175223103
0.18634658664666168,0.0001,0.001716685345481444
0.18639659914978746,0.0001,0.001715827002826589
0.18644661165291324,0.0001,0.001714969089343053
0.18649662415603901,0.0001,0.00171411160481625
0.1865466366591648,0.0001,0.0017132545490317014
0.1865966491622906,0.0001,0.001712397921775036
0.18664666166541638,0.0001,0.00171154172283199
0.18669667416854216,0.0001,0.0017106859519884065
0.18674668667166794,0.0001,0.0017098306090302363
0.18679669917479372,0.0001,0.0017089756937435359
0.1868467116779195,0.0001,0.0017081212059144699
0.18689672418104528,0.0001,0.0017072671453293093
0.18694673668417106,0.0001,0.0017064135117744327
0.18699674918729683,0.0001,0.0017055603050363246
0.1870467616904226,0.0001,0.0017047075249015766
0.1870967741935484,0.0001,0.0017038551711568868
0.18714678669667417,0.0001,0.0017030032435890608
0.18719679919979995,0.0001,0.0017021517419850097
0.18724681170292576,0.0001,0.001701300666131752
0.18729682420605154,0.0001,0.0017004500158164123
0.18734683670917732,0.0001,0.0016995997908262211
0.1873968492123031,0.0001,0.0016987499909485162
0.18744686171542888,0.0001,0.001697900615970741
0.18749687421855465,0.0001,0.001697051665680446
0.18754688672168043,0.0001,0.0016962031398652876
0.1875968992248062,0.0001,0.0016953550383130276
0.187646911727932,0.0001,0.0016945073608115348
0.18769692423105777,0.0001,0.0016936601071487845
0.18774693673418355,0.0001,0.0016928132771128568
0.18779694923730933,0.0001,0.0016919668704919383
0.18784696174043514,0.0001,0.001691120887074321
0.18789697424356092,0.0001,0.001690275326648404
0.1879469867466867,0.0001,0.0016894301890026911
0.18799699924981247,0.0001,0.0016885854739257919
0.18804701175293825,0.0001,0.001687741181206422
0.18809702425606403,0.0001,0.0016868973106334035
0.1881470367591898,0.0001,0.0016860538619956626
0.1881970492623156,0.0001,0.001685210835082232
0.18824706176544137,0.0001,0.001684368229682249
0.18829707426856715,0.0001,0.0016835260455849575
0.18834708677169293,0.0001,0.0016826842825797056
0.1883970992748187,0.0001,0.0016818429404559477
0.1884471117779445,0.0001,0.0016810020190032432
0.1884971242810703,0.0001,0.0016801615180112557
0.18854713678419607,0.0001,0.0016793214372697555
0.18859714928732185,0.0001,0.0016784817765686177
0.18864716179044763,0.0001,0.0016776425356978214
0.1886971742935734,0.0001,0.0016768037144474519
0.1887471867966992,0.0001,0.0016759653126076986
0.18879719929982497,0.0001,0.0016751273299688567
0.18884721180295075,0.0001,0.0016742897663213254
0.18889722430607653,0.0001,0.0016734526214556087
0.1889472368092023,0.0001,0.0016726158951623166
0.18899724931232809,0.0001,0.0016717795872321622
0.18904726181545387,0.0001,0.0016709436974559645
0.18909727431857967,0.0001,0.0016701082256246464
0.18914728682170545,0.0001,0.0016692731715292348
0.18919729932483123,0.0001,0.0016684385349608622
0.189247311827957,0.0001,0.0016676043157107653
0.1892973243310828,0.0001,0.0016667705135702848
0.18934733683420857,0.0001,0.0016659371283308658
0.18939734933733435,0.0001,0.0016651041597840574
0.18944736184046013,0.0001,0.0016642716077215143
0.1894973743435859,0.0001,0.0016634394719349938
0.18954738684671169,0.0001,0.0016626077522163575
0.18959739934983746,0.0001,0.001661776448357572
0.18964741185296324,0.0001,0.0016609455601507071
0.18969742435608905,0.0001,0.0016601150873879371
0.18974743685921483,0.0001,0.0016592850298615396
0.1897974493623406,0.0001,0.0016584553873638971
0.1898474618654664,0.0001,0.0016576261596874945
0.18989747436859217,0.0001,0.0016567973466249217
0.18994748687171795,0.0001,0.0016559689479688712
0.18999749937484373,0.0001,0.0016551409635121406
0.1900475118779695,0.0001,0.0016543133930476293
0.19009752438109528,0.0001,0.001653486236368342
0.19014753688422106,0.0001,0.0016526594932673854
0.19019754938734684,0.0001,0.0016518331635379706
0.19024756189047262,0.0001,0.001651007246973412
0.1902975743935984,0.0001,0.001650181743367127
0.1903475868967242,0.0001,0.0016493566525126368
0.19039759939985,0.0001,0.001648531974203565
0.19044761190297577,0.0001,0.001647707708233639
0.19049762440610155,0.0001,0.0016468838543966893
0.19054763690922732,0.0001,0.0016460604124866496
0.1905976494123531,0.0001,0.0016452373822975564
0.19064766191547888,0.0001,0.0016444147636235492
0.19069767441860466,0.0001,0.0016435925562588703
0.19074768692173044,0.0001,0.0016427707599978656
0.19079769942485622,0.0001,0.0016419493746349827
0.190847711927982,0.0001,0.0016411283999647724
0.19089772443110778,0.0001,0.001640307835781889
0.1909477369342336,0.0001,0.001639487681881088
0.19099774943735937,0.0001,0.0016386679380572295
0.19104776194048514,0.0001,0.0016378486041052744
0.19109777444361092,0.0001,0.0016370296798202868
0.1911477869467367,0.0001,0.0016362111649974329
0.19119779944986248,0.0001,0.001635393059431982
0.19124781195298826,0.0001,0.0016345753629193056
0.19129782445611404,0.0001,0.0016337580752548771
0.19134783695923982,0.0001,0.0016329411962342723
0.1913978494623656,0.0001,0.0016321247256531688
0.19144786196549138,0.0001,0.0016313086633073476
0.19149787446861716,0.0001,0.0016304930089926907
0.19154788697174296,0.0001,0.0016296777625051829
0.19159789947486874,0.0001,0.0016288629236409103
0.19164791197799452,0.0001,0.001628048492196061
0.1916979244811203,0.0001,0.0016272344679669258
0.19174793698424608,0.0001,0.001626420850749897
0.19179794948737186,0.0001,0.0016256076403414678
0.19184796199049764,0.0001,0.0016247948365382342
0.19189797449362342,0.0001,0.0016239824391368937
0.1919479869967492,0.0001,0.0016231704479342452
0.19199799949987498,0.0001,0.0016223588627271898
0.19204801200300076,0.0001,0.0016215476833127292
0.19209802450612654,0.0001,0.0016207369094879678
0.19214803700925231,0.0001,0.0016199265410501104
0.19219804951237812,0.0001,0.0016191165777964635
0.1922480620155039,0.0001,0.0016183070195244346
0.19229807451862968,0.0001,0.0016174978660315337
0.19234808702175546,0.0001,0.0016166891171153705
0.19239809952488124,0.0001,0.0016158807725736568
0.19244811202800702,0.0001,0.0016150728322042057
0.1924981245311328,0.0001,0.0016142652958049313
0.19254813703425858,0.0001,0.001613458163173848
0.19259814953738436,0.0001,0.0016126514341090717
0.19264816204051013,0.0001,0.0016118451084088192
0.19269817454363591,0.0001,0.0016110391858714086
0.1927481870467617,0.0001,0.0016102336662952587
0.1927981995498875,0.0001,0.0016094285494788882
0.19284821205301328,0.0001,0.0016086238352209172
0.19289822455613906,0.0001,0.0016078195233200669
0.19294823705926484,0.0001,0.0016070156135751586
0.19299824956239062,0.0001,0.001606212105785114
0.1930482620655164,0.0001,0.0016054089997489568
0.19309827456864218,0.0001,0.0016046062952658092
0.19314828707176795,0.0001,0.0016038039921348944
0.19319829957489373,0.0001,0.001603002090155537
0.1932483120780195,0.0001,0.0016022005891271611
0.1932983245811453,0.0001,0.0016013994888492906
0.19334833708427107,0.0001,0.0016005987891215508
0.19339834958739685,0.0001,0.0015997984897436668
0.19344836209052266,0.0001,0.001598998590515463
0.19349837459364844,0.0001,0.0015981990912368653
0.19354838709677422,0.0001,0.0015973999917078983
0.1935983995999,0.0001,0.0015966012917286879
0.19364841210302577,0.0001,0.0015958029910994585
0.19369842460615155,0.0001,0.0015950050896205354
0.19374843710927733,0.0001,0.0015942075870923438
0.1937984496124031,0.0001,0.0015934104833154078
0.1938484621155289,0.0001,0.0015926137780903522
0.19389847461865467,0.0001,0.001591817471217901
0.19394848712178045,0.0001,0.0015910215624988773
0.19399849962490623,0.0001,0.0015902260517342047
0.19404851212803204,0.0001,0.0015894309387249064
0.19409852463115781,0.0001,0.0015886362232721044
0.1941485371342836,0.0001,0.0015878419051770206
0.19419854963740937,0.0001,0.0015870479842409757
0.19424856214053515,0.0001,0.0015862544602653905
0.19429857464366093,0.0001,0.0015854613330517848
0.1943485871467867,0.0001,0.0015846686024017778
0.1943985996499125,0.0001,0.0015838762681170875
0.19444861215303827,0.0001,0.0015830843299995314
0.19449862465616405,0.0001,0.0015822927878510259
0.19454863715928983,0.0001,0.0015815016414735862
0.1945986496624156,0.0001,0.0015807108906693268
0.19464866216554141,0.0001,0.0015799205352404618
0.1946986746686672,0.0001,0.0015791305749893025
0.19474868717179297,0.0001,0.001578341009718261
0.19479869967491875,0.0001,0.0015775518392298466
0.19484871217804453,0.0001,0.001576763063326668
0.1948987246811703,0.0001,0.0015759746818114332
0.1949487371842961,0.0001,0.0015751866944869475
0.19499874968742187,0.0001,0.0015743991011561158
0.19504876219054765,0.0001,0.0015736119016219415
0.19509877469367343,0.0001,0.0015728250956875262
0.1951487871967992,0.0001,0.0015720386831560697
0.19519879969992499,0.0001,0.0015712526638308705
0.19524881220305076,0.0001,0.0015704670375153262
0.19529882470617657,0.0001,0.0015696818040129314
0.19534883720930235,0.0001,0.0015688969631272797
0.19539884971242813,0.0001,0.0015681125146620625
0.1954488622155539,0.0001,0.0015673284584210698
0.1954988747186797,0.0001,0.001566544794208189
0.19554888722180547,0.0001,0.0015657615218274065
0.19559889972493125,0.0001,0.0015649786410828067
0.19564891222805703,0.0001,0.0015641961517785705
0.1956989247311828,0.0001,0.0015634140537189784
0.19574893723430858,0.0001,0.001562632346708408
0.19579894973743436,0.0001,0.0015618510305513346
0.19584896224056014,0.0001,0.0015610701050523318
0.19589897474368595,0.0001,0.0015602895700160704
0.19594898724681173,0.0001,0.0015595094252473189
0.1959989997499375,0.0001,0.0015587296705509438
0.1960490122530633,0.0001,0.001557950305731909
0.19609902475618907,0.0001,0.0015571713305952755
0.19614903725931485,0.0001,0.0015563927449462021
0.19619904976244062,0.0001,0.0015556145485899453
0.1962490622655664,0.0001,0.0015548367413318583
0.19629907476869218,0.0001,0.0015540593229773924
0.19634908727181796,0.0001,0.0015532822933320956
0.19639909977494374,0.0001,0.0015525056522016135
0.19644911227806952,0.0001,0.001551729399391688
0.19649912478119533,0.0001,0.00155095353470816
0.1965491372843211,0.0001,0.0015501780579569651
0.1965991497874469,0.0001,0.001549402968944138
0.19664916229057267,0.0001,0.0015486282674758093
0.19669917479369844,0.0001,0.0015478539533582063
0.19674918729682422,0.0001,0.0015470800263976542
0.19679919979995,0.0001,0.0015463064864005744
0.19684921230307578,0.0001,0.001545533333173485
0.19689922480620156,0.0001,0.0015447605665230013
0.19694923730932734,0.0001,0.0015439881862558346
0.19699924981245312,0.0001,0.0015432161921787937
0.1970492623155789,0.0001,0.0015424445840987828
0.19709927481870468,0.0001,0.001541673361822804
0.19714928732183049,0.0001,0.0015409025251579551
0.19719929982495626,0.0001,0.0015401320739114304
0.19724931232808204,0.0001,0.0015393620078905214
0.19729932483120782,0.0001,0.0015385923269026149
0.1973493373343336,0.0001,0.0015378230307551942
0.19739934983745938,0.0001,0.001537054119255839
0.19744936234058516,0.0001,0.001536285592212226
0.19749937484371094,0.0001,0.0015355174494321264
0.19754938734683672,0.0001,0.0015347496907234088
0.1975993998499625,0.0001,0.0015339823158940374
0.19764941235308828,0.0001,0.0015332153247520732
0.19769942485621406,0.0001,0.0015324487171056718
0.19774943735933986,0.0001,0.0015316824927630857
0.19779944986246564,0.0001,0.0015309166515326627
0.19784946236559142,0.0001,0.001530151193222847
0.1978994748687172,0.0001,0.0015293861176421783
0.19794948737184298,0.0001,0.0015286214245992921
0.19799949987496876,0.0001,0.001527857113902919
0.19804951237809454,0.0001,0.0015270931853618862
0.19809952488122032,0.0001,0.0015263296387851163
0.1981495373843461,0.0001,0.0015255664739816266
0.19819954988747188,0.0001,0.0015248036907605307
0.19824956239059766,0.0001,0.0015240412889310374
0.19829957489372343,0.0001,0.0015232792683024508
0.19834958739684921,0.0001,0.0015225176286841706
0.19839959989997502,0.0001,0.001521756369885692
0.1984496124031008,0.0001,0.0015209954917166043
0.19849962490622658,0.0001,0.001520234993986593
0.19854963740935236,0.0001,0.0015194748765054392
0.19859964991247814,0.0001,0.001518715139083018
0.19864966241560392,0.0001,0.0015179557815293001
0.1986996749187297,0.0001,0.0015171968036543514
0.19874968742185548,0.0001,0.001516438205268332
0.19879969992498125,0.0001,0.0015156799861814976
0.19884971242810703,0.0001,0.001514922146204199
0.1988997249312328,0.0001,0.0015141646851468812
0.1989497374343586,0.0001,0.0015134076028200838
0.1989997499374844,0.0001,0.0015126508990344414
0.19904976244061018,0.0001,0.0015118945736006843
0.19909977494373596,0.0001,0.0015111386263296361
0.19914978744686174,0.0001,0.0015103830570322159
0.19919979994998752,0.0001,0.0015096278655194364
0.1992498124531133,0.0001,0.0015088730516024053
0.19929982495623907,0.0001,0.0015081186150923249
0.19934983745936485,0.0001,0.001507364555800491
0.19939984996249063,0.0001,0.0015066108735382962
0.1994498624656164,0.0001,0.0015058575681172245
0.1994998749687422,0.0001,0.001505104639348855
0.19954988747186797,0.0001,0.0015043520870448625
0.19959989997499378,0.0001,0.0015035999110170138
0.19964991247811956,0.0001,0.001502848111077171
0.19969992498124534,0.0001,0.0015020966870372908
0.19974993748437112,0.0001,0.0015013456387094224
0.1997999499874969,0.0001,0.0015005949659057105
0.19984996249062267,0.0001,0.0014998446684383923
0.19989997499374845,0.0001,0.0014990947461198006
0.19994998749687423,0.0001,0.0014983451987623598
0.2,0.0001,0.0014975960261785902
